Subject,Fold,Model,Accuracy
sub-1,sub-1_sub-11_sub-28_sub-41_sub-45_sub-47,KNN,0.7259
sub-1,sub-1_sub-11_sub-28_sub-41_sub-45_sub-47,XGBoost,0.5376
sub-1,sub-1_sub-11_sub-28_sub-41_sub-45_sub-47,SVM,0.7310
sub-1,sub-1_sub-11_sub-28_sub-41_sub-45_sub-47,MLP_(Neural_Network),0.5650
sub-1,sub-1_sub-6_sub-35_sub-44_sub-61_sub-64,KNN,0.6241
sub-1,sub-1_sub-6_sub-35_sub-44_sub-61_sub-64,XGBoost,0.5610
sub-1,sub-1_sub-6_sub-35_sub-44_sub-61_sub-64,SVM,0.6825
sub-1,sub-1_sub-6_sub-35_sub-44_sub-61_sub-64,MLP_(Neural_Network),0.6489
sub-2,sub-2_sub-6_sub-14_sub-44_sub-53_sub-56,KNN,0.6457
sub-2,sub-2_sub-6_sub-14_sub-44_sub-53_sub-56,XGBoost,0.5728
sub-2,sub-2_sub-6_sub-14_sub-44_sub-53_sub-56,SVM,0.7055
sub-2,sub-2_sub-6_sub-14_sub-44_sub-53_sub-56,MLP_(Neural_Network),0.6714
sub-2,sub-2_sub-15_sub-36_sub-37_sub-44_sub-55,KNN,0.6353
sub-2,sub-2_sub-15_sub-36_sub-37_sub-44_sub-55,XGBoost,0.6789
sub-2,sub-2_sub-15_sub-36_sub-37_sub-44_sub-55,SVM,0.6332
sub-2,sub-2_sub-15_sub-36_sub-37_sub-44_sub-55,MLP_(Neural_Network),0.7434
sub-2,sub-2_sub-8_sub-18_sub-41_sub-44_sub-60,KNN,0.7155
sub-2,sub-2_sub-8_sub-18_sub-41_sub-44_sub-60,XGBoost,0.6540
sub-2,sub-2_sub-8_sub-18_sub-41_sub-44_sub-60,SVM,0.6914
sub-2,sub-2_sub-8_sub-18_sub-41_sub-44_sub-60,MLP_(Neural_Network),0.6841
sub-2,sub-2_sub-13_sub-36_sub-54_sub-57_sub-59,KNN,0.6191
sub-2,sub-2_sub-13_sub-36_sub-54_sub-57_sub-59,XGBoost,0.5274
sub-2,sub-2_sub-13_sub-36_sub-54_sub-57_sub-59,SVM,0.6500
sub-2,sub-2_sub-13_sub-36_sub-54_sub-57_sub-59,MLP_(Neural_Network),0.6364
sub-2,sub-2_sub-8_sub-32_sub-48_sub-63_sub-65,KNN,0.6251
sub-2,sub-2_sub-8_sub-32_sub-48_sub-63_sub-65,XGBoost,0.6954
sub-2,sub-2_sub-8_sub-32_sub-48_sub-63_sub-65,SVM,0.5375
sub-2,sub-2_sub-8_sub-32_sub-48_sub-63_sub-65,MLP_(Neural_Network),0.7488
sub-3,sub-3_sub-17_sub-23_sub-51_sub-54_sub-60,KNN,0.6994
sub-3,sub-3_sub-17_sub-23_sub-51_sub-54_sub-60,XGBoost,0.7366
sub-3,sub-3_sub-17_sub-23_sub-51_sub-54_sub-60,SVM,0.6837
sub-3,sub-3_sub-17_sub-23_sub-51_sub-54_sub-60,MLP_(Neural_Network),0.6949
sub-3,sub-3_sub-15_sub-21_sub-39_sub-45_sub-49,KNN,0.6704
sub-3,sub-3_sub-15_sub-21_sub-39_sub-45_sub-49,XGBoost,0.7184
sub-3,sub-3_sub-15_sub-21_sub-39_sub-45_sub-49,SVM,0.6604
sub-3,sub-3_sub-15_sub-21_sub-39_sub-45_sub-49,MLP_(Neural_Network),0.7667
sub-4,sub-4_sub-6_sub-8_sub-41_sub-42_sub-57,KNN,0.6903
sub-4,sub-4_sub-6_sub-8_sub-41_sub-42_sub-57,XGBoost,0.7087
sub-4,sub-4_sub-6_sub-8_sub-41_sub-42_sub-57,SVM,0.7960
sub-4,sub-4_sub-16_sub-20_sub-44_sub-55_sub-65,KNN,0.6780
sub-4,sub-4_sub-16_sub-20_sub-44_sub-55_sub-65,XGBoost,0.7836
sub-4,sub-4_sub-16_sub-20_sub-44_sub-55_sub-65,SVM,0.6722
sub-4,sub-4_sub-16_sub-20_sub-44_sub-55_sub-65,MLP_(Neural_Network),0.8260
sub-4,sub-4_sub-11_sub-26_sub-37_sub-45_sub-49,KNN,0.7288
sub-4,sub-4_sub-11_sub-26_sub-37_sub-45_sub-49,XGBoost,0.7933
sub-4,sub-4_sub-11_sub-26_sub-37_sub-45_sub-49,SVM,0.6743
sub-4,sub-4_sub-11_sub-26_sub-37_sub-45_sub-49,MLP_(Neural_Network),0.7947
sub-4,sub-4_sub-5_sub-15_sub-38_sub-39_sub-65,KNN,0.7058
sub-4,sub-4_sub-5_sub-15_sub-38_sub-39_sub-65,XGBoost,0.6674
sub-4,sub-4_sub-5_sub-15_sub-38_sub-39_sub-65,SVM,0.6142
sub-4,sub-4_sub-5_sub-15_sub-38_sub-39_sub-65,MLP_(Neural_Network),0.7744
sub-4,sub-4_sub-7_sub-26_sub-47_sub-60_sub-62,KNN,0.8264
sub-4,sub-4_sub-7_sub-26_sub-47_sub-60_sub-62,XGBoost,0.8608
sub-4,sub-4_sub-7_sub-26_sub-47_sub-60_sub-62,SVM,0.6926
sub-4,sub-4_sub-7_sub-26_sub-47_sub-60_sub-62,MLP_(Neural_Network),0.8781
sub-5,sub-5_sub-6_sub-32_sub-41_sub-54_sub-61,KNN,0.6284
sub-5,sub-5_sub-6_sub-32_sub-41_sub-54_sub-61,XGBoost,0.5736
sub-5,sub-5_sub-6_sub-32_sub-41_sub-54_sub-61,SVM,0.5382
sub-5,sub-5_sub-6_sub-32_sub-41_sub-54_sub-61,MLP_(Neural_Network),0.6173
sub-5,sub-4_sub-5_sub-15_sub-38_sub-39_sub-65,KNN,0.7058
sub-5,sub-4_sub-5_sub-15_sub-38_sub-39_sub-65,XGBoost,0.6674
sub-5,sub-4_sub-5_sub-15_sub-38_sub-39_sub-65,SVM,0.6142
sub-5,sub-4_sub-5_sub-15_sub-38_sub-39_sub-65,MLP_(Neural_Network),0.7744
sub-5,sub-5_sub-25_sub-28_sub-49_sub-51_sub-56,KNN,0.6455
sub-5,sub-5_sub-25_sub-28_sub-49_sub-51_sub-56,XGBoost,0.6042
sub-5,sub-5_sub-25_sub-28_sub-49_sub-51_sub-56,SVM,0.6511
sub-5,sub-5_sub-25_sub-28_sub-49_sub-51_sub-56,MLP_(Neural_Network),0.6127
sub-5,sub-5_sub-13_sub-24_sub-38_sub-44_sub-58,KNN,0.7665
sub-5,sub-5_sub-13_sub-24_sub-38_sub-44_sub-58,XGBoost,0.6792
sub-5,sub-5_sub-13_sub-24_sub-38_sub-44_sub-58,SVM,0.6747
sub-5,sub-5_sub-13_sub-24_sub-38_sub-44_sub-58,MLP_(Neural_Network),0.7267
sub-5,sub-5_sub-29_sub-36_sub-38_sub-40_sub-57,KNN,0.6599
sub-5,sub-5_sub-29_sub-36_sub-38_sub-40_sub-57,XGBoost,0.6557
sub-5,sub-5_sub-29_sub-36_sub-38_sub-40_sub-57,SVM,0.6375
sub-5,sub-5_sub-29_sub-36_sub-38_sub-40_sub-57,MLP_(Neural_Network),0.7269
sub-5,sub-5_sub-22_sub-33_sub-44_sub-45_sub-58,KNN,0.6331
sub-5,sub-5_sub-22_sub-33_sub-44_sub-45_sub-58,XGBoost,0.5998
sub-5,sub-5_sub-22_sub-33_sub-44_sub-45_sub-58,SVM,0.6401
sub-5,sub-5_sub-11_sub-18_sub-44_sub-54_sub-60,KNN,0.7342
sub-5,sub-5_sub-11_sub-18_sub-44_sub-54_sub-60,XGBoost,0.6961
sub-5,sub-5_sub-11_sub-18_sub-44_sub-54_sub-60,SVM,0.7474
sub-5,sub-5_sub-11_sub-18_sub-44_sub-54_sub-60,MLP_(Neural_Network),0.7425
sub-6,sub-2_sub-6_sub-14_sub-44_sub-53_sub-56,KNN,0.6457
sub-6,sub-2_sub-6_sub-14_sub-44_sub-53_sub-56,XGBoost,0.5728
sub-6,sub-2_sub-6_sub-14_sub-44_sub-53_sub-56,SVM,0.7055
sub-6,sub-2_sub-6_sub-14_sub-44_sub-53_sub-56,MLP_(Neural_Network),0.6714
sub-6,sub-6_sub-15_sub-19_sub-40_sub-49_sub-64,KNN,0.6643
sub-6,sub-6_sub-15_sub-19_sub-40_sub-49_sub-64,XGBoost,0.8132
sub-6,sub-6_sub-15_sub-19_sub-40_sub-49_sub-64,SVM,0.7608
sub-6,sub-4_sub-6_sub-8_sub-41_sub-42_sub-57,KNN,0.6903
sub-6,sub-4_sub-6_sub-8_sub-41_sub-42_sub-57,XGBoost,0.7087
sub-6,sub-4_sub-6_sub-8_sub-41_sub-42_sub-57,SVM,0.7960
sub-6,sub-5_sub-6_sub-32_sub-41_sub-54_sub-61,KNN,0.6284
sub-6,sub-5_sub-6_sub-32_sub-41_sub-54_sub-61,XGBoost,0.5736
sub-6,sub-5_sub-6_sub-32_sub-41_sub-54_sub-61,SVM,0.5382
sub-6,sub-5_sub-6_sub-32_sub-41_sub-54_sub-61,MLP_(Neural_Network),0.6173
sub-6,sub-6_sub-7_sub-35_sub-38_sub-50_sub-55,KNN,0.6303
sub-6,sub-6_sub-7_sub-35_sub-38_sub-50_sub-55,XGBoost,0.6556
sub-6,sub-6_sub-7_sub-35_sub-38_sub-50_sub-55,SVM,0.5391
sub-6,sub-6_sub-7_sub-35_sub-38_sub-50_sub-55,MLP_(Neural_Network),0.6420
sub-6,sub-6_sub-8_sub-25_sub-46_sub-54_sub-63,KNN,0.5780
sub-6,sub-6_sub-8_sub-25_sub-46_sub-54_sub-63,XGBoost,0.5649
sub-6,sub-6_sub-8_sub-25_sub-46_sub-54_sub-63,SVM,0.4986
sub-6,sub-6_sub-8_sub-25_sub-46_sub-54_sub-63,MLP_(Neural_Network),0.5265
sub-6,sub-1_sub-6_sub-35_sub-44_sub-61_sub-64,KNN,0.6241
sub-6,sub-1_sub-6_sub-35_sub-44_sub-61_sub-64,XGBoost,0.5610
sub-6,sub-1_sub-6_sub-35_sub-44_sub-61_sub-64,SVM,0.6825
sub-6,sub-1_sub-6_sub-35_sub-44_sub-61_sub-64,MLP_(Neural_Network),0.6489
sub-7,sub-7_sub-14_sub-22_sub-39_sub-40_sub-49,KNN,0.7745
sub-7,sub-7_sub-14_sub-22_sub-39_sub-40_sub-49,XGBoost,0.7630
sub-7,sub-7_sub-14_sub-22_sub-39_sub-40_sub-49,SVM,0.8364
sub-7,sub-6_sub-7_sub-35_sub-38_sub-50_sub-55,KNN,0.6303
sub-7,sub-6_sub-7_sub-35_sub-38_sub-50_sub-55,XGBoost,0.6556
sub-7,sub-6_sub-7_sub-35_sub-38_sub-50_sub-55,SVM,0.5391
sub-7,sub-6_sub-7_sub-35_sub-38_sub-50_sub-55,MLP_(Neural_Network),0.6420
sub-7,sub-7_sub-13_sub-16_sub-43_sub-51_sub-54,KNN,0.6555
sub-7,sub-7_sub-13_sub-16_sub-43_sub-51_sub-54,XGBoost,0.6484
sub-7,sub-7_sub-13_sub-16_sub-43_sub-51_sub-54,SVM,0.6325
sub-7,sub-7_sub-13_sub-16_sub-43_sub-51_sub-54,MLP_(Neural_Network),0.6468
sub-7,sub-4_sub-7_sub-26_sub-47_sub-60_sub-62,KNN,0.8264
sub-7,sub-4_sub-7_sub-26_sub-47_sub-60_sub-62,XGBoost,0.8608
sub-7,sub-4_sub-7_sub-26_sub-47_sub-60_sub-62,SVM,0.6926
sub-7,sub-4_sub-7_sub-26_sub-47_sub-60_sub-62,MLP_(Neural_Network),0.8781
sub-8,sub-4_sub-6_sub-8_sub-41_sub-42_sub-57,KNN,0.6903
sub-8,sub-4_sub-6_sub-8_sub-41_sub-42_sub-57,XGBoost,0.7087
sub-8,sub-4_sub-6_sub-8_sub-41_sub-42_sub-57,SVM,0.7960
sub-8,sub-8_sub-18_sub-35_sub-47_sub-57_sub-61,KNN,0.6951
sub-8,sub-8_sub-18_sub-35_sub-47_sub-57_sub-61,XGBoost,0.7309
sub-8,sub-8_sub-18_sub-35_sub-47_sub-57_sub-61,SVM,0.6638
sub-8,sub-8_sub-18_sub-35_sub-47_sub-57_sub-61,MLP_(Neural_Network),0.7306
sub-8,sub-8_sub-29_sub-34_sub-39_sub-44_sub-47,KNN,0.6524
sub-8,sub-8_sub-29_sub-34_sub-39_sub-44_sub-47,XGBoost,0.6369
sub-8,sub-8_sub-29_sub-34_sub-39_sub-44_sub-47,SVM,0.7596
sub-8,sub-8_sub-29_sub-34_sub-39_sub-44_sub-47,MLP_(Neural_Network),0.7249
sub-8,sub-2_sub-8_sub-18_sub-41_sub-44_sub-60,KNN,0.7155
sub-8,sub-2_sub-8_sub-18_sub-41_sub-44_sub-60,XGBoost,0.6540
sub-8,sub-2_sub-8_sub-18_sub-41_sub-44_sub-60,SVM,0.6914
sub-8,sub-2_sub-8_sub-18_sub-41_sub-44_sub-60,MLP_(Neural_Network),0.6841
sub-8,sub-8_sub-19_sub-28_sub-37_sub-42_sub-51,KNN,0.6938
sub-8,sub-8_sub-19_sub-28_sub-37_sub-42_sub-51,XGBoost,0.6133
sub-8,sub-8_sub-19_sub-28_sub-37_sub-42_sub-51,SVM,0.7123
sub-8,sub-8_sub-19_sub-28_sub-37_sub-42_sub-51,MLP_(Neural_Network),0.7196
sub-8,sub-2_sub-8_sub-32_sub-48_sub-63_sub-65,KNN,0.6251
sub-8,sub-2_sub-8_sub-32_sub-48_sub-63_sub-65,XGBoost,0.6954
sub-8,sub-2_sub-8_sub-32_sub-48_sub-63_sub-65,SVM,0.5375
sub-8,sub-2_sub-8_sub-32_sub-48_sub-63_sub-65,MLP_(Neural_Network),0.7488
sub-8,sub-6_sub-8_sub-25_sub-46_sub-54_sub-63,KNN,0.5780
sub-8,sub-6_sub-8_sub-25_sub-46_sub-54_sub-63,XGBoost,0.5649
sub-8,sub-6_sub-8_sub-25_sub-46_sub-54_sub-63,SVM,0.4986
sub-8,sub-6_sub-8_sub-25_sub-46_sub-54_sub-63,MLP_(Neural_Network),0.5265
sub-9,sub-9_sub-12_sub-28_sub-44_sub-45_sub-51,KNN,0.6456
sub-9,sub-9_sub-12_sub-28_sub-44_sub-45_sub-51,XGBoost,0.4865
sub-9,sub-9_sub-12_sub-28_sub-44_sub-45_sub-51,SVM,0.5879
sub-9,sub-9_sub-31_sub-36_sub-42_sub-45_sub-53,KNN,0.5513
sub-9,sub-9_sub-31_sub-36_sub-42_sub-45_sub-53,XGBoost,0.5783
sub-9,sub-9_sub-31_sub-36_sub-42_sub-45_sub-53,SVM,0.5333
sub-9,sub-9_sub-31_sub-36_sub-42_sub-45_sub-53,MLP_(Neural_Network),0.6375
sub-10,sub-10_sub-32_sub-36_sub-38_sub-43_sub-46,KNN,0.5112
sub-10,sub-10_sub-32_sub-36_sub-38_sub-43_sub-46,XGBoost,0.5181
sub-10,sub-10_sub-32_sub-36_sub-38_sub-43_sub-46,SVM,0.5739
sub-10,sub-10_sub-32_sub-36_sub-38_sub-43_sub-46,MLP_(Neural_Network),0.5309
sub-10,sub-10_sub-17_sub-30_sub-41_sub-44_sub-60,KNN,0.6525
sub-10,sub-10_sub-17_sub-30_sub-41_sub-44_sub-60,XGBoost,0.5990
sub-10,sub-10_sub-17_sub-30_sub-41_sub-44_sub-60,SVM,0.6240
sub-10,sub-10_sub-17_sub-30_sub-41_sub-44_sub-60,MLP_(Neural_Network),0.6861
sub-11,sub-4_sub-11_sub-26_sub-37_sub-45_sub-49,KNN,0.7288
sub-11,sub-4_sub-11_sub-26_sub-37_sub-45_sub-49,XGBoost,0.7933
sub-11,sub-4_sub-11_sub-26_sub-37_sub-45_sub-49,SVM,0.6743
sub-11,sub-4_sub-11_sub-26_sub-37_sub-45_sub-49,MLP_(Neural_Network),0.7947
sub-11,sub-11_sub-25_sub-30_sub-45_sub-57_sub-59,KNN,0.5567
sub-11,sub-11_sub-25_sub-30_sub-45_sub-57_sub-59,XGBoost,0.5586
sub-11,sub-11_sub-25_sub-30_sub-45_sub-57_sub-59,SVM,0.5013
sub-11,sub-11_sub-25_sub-30_sub-45_sub-57_sub-59,MLP_(Neural_Network),0.6892
sub-11,sub-1_sub-11_sub-28_sub-41_sub-45_sub-47,KNN,0.7259
sub-11,sub-1_sub-11_sub-28_sub-41_sub-45_sub-47,XGBoost,0.5376
sub-11,sub-1_sub-11_sub-28_sub-41_sub-45_sub-47,SVM,0.7310
sub-11,sub-1_sub-11_sub-28_sub-41_sub-45_sub-47,MLP_(Neural_Network),0.5650
sub-11,sub-11_sub-34_sub-35_sub-37_sub-47_sub-56,KNN,0.7592
sub-11,sub-11_sub-34_sub-35_sub-37_sub-47_sub-56,XGBoost,0.8053
sub-11,sub-11_sub-34_sub-35_sub-37_sub-47_sub-56,SVM,0.8200
sub-11,sub-11_sub-34_sub-35_sub-37_sub-47_sub-56,MLP_(Neural_Network),0.7791
sub-11,sub-11_sub-27_sub-32_sub-43_sub-52_sub-64,KNN,0.7228
sub-11,sub-11_sub-27_sub-32_sub-43_sub-52_sub-64,XGBoost,0.6855
sub-11,sub-11_sub-27_sub-32_sub-43_sub-52_sub-64,SVM,0.7128
sub-11,sub-11_sub-27_sub-32_sub-43_sub-52_sub-64,MLP_(Neural_Network),0.6921
sub-11,sub-5_sub-11_sub-18_sub-44_sub-54_sub-60,KNN,0.7342
sub-11,sub-5_sub-11_sub-18_sub-44_sub-54_sub-60,XGBoost,0.6961
sub-11,sub-5_sub-11_sub-18_sub-44_sub-54_sub-60,SVM,0.7474
sub-11,sub-5_sub-11_sub-18_sub-44_sub-54_sub-60,MLP_(Neural_Network),0.7425
sub-12,sub-9_sub-12_sub-28_sub-44_sub-45_sub-51,KNN,0.6456
sub-12,sub-9_sub-12_sub-28_sub-44_sub-45_sub-51,XGBoost,0.4865
sub-12,sub-9_sub-12_sub-28_sub-44_sub-45_sub-51,SVM,0.5879
sub-12,sub-12_sub-17_sub-33_sub-40_sub-53_sub-64,KNN,0.7752
sub-12,sub-12_sub-17_sub-33_sub-40_sub-53_sub-64,XGBoost,0.7558
sub-12,sub-12_sub-17_sub-33_sub-40_sub-53_sub-64,SVM,0.8268
sub-12,sub-12_sub-17_sub-33_sub-40_sub-53_sub-64,MLP_(Neural_Network),0.7759
sub-13,sub-5_sub-13_sub-24_sub-38_sub-44_sub-58,KNN,0.7665
sub-13,sub-5_sub-13_sub-24_sub-38_sub-44_sub-58,XGBoost,0.6792
sub-13,sub-5_sub-13_sub-24_sub-38_sub-44_sub-58,SVM,0.6747
sub-13,sub-5_sub-13_sub-24_sub-38_sub-44_sub-58,MLP_(Neural_Network),0.7267
sub-13,sub-13_sub-20_sub-26_sub-48_sub-57_sub-58,KNN,0.7001
sub-13,sub-13_sub-20_sub-26_sub-48_sub-57_sub-58,XGBoost,0.7918
sub-13,sub-13_sub-20_sub-26_sub-48_sub-57_sub-58,SVM,0.7238
sub-13,sub-13_sub-20_sub-26_sub-48_sub-57_sub-58,MLP_(Neural_Network),0.7590
sub-13,sub-13_sub-20_sub-33_sub-41_sub-48_sub-61,KNN,0.6953
sub-13,sub-13_sub-20_sub-33_sub-41_sub-48_sub-61,XGBoost,0.6647
sub-13,sub-13_sub-20_sub-33_sub-41_sub-48_sub-61,SVM,0.6375
sub-13,sub-13_sub-20_sub-33_sub-41_sub-48_sub-61,MLP_(Neural_Network),0.6985
sub-13,sub-2_sub-13_sub-36_sub-54_sub-57_sub-59,KNN,0.6191
sub-13,sub-2_sub-13_sub-36_sub-54_sub-57_sub-59,XGBoost,0.5274
sub-13,sub-2_sub-13_sub-36_sub-54_sub-57_sub-59,SVM,0.6500
sub-13,sub-2_sub-13_sub-36_sub-54_sub-57_sub-59,MLP_(Neural_Network),0.6364
sub-13,sub-7_sub-13_sub-16_sub-43_sub-51_sub-54,KNN,0.6555
sub-13,sub-7_sub-13_sub-16_sub-43_sub-51_sub-54,XGBoost,0.6484
sub-13,sub-7_sub-13_sub-16_sub-43_sub-51_sub-54,SVM,0.6325
sub-13,sub-7_sub-13_sub-16_sub-43_sub-51_sub-54,MLP_(Neural_Network),0.6468
sub-14,sub-2_sub-6_sub-14_sub-44_sub-53_sub-56,KNN,0.6457
sub-14,sub-2_sub-6_sub-14_sub-44_sub-53_sub-56,XGBoost,0.5728
sub-14,sub-2_sub-6_sub-14_sub-44_sub-53_sub-56,SVM,0.7055
sub-14,sub-2_sub-6_sub-14_sub-44_sub-53_sub-56,MLP_(Neural_Network),0.6714
sub-14,sub-14_sub-21_sub-32_sub-49_sub-57_sub-65,KNN,0.7891
sub-14,sub-14_sub-21_sub-32_sub-49_sub-57_sub-65,XGBoost,0.8605
sub-14,sub-14_sub-21_sub-32_sub-49_sub-57_sub-65,SVM,0.8559
sub-14,sub-14_sub-21_sub-32_sub-49_sub-57_sub-65,MLP_(Neural_Network),0.8711
sub-14,sub-7_sub-14_sub-22_sub-39_sub-40_sub-49,KNN,0.7745
sub-14,sub-7_sub-14_sub-22_sub-39_sub-40_sub-49,XGBoost,0.7630
sub-14,sub-7_sub-14_sub-22_sub-39_sub-40_sub-49,SVM,0.8364
sub-14,sub-14_sub-28_sub-35_sub-59_sub-60_sub-61,KNN,0.6193
sub-14,sub-14_sub-28_sub-35_sub-59_sub-60_sub-61,XGBoost,0.5766
sub-14,sub-14_sub-28_sub-35_sub-59_sub-60_sub-61,SVM,0.5775
sub-14,sub-14_sub-28_sub-35_sub-59_sub-60_sub-61,MLP_(Neural_Network),0.5384
sub-14,sub-14_sub-32_sub-35_sub-41_sub-60_sub-65,KNN,0.6766
sub-14,sub-14_sub-32_sub-35_sub-41_sub-60_sub-65,XGBoost,0.7325
sub-14,sub-14_sub-32_sub-35_sub-41_sub-60_sub-65,SVM,0.5196
sub-14,sub-14_sub-32_sub-35_sub-41_sub-60_sub-65,MLP_(Neural_Network),0.8430
sub-15,sub-6_sub-15_sub-19_sub-40_sub-49_sub-64,KNN,0.6643
sub-15,sub-6_sub-15_sub-19_sub-40_sub-49_sub-64,XGBoost,0.8132
sub-15,sub-6_sub-15_sub-19_sub-40_sub-49_sub-64,SVM,0.7608
sub-15,sub-2_sub-15_sub-36_sub-37_sub-44_sub-55,KNN,0.6353
sub-15,sub-2_sub-15_sub-36_sub-37_sub-44_sub-55,XGBoost,0.6789
sub-15,sub-2_sub-15_sub-36_sub-37_sub-44_sub-55,SVM,0.6332
sub-15,sub-2_sub-15_sub-36_sub-37_sub-44_sub-55,MLP_(Neural_Network),0.7434
sub-15,sub-4_sub-5_sub-15_sub-38_sub-39_sub-65,KNN,0.7058
sub-15,sub-4_sub-5_sub-15_sub-38_sub-39_sub-65,XGBoost,0.6674
sub-15,sub-4_sub-5_sub-15_sub-38_sub-39_sub-65,SVM,0.6142
sub-15,sub-4_sub-5_sub-15_sub-38_sub-39_sub-65,MLP_(Neural_Network),0.7744
sub-15,sub-15_sub-24_sub-26_sub-41_sub-52_sub-53,KNN,0.7578
sub-15,sub-15_sub-24_sub-26_sub-41_sub-52_sub-53,XGBoost,0.6471
sub-15,sub-15_sub-24_sub-26_sub-41_sub-52_sub-53,SVM,0.7414
sub-15,sub-15_sub-24_sub-26_sub-41_sub-52_sub-53,MLP_(Neural_Network),0.7751
sub-15,sub-3_sub-15_sub-21_sub-39_sub-45_sub-49,KNN,0.6704
sub-15,sub-3_sub-15_sub-21_sub-39_sub-45_sub-49,XGBoost,0.7184
sub-15,sub-3_sub-15_sub-21_sub-39_sub-45_sub-49,SVM,0.6604
sub-15,sub-3_sub-15_sub-21_sub-39_sub-45_sub-49,MLP_(Neural_Network),0.7667
sub-15,sub-15_sub-27_sub-29_sub-45_sub-55_sub-62,KNN,0.7874
sub-15,sub-15_sub-27_sub-29_sub-45_sub-55_sub-62,XGBoost,0.8104
sub-15,sub-15_sub-27_sub-29_sub-45_sub-55_sub-62,SVM,0.7793
sub-15,sub-15_sub-27_sub-29_sub-45_sub-55_sub-62,MLP_(Neural_Network),0.8154
sub-15,sub-15_sub-21_sub-36_sub-38_sub-61_sub-63,KNN,0.5757
sub-15,sub-15_sub-21_sub-36_sub-38_sub-61_sub-63,XGBoost,0.6265
sub-15,sub-15_sub-21_sub-36_sub-38_sub-61_sub-63,SVM,0.5058
sub-15,sub-15_sub-21_sub-36_sub-38_sub-61_sub-63,MLP_(Neural_Network),0.5653
sub-16,sub-4_sub-16_sub-20_sub-44_sub-55_sub-65,KNN,0.6780
sub-16,sub-4_sub-16_sub-20_sub-44_sub-55_sub-65,XGBoost,0.7836
sub-16,sub-4_sub-16_sub-20_sub-44_sub-55_sub-65,SVM,0.6722
sub-16,sub-4_sub-16_sub-20_sub-44_sub-55_sub-65,MLP_(Neural_Network),0.8260
sub-16,sub-16_sub-27_sub-31_sub-40_sub-43_sub-58,KNN,0.6856
sub-16,sub-16_sub-27_sub-31_sub-40_sub-43_sub-58,XGBoost,0.6297
sub-16,sub-16_sub-27_sub-31_sub-40_sub-43_sub-58,SVM,0.6199
sub-16,sub-16_sub-27_sub-31_sub-40_sub-43_sub-58,MLP_(Neural_Network),0.6508
sub-16,sub-7_sub-13_sub-16_sub-43_sub-51_sub-54,KNN,0.6555
sub-16,sub-7_sub-13_sub-16_sub-43_sub-51_sub-54,XGBoost,0.6484
sub-16,sub-7_sub-13_sub-16_sub-43_sub-51_sub-54,SVM,0.6325
sub-16,sub-7_sub-13_sub-16_sub-43_sub-51_sub-54,MLP_(Neural_Network),0.6468
sub-17,sub-3_sub-17_sub-23_sub-51_sub-54_sub-60,KNN,0.6994
sub-17,sub-3_sub-17_sub-23_sub-51_sub-54_sub-60,XGBoost,0.7366
sub-17,sub-3_sub-17_sub-23_sub-51_sub-54_sub-60,SVM,0.6837
sub-17,sub-3_sub-17_sub-23_sub-51_sub-54_sub-60,MLP_(Neural_Network),0.6949
sub-17,sub-10_sub-17_sub-30_sub-41_sub-44_sub-60,KNN,0.6525
sub-17,sub-10_sub-17_sub-30_sub-41_sub-44_sub-60,XGBoost,0.5990
sub-17,sub-10_sub-17_sub-30_sub-41_sub-44_sub-60,SVM,0.6240
sub-17,sub-10_sub-17_sub-30_sub-41_sub-44_sub-60,MLP_(Neural_Network),0.6861
sub-17,sub-12_sub-17_sub-33_sub-40_sub-53_sub-64,KNN,0.7752
sub-17,sub-12_sub-17_sub-33_sub-40_sub-53_sub-64,XGBoost,0.7558
sub-17,sub-12_sub-17_sub-33_sub-40_sub-53_sub-64,SVM,0.8268
sub-17,sub-12_sub-17_sub-33_sub-40_sub-53_sub-64,MLP_(Neural_Network),0.7759
sub-17,sub-17_sub-34_sub-36_sub-37_sub-58_sub-64,KNN,0.7626
sub-17,sub-17_sub-34_sub-36_sub-37_sub-58_sub-64,XGBoost,0.7439
sub-17,sub-17_sub-34_sub-36_sub-37_sub-58_sub-64,SVM,0.7987
sub-17,sub-17_sub-34_sub-36_sub-37_sub-58_sub-64,MLP_(Neural_Network),0.7482
sub-17,sub-17_sub-35_sub-36_sub-50_sub-55_sub-60,KNN,0.6770
sub-17,sub-17_sub-35_sub-36_sub-50_sub-55_sub-60,XGBoost,0.6409
sub-17,sub-17_sub-35_sub-36_sub-50_sub-55_sub-60,SVM,0.5427
sub-17,sub-17_sub-35_sub-36_sub-50_sub-55_sub-60,MLP_(Neural_Network),0.7033
sub-18,sub-8_sub-18_sub-35_sub-47_sub-57_sub-61,KNN,0.6951
sub-18,sub-8_sub-18_sub-35_sub-47_sub-57_sub-61,XGBoost,0.7309
sub-18,sub-8_sub-18_sub-35_sub-47_sub-57_sub-61,SVM,0.6638
sub-18,sub-8_sub-18_sub-35_sub-47_sub-57_sub-61,MLP_(Neural_Network),0.7306
sub-18,sub-18_sub-24_sub-30_sub-42_sub-43_sub-48,KNN,0.7365
sub-18,sub-18_sub-24_sub-30_sub-42_sub-43_sub-48,XGBoost,0.7285
sub-18,sub-18_sub-24_sub-30_sub-42_sub-43_sub-48,SVM,0.6460
sub-18,sub-18_sub-24_sub-30_sub-42_sub-43_sub-48,MLP_(Neural_Network),0.6944
sub-18,sub-2_sub-8_sub-18_sub-41_sub-44_sub-60,KNN,0.7155
sub-18,sub-2_sub-8_sub-18_sub-41_sub-44_sub-60,XGBoost,0.6540
sub-18,sub-2_sub-8_sub-18_sub-41_sub-44_sub-60,SVM,0.6914
sub-18,sub-2_sub-8_sub-18_sub-41_sub-44_sub-60,MLP_(Neural_Network),0.6841
sub-18,sub-5_sub-11_sub-18_sub-44_sub-54_sub-60,KNN,0.7342
sub-18,sub-5_sub-11_sub-18_sub-44_sub-54_sub-60,XGBoost,0.6961
sub-18,sub-5_sub-11_sub-18_sub-44_sub-54_sub-60,SVM,0.7474
sub-18,sub-5_sub-11_sub-18_sub-44_sub-54_sub-60,MLP_(Neural_Network),0.7425
sub-19,sub-6_sub-15_sub-19_sub-40_sub-49_sub-64,KNN,0.6643
sub-19,sub-6_sub-15_sub-19_sub-40_sub-49_sub-64,XGBoost,0.8132
sub-19,sub-6_sub-15_sub-19_sub-40_sub-49_sub-64,SVM,0.7608
sub-19,sub-8_sub-19_sub-28_sub-37_sub-42_sub-51,KNN,0.6938
sub-19,sub-8_sub-19_sub-28_sub-37_sub-42_sub-51,XGBoost,0.6133
sub-19,sub-8_sub-19_sub-28_sub-37_sub-42_sub-51,SVM,0.7123
sub-19,sub-8_sub-19_sub-28_sub-37_sub-42_sub-51,MLP_(Neural_Network),0.7196
sub-19,sub-19_sub-28_sub-30_sub-59_sub-60_sub-62,KNN,0.6589
sub-19,sub-19_sub-28_sub-30_sub-59_sub-60_sub-62,XGBoost,0.7181
sub-19,sub-19_sub-28_sub-30_sub-59_sub-60_sub-62,SVM,0.6263
sub-19,sub-19_sub-28_sub-30_sub-59_sub-60_sub-62,MLP_(Neural_Network),0.6921
sub-20,sub-4_sub-16_sub-20_sub-44_sub-55_sub-65,KNN,0.6780
sub-20,sub-4_sub-16_sub-20_sub-44_sub-55_sub-65,XGBoost,0.7836
sub-20,sub-4_sub-16_sub-20_sub-44_sub-55_sub-65,SVM,0.6722
sub-20,sub-4_sub-16_sub-20_sub-44_sub-55_sub-65,MLP_(Neural_Network),0.8260
sub-20,sub-13_sub-20_sub-26_sub-48_sub-57_sub-58,KNN,0.7001
sub-20,sub-13_sub-20_sub-26_sub-48_sub-57_sub-58,XGBoost,0.7918
sub-20,sub-13_sub-20_sub-26_sub-48_sub-57_sub-58,SVM,0.7238
sub-20,sub-13_sub-20_sub-26_sub-48_sub-57_sub-58,MLP_(Neural_Network),0.7590
sub-20,sub-13_sub-20_sub-33_sub-41_sub-48_sub-61,KNN,0.6953
sub-20,sub-13_sub-20_sub-33_sub-41_sub-48_sub-61,XGBoost,0.6647
sub-20,sub-13_sub-20_sub-33_sub-41_sub-48_sub-61,SVM,0.6375
sub-20,sub-13_sub-20_sub-33_sub-41_sub-48_sub-61,MLP_(Neural_Network),0.6985
sub-21,sub-14_sub-21_sub-32_sub-49_sub-57_sub-65,KNN,0.7891
sub-21,sub-14_sub-21_sub-32_sub-49_sub-57_sub-65,XGBoost,0.8605
sub-21,sub-14_sub-21_sub-32_sub-49_sub-57_sub-65,SVM,0.8559
sub-21,sub-14_sub-21_sub-32_sub-49_sub-57_sub-65,MLP_(Neural_Network),0.8711
sub-21,sub-3_sub-15_sub-21_sub-39_sub-45_sub-49,KNN,0.6704
sub-21,sub-3_sub-15_sub-21_sub-39_sub-45_sub-49,XGBoost,0.7184
sub-21,sub-3_sub-15_sub-21_sub-39_sub-45_sub-49,SVM,0.6604
sub-21,sub-3_sub-15_sub-21_sub-39_sub-45_sub-49,MLP_(Neural_Network),0.7667
sub-21,sub-15_sub-21_sub-36_sub-38_sub-61_sub-63,KNN,0.5757
sub-21,sub-15_sub-21_sub-36_sub-38_sub-61_sub-63,XGBoost,0.6265
sub-21,sub-15_sub-21_sub-36_sub-38_sub-61_sub-63,SVM,0.5058
sub-21,sub-15_sub-21_sub-36_sub-38_sub-61_sub-63,MLP_(Neural_Network),0.5653
sub-22,sub-7_sub-14_sub-22_sub-39_sub-40_sub-49,KNN,0.7745
sub-22,sub-7_sub-14_sub-22_sub-39_sub-40_sub-49,XGBoost,0.7630
sub-22,sub-7_sub-14_sub-22_sub-39_sub-40_sub-49,SVM,0.8364
sub-22,sub-5_sub-22_sub-33_sub-44_sub-45_sub-58,KNN,0.6331
sub-22,sub-5_sub-22_sub-33_sub-44_sub-45_sub-58,XGBoost,0.5998
sub-22,sub-5_sub-22_sub-33_sub-44_sub-45_sub-58,SVM,0.6401
sub-23,sub-3_sub-17_sub-23_sub-51_sub-54_sub-60,KNN,0.6994
sub-23,sub-3_sub-17_sub-23_sub-51_sub-54_sub-60,XGBoost,0.7366
sub-23,sub-3_sub-17_sub-23_sub-51_sub-54_sub-60,SVM,0.6837
sub-23,sub-3_sub-17_sub-23_sub-51_sub-54_sub-60,MLP_(Neural_Network),0.6949
sub-23,sub-23_sub-27_sub-28_sub-51_sub-60_sub-64,KNN,0.7574
sub-23,sub-23_sub-27_sub-28_sub-51_sub-60_sub-64,XGBoost,0.7181
sub-23,sub-23_sub-27_sub-28_sub-51_sub-60_sub-64,SVM,0.7053
sub-23,sub-23_sub-27_sub-28_sub-51_sub-60_sub-64,MLP_(Neural_Network),0.7759
sub-24,sub-18_sub-24_sub-30_sub-42_sub-43_sub-48,KNN,0.7365
sub-24,sub-18_sub-24_sub-30_sub-42_sub-43_sub-48,XGBoost,0.7285
sub-24,sub-18_sub-24_sub-30_sub-42_sub-43_sub-48,SVM,0.6460
sub-24,sub-18_sub-24_sub-30_sub-42_sub-43_sub-48,MLP_(Neural_Network),0.6944
sub-24,sub-5_sub-13_sub-24_sub-38_sub-44_sub-58,KNN,0.7665
sub-24,sub-5_sub-13_sub-24_sub-38_sub-44_sub-58,XGBoost,0.6792
sub-24,sub-5_sub-13_sub-24_sub-38_sub-44_sub-58,SVM,0.6747
sub-24,sub-5_sub-13_sub-24_sub-38_sub-44_sub-58,MLP_(Neural_Network),0.7267
sub-24,sub-15_sub-24_sub-26_sub-41_sub-52_sub-53,KNN,0.7578
sub-24,sub-15_sub-24_sub-26_sub-41_sub-52_sub-53,XGBoost,0.6471
sub-24,sub-15_sub-24_sub-26_sub-41_sub-52_sub-53,SVM,0.7414
sub-24,sub-15_sub-24_sub-26_sub-41_sub-52_sub-53,MLP_(Neural_Network),0.7751
sub-25,sub-11_sub-25_sub-30_sub-45_sub-57_sub-59,KNN,0.5567
sub-25,sub-11_sub-25_sub-30_sub-45_sub-57_sub-59,XGBoost,0.5586
sub-25,sub-11_sub-25_sub-30_sub-45_sub-57_sub-59,SVM,0.5013
sub-25,sub-11_sub-25_sub-30_sub-45_sub-57_sub-59,MLP_(Neural_Network),0.6892
sub-25,sub-5_sub-25_sub-28_sub-49_sub-51_sub-56,KNN,0.6455
sub-25,sub-5_sub-25_sub-28_sub-49_sub-51_sub-56,XGBoost,0.6042
sub-25,sub-5_sub-25_sub-28_sub-49_sub-51_sub-56,SVM,0.6511
sub-25,sub-5_sub-25_sub-28_sub-49_sub-51_sub-56,MLP_(Neural_Network),0.6127
sub-25,sub-6_sub-8_sub-25_sub-46_sub-54_sub-63,KNN,0.5780
sub-25,sub-6_sub-8_sub-25_sub-46_sub-54_sub-63,XGBoost,0.5649
sub-25,sub-6_sub-8_sub-25_sub-46_sub-54_sub-63,SVM,0.4986
sub-25,sub-6_sub-8_sub-25_sub-46_sub-54_sub-63,MLP_(Neural_Network),0.5265
sub-26,sub-4_sub-11_sub-26_sub-37_sub-45_sub-49,KNN,0.7288
sub-26,sub-4_sub-11_sub-26_sub-37_sub-45_sub-49,XGBoost,0.7933
sub-26,sub-4_sub-11_sub-26_sub-37_sub-45_sub-49,SVM,0.6743
sub-26,sub-4_sub-11_sub-26_sub-37_sub-45_sub-49,MLP_(Neural_Network),0.7947
sub-26,sub-13_sub-20_sub-26_sub-48_sub-57_sub-58,KNN,0.7001
sub-26,sub-13_sub-20_sub-26_sub-48_sub-57_sub-58,XGBoost,0.7918
sub-26,sub-13_sub-20_sub-26_sub-48_sub-57_sub-58,SVM,0.7238
sub-26,sub-13_sub-20_sub-26_sub-48_sub-57_sub-58,MLP_(Neural_Network),0.7590
sub-26,sub-15_sub-24_sub-26_sub-41_sub-52_sub-53,KNN,0.7578
sub-26,sub-15_sub-24_sub-26_sub-41_sub-52_sub-53,XGBoost,0.6471
sub-26,sub-15_sub-24_sub-26_sub-41_sub-52_sub-53,SVM,0.7414
sub-26,sub-15_sub-24_sub-26_sub-41_sub-52_sub-53,MLP_(Neural_Network),0.7751
sub-26,sub-4_sub-7_sub-26_sub-47_sub-60_sub-62,KNN,0.8264
sub-26,sub-4_sub-7_sub-26_sub-47_sub-60_sub-62,XGBoost,0.8608
sub-26,sub-4_sub-7_sub-26_sub-47_sub-60_sub-62,SVM,0.6926
sub-26,sub-4_sub-7_sub-26_sub-47_sub-60_sub-62,MLP_(Neural_Network),0.8781
sub-27,sub-16_sub-27_sub-31_sub-40_sub-43_sub-58,KNN,0.6856
sub-27,sub-16_sub-27_sub-31_sub-40_sub-43_sub-58,XGBoost,0.6297
sub-27,sub-16_sub-27_sub-31_sub-40_sub-43_sub-58,SVM,0.6199
sub-27,sub-16_sub-27_sub-31_sub-40_sub-43_sub-58,MLP_(Neural_Network),0.6508
sub-27,sub-23_sub-27_sub-28_sub-51_sub-60_sub-64,KNN,0.7574
sub-27,sub-23_sub-27_sub-28_sub-51_sub-60_sub-64,XGBoost,0.7181
sub-27,sub-23_sub-27_sub-28_sub-51_sub-60_sub-64,SVM,0.7053
sub-27,sub-23_sub-27_sub-28_sub-51_sub-60_sub-64,MLP_(Neural_Network),0.7759
sub-27,sub-11_sub-27_sub-32_sub-43_sub-52_sub-64,KNN,0.7228
sub-27,sub-11_sub-27_sub-32_sub-43_sub-52_sub-64,XGBoost,0.6855
sub-27,sub-11_sub-27_sub-32_sub-43_sub-52_sub-64,SVM,0.7128
sub-27,sub-11_sub-27_sub-32_sub-43_sub-52_sub-64,MLP_(Neural_Network),0.6921
sub-27,sub-15_sub-27_sub-29_sub-45_sub-55_sub-62,KNN,0.7874
sub-27,sub-15_sub-27_sub-29_sub-45_sub-55_sub-62,XGBoost,0.8104
sub-27,sub-15_sub-27_sub-29_sub-45_sub-55_sub-62,SVM,0.7793
sub-27,sub-15_sub-27_sub-29_sub-45_sub-55_sub-62,MLP_(Neural_Network),0.8154
sub-28,sub-23_sub-27_sub-28_sub-51_sub-60_sub-64,KNN,0.7574
sub-28,sub-23_sub-27_sub-28_sub-51_sub-60_sub-64,XGBoost,0.7181
sub-28,sub-23_sub-27_sub-28_sub-51_sub-60_sub-64,SVM,0.7053
sub-28,sub-23_sub-27_sub-28_sub-51_sub-60_sub-64,MLP_(Neural_Network),0.7759
sub-28,sub-1_sub-11_sub-28_sub-41_sub-45_sub-47,KNN,0.7259
sub-28,sub-1_sub-11_sub-28_sub-41_sub-45_sub-47,XGBoost,0.5376
sub-28,sub-1_sub-11_sub-28_sub-41_sub-45_sub-47,SVM,0.7310
sub-28,sub-1_sub-11_sub-28_sub-41_sub-45_sub-47,MLP_(Neural_Network),0.5650
sub-28,sub-14_sub-28_sub-35_sub-59_sub-60_sub-61,KNN,0.6193
sub-28,sub-14_sub-28_sub-35_sub-59_sub-60_sub-61,XGBoost,0.5766
sub-28,sub-14_sub-28_sub-35_sub-59_sub-60_sub-61,SVM,0.5775
sub-28,sub-14_sub-28_sub-35_sub-59_sub-60_sub-61,MLP_(Neural_Network),0.5384
sub-28,sub-9_sub-12_sub-28_sub-44_sub-45_sub-51,KNN,0.6456
sub-28,sub-9_sub-12_sub-28_sub-44_sub-45_sub-51,XGBoost,0.4865
sub-28,sub-9_sub-12_sub-28_sub-44_sub-45_sub-51,SVM,0.5879
sub-28,sub-5_sub-25_sub-28_sub-49_sub-51_sub-56,KNN,0.6455
sub-28,sub-5_sub-25_sub-28_sub-49_sub-51_sub-56,XGBoost,0.6042
sub-28,sub-5_sub-25_sub-28_sub-49_sub-51_sub-56,SVM,0.6511
sub-28,sub-5_sub-25_sub-28_sub-49_sub-51_sub-56,MLP_(Neural_Network),0.6127
sub-28,sub-8_sub-19_sub-28_sub-37_sub-42_sub-51,KNN,0.6938
sub-28,sub-8_sub-19_sub-28_sub-37_sub-42_sub-51,XGBoost,0.6133
sub-28,sub-8_sub-19_sub-28_sub-37_sub-42_sub-51,SVM,0.7123
sub-28,sub-8_sub-19_sub-28_sub-37_sub-42_sub-51,MLP_(Neural_Network),0.7196
sub-28,sub-19_sub-28_sub-30_sub-59_sub-60_sub-62,KNN,0.6589
sub-28,sub-19_sub-28_sub-30_sub-59_sub-60_sub-62,XGBoost,0.7181
sub-28,sub-19_sub-28_sub-30_sub-59_sub-60_sub-62,SVM,0.6263
sub-28,sub-19_sub-28_sub-30_sub-59_sub-60_sub-62,MLP_(Neural_Network),0.6921
sub-29,sub-8_sub-29_sub-34_sub-39_sub-44_sub-47,KNN,0.6524
sub-29,sub-8_sub-29_sub-34_sub-39_sub-44_sub-47,XGBoost,0.6369
sub-29,sub-8_sub-29_sub-34_sub-39_sub-44_sub-47,SVM,0.7596
sub-29,sub-8_sub-29_sub-34_sub-39_sub-44_sub-47,MLP_(Neural_Network),0.7249
sub-29,sub-5_sub-29_sub-36_sub-38_sub-40_sub-57,KNN,0.6599
sub-29,sub-5_sub-29_sub-36_sub-38_sub-40_sub-57,XGBoost,0.6557
sub-29,sub-5_sub-29_sub-36_sub-38_sub-40_sub-57,SVM,0.6375
sub-29,sub-5_sub-29_sub-36_sub-38_sub-40_sub-57,MLP_(Neural_Network),0.7269
sub-29,sub-15_sub-27_sub-29_sub-45_sub-55_sub-62,KNN,0.7874
sub-29,sub-15_sub-27_sub-29_sub-45_sub-55_sub-62,XGBoost,0.8104
sub-29,sub-15_sub-27_sub-29_sub-45_sub-55_sub-62,SVM,0.7793
sub-29,sub-15_sub-27_sub-29_sub-45_sub-55_sub-62,MLP_(Neural_Network),0.8154
sub-30,sub-11_sub-25_sub-30_sub-45_sub-57_sub-59,KNN,0.5567
sub-30,sub-11_sub-25_sub-30_sub-45_sub-57_sub-59,XGBoost,0.5586
sub-30,sub-11_sub-25_sub-30_sub-45_sub-57_sub-59,SVM,0.5013
sub-30,sub-11_sub-25_sub-30_sub-45_sub-57_sub-59,MLP_(Neural_Network),0.6892
sub-30,sub-10_sub-17_sub-30_sub-41_sub-44_sub-60,KNN,0.6525
sub-30,sub-10_sub-17_sub-30_sub-41_sub-44_sub-60,XGBoost,0.5990
sub-30,sub-10_sub-17_sub-30_sub-41_sub-44_sub-60,SVM,0.6240
sub-30,sub-10_sub-17_sub-30_sub-41_sub-44_sub-60,MLP_(Neural_Network),0.6861
sub-30,sub-18_sub-24_sub-30_sub-42_sub-43_sub-48,KNN,0.7365
sub-30,sub-18_sub-24_sub-30_sub-42_sub-43_sub-48,XGBoost,0.7285
sub-30,sub-18_sub-24_sub-30_sub-42_sub-43_sub-48,SVM,0.6460
sub-30,sub-18_sub-24_sub-30_sub-42_sub-43_sub-48,MLP_(Neural_Network),0.6944
sub-30,sub-19_sub-28_sub-30_sub-59_sub-60_sub-62,KNN,0.6589
sub-30,sub-19_sub-28_sub-30_sub-59_sub-60_sub-62,XGBoost,0.7181
sub-30,sub-19_sub-28_sub-30_sub-59_sub-60_sub-62,SVM,0.6263
sub-30,sub-19_sub-28_sub-30_sub-59_sub-60_sub-62,MLP_(Neural_Network),0.6921
sub-31,sub-16_sub-27_sub-31_sub-40_sub-43_sub-58,KNN,0.6856
sub-31,sub-16_sub-27_sub-31_sub-40_sub-43_sub-58,XGBoost,0.6297
sub-31,sub-16_sub-27_sub-31_sub-40_sub-43_sub-58,SVM,0.6199
sub-31,sub-16_sub-27_sub-31_sub-40_sub-43_sub-58,MLP_(Neural_Network),0.6508
sub-31,sub-9_sub-31_sub-36_sub-42_sub-45_sub-53,KNN,0.5513
sub-31,sub-9_sub-31_sub-36_sub-42_sub-45_sub-53,XGBoost,0.5783
sub-31,sub-9_sub-31_sub-36_sub-42_sub-45_sub-53,SVM,0.5333
sub-31,sub-9_sub-31_sub-36_sub-42_sub-45_sub-53,MLP_(Neural_Network),0.6375
sub-32,sub-14_sub-21_sub-32_sub-49_sub-57_sub-65,KNN,0.7891
sub-32,sub-14_sub-21_sub-32_sub-49_sub-57_sub-65,XGBoost,0.8605
sub-32,sub-14_sub-21_sub-32_sub-49_sub-57_sub-65,SVM,0.8559
sub-32,sub-14_sub-21_sub-32_sub-49_sub-57_sub-65,MLP_(Neural_Network),0.8711
sub-32,sub-10_sub-32_sub-36_sub-38_sub-43_sub-46,KNN,0.5112
sub-32,sub-10_sub-32_sub-36_sub-38_sub-43_sub-46,XGBoost,0.5181
sub-32,sub-10_sub-32_sub-36_sub-38_sub-43_sub-46,SVM,0.5739
sub-32,sub-10_sub-32_sub-36_sub-38_sub-43_sub-46,MLP_(Neural_Network),0.5309
sub-32,sub-5_sub-6_sub-32_sub-41_sub-54_sub-61,KNN,0.6284
sub-32,sub-5_sub-6_sub-32_sub-41_sub-54_sub-61,XGBoost,0.5736
sub-32,sub-5_sub-6_sub-32_sub-41_sub-54_sub-61,SVM,0.5382
sub-32,sub-5_sub-6_sub-32_sub-41_sub-54_sub-61,MLP_(Neural_Network),0.6173
sub-32,sub-14_sub-32_sub-35_sub-41_sub-60_sub-65,KNN,0.6766
sub-32,sub-14_sub-32_sub-35_sub-41_sub-60_sub-65,XGBoost,0.7325
sub-32,sub-14_sub-32_sub-35_sub-41_sub-60_sub-65,SVM,0.5196
sub-32,sub-14_sub-32_sub-35_sub-41_sub-60_sub-65,MLP_(Neural_Network),0.8430
sub-32,sub-11_sub-27_sub-32_sub-43_sub-52_sub-64,KNN,0.7228
sub-32,sub-11_sub-27_sub-32_sub-43_sub-52_sub-64,XGBoost,0.6855
sub-32,sub-11_sub-27_sub-32_sub-43_sub-52_sub-64,SVM,0.7128
sub-32,sub-11_sub-27_sub-32_sub-43_sub-52_sub-64,MLP_(Neural_Network),0.6921
sub-32,sub-2_sub-8_sub-32_sub-48_sub-63_sub-65,KNN,0.6251
sub-32,sub-2_sub-8_sub-32_sub-48_sub-63_sub-65,XGBoost,0.6954
sub-32,sub-2_sub-8_sub-32_sub-48_sub-63_sub-65,SVM,0.5375
sub-32,sub-2_sub-8_sub-32_sub-48_sub-63_sub-65,MLP_(Neural_Network),0.7488
sub-33,sub-12_sub-17_sub-33_sub-40_sub-53_sub-64,KNN,0.7752
sub-33,sub-12_sub-17_sub-33_sub-40_sub-53_sub-64,XGBoost,0.7558
sub-33,sub-12_sub-17_sub-33_sub-40_sub-53_sub-64,SVM,0.8268
sub-33,sub-12_sub-17_sub-33_sub-40_sub-53_sub-64,MLP_(Neural_Network),0.7759
sub-33,sub-13_sub-20_sub-33_sub-41_sub-48_sub-61,KNN,0.6953
sub-33,sub-13_sub-20_sub-33_sub-41_sub-48_sub-61,XGBoost,0.6647
sub-33,sub-13_sub-20_sub-33_sub-41_sub-48_sub-61,SVM,0.6375
sub-33,sub-13_sub-20_sub-33_sub-41_sub-48_sub-61,MLP_(Neural_Network),0.6985
sub-33,sub-5_sub-22_sub-33_sub-44_sub-45_sub-58,KNN,0.6331
sub-33,sub-5_sub-22_sub-33_sub-44_sub-45_sub-58,XGBoost,0.5998
sub-33,sub-5_sub-22_sub-33_sub-44_sub-45_sub-58,SVM,0.6401
sub-34,sub-8_sub-29_sub-34_sub-39_sub-44_sub-47,KNN,0.6524
sub-34,sub-8_sub-29_sub-34_sub-39_sub-44_sub-47,XGBoost,0.6369
sub-34,sub-8_sub-29_sub-34_sub-39_sub-44_sub-47,SVM,0.7596
sub-34,sub-8_sub-29_sub-34_sub-39_sub-44_sub-47,MLP_(Neural_Network),0.7249
sub-34,sub-11_sub-34_sub-35_sub-37_sub-47_sub-56,KNN,0.7592
sub-34,sub-11_sub-34_sub-35_sub-37_sub-47_sub-56,XGBoost,0.8053
sub-34,sub-11_sub-34_sub-35_sub-37_sub-47_sub-56,SVM,0.8200
sub-34,sub-11_sub-34_sub-35_sub-37_sub-47_sub-56,MLP_(Neural_Network),0.7791
sub-34,sub-17_sub-34_sub-36_sub-37_sub-58_sub-64,KNN,0.7626
sub-34,sub-17_sub-34_sub-36_sub-37_sub-58_sub-64,XGBoost,0.7439
sub-34,sub-17_sub-34_sub-36_sub-37_sub-58_sub-64,SVM,0.7987
sub-34,sub-17_sub-34_sub-36_sub-37_sub-58_sub-64,MLP_(Neural_Network),0.7482
sub-35,sub-8_sub-18_sub-35_sub-47_sub-57_sub-61,KNN,0.6951
sub-35,sub-8_sub-18_sub-35_sub-47_sub-57_sub-61,XGBoost,0.7309
sub-35,sub-8_sub-18_sub-35_sub-47_sub-57_sub-61,SVM,0.6638
sub-35,sub-8_sub-18_sub-35_sub-47_sub-57_sub-61,MLP_(Neural_Network),0.7306
sub-35,sub-14_sub-28_sub-35_sub-59_sub-60_sub-61,KNN,0.6193
sub-35,sub-14_sub-28_sub-35_sub-59_sub-60_sub-61,XGBoost,0.5766
sub-35,sub-14_sub-28_sub-35_sub-59_sub-60_sub-61,SVM,0.5775
sub-35,sub-14_sub-28_sub-35_sub-59_sub-60_sub-61,MLP_(Neural_Network),0.5384
sub-35,sub-11_sub-34_sub-35_sub-37_sub-47_sub-56,KNN,0.7592
sub-35,sub-11_sub-34_sub-35_sub-37_sub-47_sub-56,XGBoost,0.8053
sub-35,sub-11_sub-34_sub-35_sub-37_sub-47_sub-56,SVM,0.8200
sub-35,sub-11_sub-34_sub-35_sub-37_sub-47_sub-56,MLP_(Neural_Network),0.7791
sub-35,sub-6_sub-7_sub-35_sub-38_sub-50_sub-55,KNN,0.6303
sub-35,sub-6_sub-7_sub-35_sub-38_sub-50_sub-55,XGBoost,0.6556
sub-35,sub-6_sub-7_sub-35_sub-38_sub-50_sub-55,SVM,0.5391
sub-35,sub-6_sub-7_sub-35_sub-38_sub-50_sub-55,MLP_(Neural_Network),0.6420
sub-35,sub-14_sub-32_sub-35_sub-41_sub-60_sub-65,KNN,0.6766
sub-35,sub-14_sub-32_sub-35_sub-41_sub-60_sub-65,XGBoost,0.7325
sub-35,sub-14_sub-32_sub-35_sub-41_sub-60_sub-65,SVM,0.5196
sub-35,sub-14_sub-32_sub-35_sub-41_sub-60_sub-65,MLP_(Neural_Network),0.8430
sub-35,sub-17_sub-35_sub-36_sub-50_sub-55_sub-60,KNN,0.6770
sub-35,sub-17_sub-35_sub-36_sub-50_sub-55_sub-60,XGBoost,0.6409
sub-35,sub-17_sub-35_sub-36_sub-50_sub-55_sub-60,SVM,0.5427
sub-35,sub-17_sub-35_sub-36_sub-50_sub-55_sub-60,MLP_(Neural_Network),0.7033
sub-35,sub-1_sub-6_sub-35_sub-44_sub-61_sub-64,KNN,0.6241
sub-35,sub-1_sub-6_sub-35_sub-44_sub-61_sub-64,XGBoost,0.5610
sub-35,sub-1_sub-6_sub-35_sub-44_sub-61_sub-64,SVM,0.6825
sub-35,sub-1_sub-6_sub-35_sub-44_sub-61_sub-64,MLP_(Neural_Network),0.6489
sub-36,sub-2_sub-15_sub-36_sub-37_sub-44_sub-55,KNN,0.6353
sub-36,sub-2_sub-15_sub-36_sub-37_sub-44_sub-55,XGBoost,0.6789
sub-36,sub-2_sub-15_sub-36_sub-37_sub-44_sub-55,SVM,0.6332
sub-36,sub-2_sub-15_sub-36_sub-37_sub-44_sub-55,MLP_(Neural_Network),0.7434
sub-36,sub-10_sub-32_sub-36_sub-38_sub-43_sub-46,KNN,0.5112
sub-36,sub-10_sub-32_sub-36_sub-38_sub-43_sub-46,XGBoost,0.5181
sub-36,sub-10_sub-32_sub-36_sub-38_sub-43_sub-46,SVM,0.5739
sub-36,sub-10_sub-32_sub-36_sub-38_sub-43_sub-46,MLP_(Neural_Network),0.5309
sub-36,sub-17_sub-34_sub-36_sub-37_sub-58_sub-64,KNN,0.7626
sub-36,sub-17_sub-34_sub-36_sub-37_sub-58_sub-64,XGBoost,0.7439
sub-36,sub-17_sub-34_sub-36_sub-37_sub-58_sub-64,SVM,0.7987
sub-36,sub-17_sub-34_sub-36_sub-37_sub-58_sub-64,MLP_(Neural_Network),0.7482
sub-36,sub-5_sub-29_sub-36_sub-38_sub-40_sub-57,KNN,0.6599
sub-36,sub-5_sub-29_sub-36_sub-38_sub-40_sub-57,XGBoost,0.6557
sub-36,sub-5_sub-29_sub-36_sub-38_sub-40_sub-57,SVM,0.6375
sub-36,sub-5_sub-29_sub-36_sub-38_sub-40_sub-57,MLP_(Neural_Network),0.7269
sub-36,sub-9_sub-31_sub-36_sub-42_sub-45_sub-53,KNN,0.5513
sub-36,sub-9_sub-31_sub-36_sub-42_sub-45_sub-53,XGBoost,0.5783
sub-36,sub-9_sub-31_sub-36_sub-42_sub-45_sub-53,SVM,0.5333
sub-36,sub-9_sub-31_sub-36_sub-42_sub-45_sub-53,MLP_(Neural_Network),0.6375
sub-36,sub-2_sub-13_sub-36_sub-54_sub-57_sub-59,KNN,0.6191
sub-36,sub-2_sub-13_sub-36_sub-54_sub-57_sub-59,XGBoost,0.5274
sub-36,sub-2_sub-13_sub-36_sub-54_sub-57_sub-59,SVM,0.6500
sub-36,sub-2_sub-13_sub-36_sub-54_sub-57_sub-59,MLP_(Neural_Network),0.6364
sub-36,sub-17_sub-35_sub-36_sub-50_sub-55_sub-60,KNN,0.6770
sub-36,sub-17_sub-35_sub-36_sub-50_sub-55_sub-60,XGBoost,0.6409
sub-36,sub-17_sub-35_sub-36_sub-50_sub-55_sub-60,SVM,0.5427
sub-36,sub-17_sub-35_sub-36_sub-50_sub-55_sub-60,MLP_(Neural_Network),0.7033
sub-36,sub-15_sub-21_sub-36_sub-38_sub-61_sub-63,KNN,0.5757
sub-36,sub-15_sub-21_sub-36_sub-38_sub-61_sub-63,XGBoost,0.6265
sub-36,sub-15_sub-21_sub-36_sub-38_sub-61_sub-63,SVM,0.5058
sub-36,sub-15_sub-21_sub-36_sub-38_sub-61_sub-63,MLP_(Neural_Network),0.5653
sub-37,sub-2_sub-15_sub-36_sub-37_sub-44_sub-55,KNN,0.6353
sub-37,sub-2_sub-15_sub-36_sub-37_sub-44_sub-55,XGBoost,0.6789
sub-37,sub-2_sub-15_sub-36_sub-37_sub-44_sub-55,SVM,0.6332
sub-37,sub-2_sub-15_sub-36_sub-37_sub-44_sub-55,MLP_(Neural_Network),0.7434
sub-37,sub-4_sub-11_sub-26_sub-37_sub-45_sub-49,KNN,0.7288
sub-37,sub-4_sub-11_sub-26_sub-37_sub-45_sub-49,XGBoost,0.7933
sub-37,sub-4_sub-11_sub-26_sub-37_sub-45_sub-49,SVM,0.6743
sub-37,sub-4_sub-11_sub-26_sub-37_sub-45_sub-49,MLP_(Neural_Network),0.7947
sub-37,sub-11_sub-34_sub-35_sub-37_sub-47_sub-56,KNN,0.7592
sub-37,sub-11_sub-34_sub-35_sub-37_sub-47_sub-56,XGBoost,0.8053
sub-37,sub-11_sub-34_sub-35_sub-37_sub-47_sub-56,SVM,0.8200
sub-37,sub-11_sub-34_sub-35_sub-37_sub-47_sub-56,MLP_(Neural_Network),0.7791
sub-37,sub-8_sub-19_sub-28_sub-37_sub-42_sub-51,KNN,0.6938
sub-37,sub-8_sub-19_sub-28_sub-37_sub-42_sub-51,XGBoost,0.6133
sub-37,sub-8_sub-19_sub-28_sub-37_sub-42_sub-51,SVM,0.7123
sub-37,sub-8_sub-19_sub-28_sub-37_sub-42_sub-51,MLP_(Neural_Network),0.7196
sub-37,sub-17_sub-34_sub-36_sub-37_sub-58_sub-64,KNN,0.7626
sub-37,sub-17_sub-34_sub-36_sub-37_sub-58_sub-64,XGBoost,0.7439
sub-37,sub-17_sub-34_sub-36_sub-37_sub-58_sub-64,SVM,0.7987
sub-37,sub-17_sub-34_sub-36_sub-37_sub-58_sub-64,MLP_(Neural_Network),0.7482
sub-38,sub-10_sub-32_sub-36_sub-38_sub-43_sub-46,KNN,0.5112
sub-38,sub-10_sub-32_sub-36_sub-38_sub-43_sub-46,XGBoost,0.5181
sub-38,sub-10_sub-32_sub-36_sub-38_sub-43_sub-46,SVM,0.5739
sub-38,sub-10_sub-32_sub-36_sub-38_sub-43_sub-46,MLP_(Neural_Network),0.5309
sub-38,sub-6_sub-7_sub-35_sub-38_sub-50_sub-55,KNN,0.6303
sub-38,sub-6_sub-7_sub-35_sub-38_sub-50_sub-55,XGBoost,0.6556
sub-38,sub-6_sub-7_sub-35_sub-38_sub-50_sub-55,SVM,0.5391
sub-38,sub-6_sub-7_sub-35_sub-38_sub-50_sub-55,MLP_(Neural_Network),0.6420
sub-38,sub-4_sub-5_sub-15_sub-38_sub-39_sub-65,KNN,0.7058
sub-38,sub-4_sub-5_sub-15_sub-38_sub-39_sub-65,XGBoost,0.6674
sub-38,sub-4_sub-5_sub-15_sub-38_sub-39_sub-65,SVM,0.6142
sub-38,sub-4_sub-5_sub-15_sub-38_sub-39_sub-65,MLP_(Neural_Network),0.7744
sub-38,sub-5_sub-13_sub-24_sub-38_sub-44_sub-58,KNN,0.7665
sub-38,sub-5_sub-13_sub-24_sub-38_sub-44_sub-58,XGBoost,0.6792
sub-38,sub-5_sub-13_sub-24_sub-38_sub-44_sub-58,SVM,0.6747
sub-38,sub-5_sub-13_sub-24_sub-38_sub-44_sub-58,MLP_(Neural_Network),0.7267
sub-38,sub-5_sub-29_sub-36_sub-38_sub-40_sub-57,KNN,0.6599
sub-38,sub-5_sub-29_sub-36_sub-38_sub-40_sub-57,XGBoost,0.6557
sub-38,sub-5_sub-29_sub-36_sub-38_sub-40_sub-57,SVM,0.6375
sub-38,sub-5_sub-29_sub-36_sub-38_sub-40_sub-57,MLP_(Neural_Network),0.7269
sub-38,sub-15_sub-21_sub-36_sub-38_sub-61_sub-63,KNN,0.5757
sub-38,sub-15_sub-21_sub-36_sub-38_sub-61_sub-63,XGBoost,0.6265
sub-38,sub-15_sub-21_sub-36_sub-38_sub-61_sub-63,SVM,0.5058
sub-38,sub-15_sub-21_sub-36_sub-38_sub-61_sub-63,MLP_(Neural_Network),0.5653
sub-39,sub-8_sub-29_sub-34_sub-39_sub-44_sub-47,KNN,0.6524
sub-39,sub-8_sub-29_sub-34_sub-39_sub-44_sub-47,XGBoost,0.6369
sub-39,sub-8_sub-29_sub-34_sub-39_sub-44_sub-47,SVM,0.7596
sub-39,sub-8_sub-29_sub-34_sub-39_sub-44_sub-47,MLP_(Neural_Network),0.7249
sub-39,sub-7_sub-14_sub-22_sub-39_sub-40_sub-49,KNN,0.7745
sub-39,sub-7_sub-14_sub-22_sub-39_sub-40_sub-49,XGBoost,0.7630
sub-39,sub-7_sub-14_sub-22_sub-39_sub-40_sub-49,SVM,0.8364
sub-39,sub-4_sub-5_sub-15_sub-38_sub-39_sub-65,KNN,0.7058
sub-39,sub-4_sub-5_sub-15_sub-38_sub-39_sub-65,XGBoost,0.6674
sub-39,sub-4_sub-5_sub-15_sub-38_sub-39_sub-65,SVM,0.6142
sub-39,sub-4_sub-5_sub-15_sub-38_sub-39_sub-65,MLP_(Neural_Network),0.7744
sub-39,sub-3_sub-15_sub-21_sub-39_sub-45_sub-49,KNN,0.6704
sub-39,sub-3_sub-15_sub-21_sub-39_sub-45_sub-49,XGBoost,0.7184
sub-39,sub-3_sub-15_sub-21_sub-39_sub-45_sub-49,SVM,0.6604
sub-39,sub-3_sub-15_sub-21_sub-39_sub-45_sub-49,MLP_(Neural_Network),0.7667
sub-40,sub-6_sub-15_sub-19_sub-40_sub-49_sub-64,KNN,0.6643
sub-40,sub-6_sub-15_sub-19_sub-40_sub-49_sub-64,XGBoost,0.8132
sub-40,sub-6_sub-15_sub-19_sub-40_sub-49_sub-64,SVM,0.7608
sub-40,sub-16_sub-27_sub-31_sub-40_sub-43_sub-58,KNN,0.6856
sub-40,sub-16_sub-27_sub-31_sub-40_sub-43_sub-58,XGBoost,0.6297
sub-40,sub-16_sub-27_sub-31_sub-40_sub-43_sub-58,SVM,0.6199
sub-40,sub-16_sub-27_sub-31_sub-40_sub-43_sub-58,MLP_(Neural_Network),0.6508
sub-40,sub-7_sub-14_sub-22_sub-39_sub-40_sub-49,KNN,0.7745
sub-40,sub-7_sub-14_sub-22_sub-39_sub-40_sub-49,XGBoost,0.7630
sub-40,sub-7_sub-14_sub-22_sub-39_sub-40_sub-49,SVM,0.8364
sub-40,sub-12_sub-17_sub-33_sub-40_sub-53_sub-64,KNN,0.7752
sub-40,sub-12_sub-17_sub-33_sub-40_sub-53_sub-64,XGBoost,0.7558
sub-40,sub-12_sub-17_sub-33_sub-40_sub-53_sub-64,SVM,0.8268
sub-40,sub-12_sub-17_sub-33_sub-40_sub-53_sub-64,MLP_(Neural_Network),0.7759
sub-40,sub-5_sub-29_sub-36_sub-38_sub-40_sub-57,KNN,0.6599
sub-40,sub-5_sub-29_sub-36_sub-38_sub-40_sub-57,XGBoost,0.6557
sub-40,sub-5_sub-29_sub-36_sub-38_sub-40_sub-57,SVM,0.6375
sub-40,sub-5_sub-29_sub-36_sub-38_sub-40_sub-57,MLP_(Neural_Network),0.7269
sub-41,sub-4_sub-6_sub-8_sub-41_sub-42_sub-57,KNN,0.6903
sub-41,sub-4_sub-6_sub-8_sub-41_sub-42_sub-57,XGBoost,0.7087
sub-41,sub-4_sub-6_sub-8_sub-41_sub-42_sub-57,SVM,0.7960
sub-41,sub-1_sub-11_sub-28_sub-41_sub-45_sub-47,KNN,0.7259
sub-41,sub-1_sub-11_sub-28_sub-41_sub-45_sub-47,XGBoost,0.5376
sub-41,sub-1_sub-11_sub-28_sub-41_sub-45_sub-47,SVM,0.7310
sub-41,sub-1_sub-11_sub-28_sub-41_sub-45_sub-47,MLP_(Neural_Network),0.5650
sub-41,sub-5_sub-6_sub-32_sub-41_sub-54_sub-61,KNN,0.6284
sub-41,sub-5_sub-6_sub-32_sub-41_sub-54_sub-61,XGBoost,0.5736
sub-41,sub-5_sub-6_sub-32_sub-41_sub-54_sub-61,SVM,0.5382
sub-41,sub-5_sub-6_sub-32_sub-41_sub-54_sub-61,MLP_(Neural_Network),0.6173
sub-41,sub-10_sub-17_sub-30_sub-41_sub-44_sub-60,KNN,0.6525
sub-41,sub-10_sub-17_sub-30_sub-41_sub-44_sub-60,XGBoost,0.5990
sub-41,sub-10_sub-17_sub-30_sub-41_sub-44_sub-60,SVM,0.6240
sub-41,sub-10_sub-17_sub-30_sub-41_sub-44_sub-60,MLP_(Neural_Network),0.6861
sub-41,sub-14_sub-32_sub-35_sub-41_sub-60_sub-65,KNN,0.6766
sub-41,sub-14_sub-32_sub-35_sub-41_sub-60_sub-65,XGBoost,0.7325
sub-41,sub-14_sub-32_sub-35_sub-41_sub-60_sub-65,SVM,0.5196
sub-41,sub-14_sub-32_sub-35_sub-41_sub-60_sub-65,MLP_(Neural_Network),0.8430
sub-41,sub-2_sub-8_sub-18_sub-41_sub-44_sub-60,KNN,0.7155
sub-41,sub-2_sub-8_sub-18_sub-41_sub-44_sub-60,XGBoost,0.6540
sub-41,sub-2_sub-8_sub-18_sub-41_sub-44_sub-60,SVM,0.6914
sub-41,sub-2_sub-8_sub-18_sub-41_sub-44_sub-60,MLP_(Neural_Network),0.6841
sub-41,sub-15_sub-24_sub-26_sub-41_sub-52_sub-53,KNN,0.7578
sub-41,sub-15_sub-24_sub-26_sub-41_sub-52_sub-53,XGBoost,0.6471
sub-41,sub-15_sub-24_sub-26_sub-41_sub-52_sub-53,SVM,0.7414
sub-41,sub-15_sub-24_sub-26_sub-41_sub-52_sub-53,MLP_(Neural_Network),0.7751
sub-41,sub-13_sub-20_sub-33_sub-41_sub-48_sub-61,KNN,0.6953
sub-41,sub-13_sub-20_sub-33_sub-41_sub-48_sub-61,XGBoost,0.6647
sub-41,sub-13_sub-20_sub-33_sub-41_sub-48_sub-61,SVM,0.6375
sub-41,sub-13_sub-20_sub-33_sub-41_sub-48_sub-61,MLP_(Neural_Network),0.6985
sub-42,sub-4_sub-6_sub-8_sub-41_sub-42_sub-57,KNN,0.6903
sub-42,sub-4_sub-6_sub-8_sub-41_sub-42_sub-57,XGBoost,0.7087
sub-42,sub-4_sub-6_sub-8_sub-41_sub-42_sub-57,SVM,0.7960
sub-42,sub-18_sub-24_sub-30_sub-42_sub-43_sub-48,KNN,0.7365
sub-42,sub-18_sub-24_sub-30_sub-42_sub-43_sub-48,XGBoost,0.7285
sub-42,sub-18_sub-24_sub-30_sub-42_sub-43_sub-48,SVM,0.6460
sub-42,sub-18_sub-24_sub-30_sub-42_sub-43_sub-48,MLP_(Neural_Network),0.6944
sub-42,sub-8_sub-19_sub-28_sub-37_sub-42_sub-51,KNN,0.6938
sub-42,sub-8_sub-19_sub-28_sub-37_sub-42_sub-51,XGBoost,0.6133
sub-42,sub-8_sub-19_sub-28_sub-37_sub-42_sub-51,SVM,0.7123
sub-42,sub-8_sub-19_sub-28_sub-37_sub-42_sub-51,MLP_(Neural_Network),0.7196
sub-42,sub-9_sub-31_sub-36_sub-42_sub-45_sub-53,KNN,0.5513
sub-42,sub-9_sub-31_sub-36_sub-42_sub-45_sub-53,XGBoost,0.5783
sub-42,sub-9_sub-31_sub-36_sub-42_sub-45_sub-53,SVM,0.5333
sub-42,sub-9_sub-31_sub-36_sub-42_sub-45_sub-53,MLP_(Neural_Network),0.6375
sub-43,sub-16_sub-27_sub-31_sub-40_sub-43_sub-58,KNN,0.6856
sub-43,sub-16_sub-27_sub-31_sub-40_sub-43_sub-58,XGBoost,0.6297
sub-43,sub-16_sub-27_sub-31_sub-40_sub-43_sub-58,SVM,0.6199
sub-43,sub-16_sub-27_sub-31_sub-40_sub-43_sub-58,MLP_(Neural_Network),0.6508
sub-43,sub-10_sub-32_sub-36_sub-38_sub-43_sub-46,KNN,0.5112
sub-43,sub-10_sub-32_sub-36_sub-38_sub-43_sub-46,XGBoost,0.5181
sub-43,sub-10_sub-32_sub-36_sub-38_sub-43_sub-46,SVM,0.5739
sub-43,sub-10_sub-32_sub-36_sub-38_sub-43_sub-46,MLP_(Neural_Network),0.5309
sub-43,sub-18_sub-24_sub-30_sub-42_sub-43_sub-48,KNN,0.7365
sub-43,sub-18_sub-24_sub-30_sub-42_sub-43_sub-48,XGBoost,0.7285
sub-43,sub-18_sub-24_sub-30_sub-42_sub-43_sub-48,SVM,0.6460
sub-43,sub-18_sub-24_sub-30_sub-42_sub-43_sub-48,MLP_(Neural_Network),0.6944
sub-43,sub-11_sub-27_sub-32_sub-43_sub-52_sub-64,KNN,0.7228
sub-43,sub-11_sub-27_sub-32_sub-43_sub-52_sub-64,XGBoost,0.6855
sub-43,sub-11_sub-27_sub-32_sub-43_sub-52_sub-64,SVM,0.7128
sub-43,sub-11_sub-27_sub-32_sub-43_sub-52_sub-64,MLP_(Neural_Network),0.6921
sub-43,sub-7_sub-13_sub-16_sub-43_sub-51_sub-54,KNN,0.6555
sub-43,sub-7_sub-13_sub-16_sub-43_sub-51_sub-54,XGBoost,0.6484
sub-43,sub-7_sub-13_sub-16_sub-43_sub-51_sub-54,SVM,0.6325
sub-43,sub-7_sub-13_sub-16_sub-43_sub-51_sub-54,MLP_(Neural_Network),0.6468
sub-44,sub-2_sub-6_sub-14_sub-44_sub-53_sub-56,KNN,0.6457
sub-44,sub-2_sub-6_sub-14_sub-44_sub-53_sub-56,XGBoost,0.5728
sub-44,sub-2_sub-6_sub-14_sub-44_sub-53_sub-56,SVM,0.7055
sub-44,sub-2_sub-6_sub-14_sub-44_sub-53_sub-56,MLP_(Neural_Network),0.6714
sub-44,sub-4_sub-16_sub-20_sub-44_sub-55_sub-65,KNN,0.6780
sub-44,sub-4_sub-16_sub-20_sub-44_sub-55_sub-65,XGBoost,0.7836
sub-44,sub-4_sub-16_sub-20_sub-44_sub-55_sub-65,SVM,0.6722
sub-44,sub-4_sub-16_sub-20_sub-44_sub-55_sub-65,MLP_(Neural_Network),0.8260
sub-44,sub-8_sub-29_sub-34_sub-39_sub-44_sub-47,KNN,0.6524
sub-44,sub-8_sub-29_sub-34_sub-39_sub-44_sub-47,XGBoost,0.6369
sub-44,sub-8_sub-29_sub-34_sub-39_sub-44_sub-47,SVM,0.7596
sub-44,sub-8_sub-29_sub-34_sub-39_sub-44_sub-47,MLP_(Neural_Network),0.7249
sub-44,sub-2_sub-15_sub-36_sub-37_sub-44_sub-55,KNN,0.6353
sub-44,sub-2_sub-15_sub-36_sub-37_sub-44_sub-55,XGBoost,0.6789
sub-44,sub-2_sub-15_sub-36_sub-37_sub-44_sub-55,SVM,0.6332
sub-44,sub-2_sub-15_sub-36_sub-37_sub-44_sub-55,MLP_(Neural_Network),0.7434
sub-44,sub-10_sub-17_sub-30_sub-41_sub-44_sub-60,KNN,0.6525
sub-44,sub-10_sub-17_sub-30_sub-41_sub-44_sub-60,XGBoost,0.5990
sub-44,sub-10_sub-17_sub-30_sub-41_sub-44_sub-60,SVM,0.6240
sub-44,sub-10_sub-17_sub-30_sub-41_sub-44_sub-60,MLP_(Neural_Network),0.6861
sub-44,sub-9_sub-12_sub-28_sub-44_sub-45_sub-51,KNN,0.6456
sub-44,sub-9_sub-12_sub-28_sub-44_sub-45_sub-51,XGBoost,0.4865
sub-44,sub-9_sub-12_sub-28_sub-44_sub-45_sub-51,SVM,0.5879
sub-44,sub-5_sub-13_sub-24_sub-38_sub-44_sub-58,KNN,0.7665
sub-44,sub-5_sub-13_sub-24_sub-38_sub-44_sub-58,XGBoost,0.6792
sub-44,sub-5_sub-13_sub-24_sub-38_sub-44_sub-58,SVM,0.6747
sub-44,sub-5_sub-13_sub-24_sub-38_sub-44_sub-58,MLP_(Neural_Network),0.7267
sub-44,sub-2_sub-8_sub-18_sub-41_sub-44_sub-60,KNN,0.7155
sub-44,sub-2_sub-8_sub-18_sub-41_sub-44_sub-60,XGBoost,0.6540
sub-44,sub-2_sub-8_sub-18_sub-41_sub-44_sub-60,SVM,0.6914
sub-44,sub-2_sub-8_sub-18_sub-41_sub-44_sub-60,MLP_(Neural_Network),0.6841
sub-44,sub-5_sub-22_sub-33_sub-44_sub-45_sub-58,KNN,0.6331
sub-44,sub-5_sub-22_sub-33_sub-44_sub-45_sub-58,XGBoost,0.5998
sub-44,sub-5_sub-22_sub-33_sub-44_sub-45_sub-58,SVM,0.6401
sub-44,sub-5_sub-11_sub-18_sub-44_sub-54_sub-60,KNN,0.7342
sub-44,sub-5_sub-11_sub-18_sub-44_sub-54_sub-60,XGBoost,0.6961
sub-44,sub-5_sub-11_sub-18_sub-44_sub-54_sub-60,SVM,0.7474
sub-44,sub-5_sub-11_sub-18_sub-44_sub-54_sub-60,MLP_(Neural_Network),0.7425
sub-44,sub-1_sub-6_sub-35_sub-44_sub-61_sub-64,KNN,0.6241
sub-44,sub-1_sub-6_sub-35_sub-44_sub-61_sub-64,XGBoost,0.5610
sub-44,sub-1_sub-6_sub-35_sub-44_sub-61_sub-64,SVM,0.6825
sub-44,sub-1_sub-6_sub-35_sub-44_sub-61_sub-64,MLP_(Neural_Network),0.6489
sub-45,sub-4_sub-11_sub-26_sub-37_sub-45_sub-49,KNN,0.7288
sub-45,sub-4_sub-11_sub-26_sub-37_sub-45_sub-49,XGBoost,0.7933
sub-45,sub-4_sub-11_sub-26_sub-37_sub-45_sub-49,SVM,0.6743
sub-45,sub-4_sub-11_sub-26_sub-37_sub-45_sub-49,MLP_(Neural_Network),0.7947
sub-45,sub-11_sub-25_sub-30_sub-45_sub-57_sub-59,KNN,0.5567
sub-45,sub-11_sub-25_sub-30_sub-45_sub-57_sub-59,XGBoost,0.5586
sub-45,sub-11_sub-25_sub-30_sub-45_sub-57_sub-59,SVM,0.5013
sub-45,sub-11_sub-25_sub-30_sub-45_sub-57_sub-59,MLP_(Neural_Network),0.6892
sub-45,sub-1_sub-11_sub-28_sub-41_sub-45_sub-47,KNN,0.7259
sub-45,sub-1_sub-11_sub-28_sub-41_sub-45_sub-47,XGBoost,0.5376
sub-45,sub-1_sub-11_sub-28_sub-41_sub-45_sub-47,SVM,0.7310
sub-45,sub-1_sub-11_sub-28_sub-41_sub-45_sub-47,MLP_(Neural_Network),0.5650
sub-45,sub-9_sub-12_sub-28_sub-44_sub-45_sub-51,KNN,0.6456
sub-45,sub-9_sub-12_sub-28_sub-44_sub-45_sub-51,XGBoost,0.4865
sub-45,sub-9_sub-12_sub-28_sub-44_sub-45_sub-51,SVM,0.5879
sub-45,sub-9_sub-31_sub-36_sub-42_sub-45_sub-53,KNN,0.5513
sub-45,sub-9_sub-31_sub-36_sub-42_sub-45_sub-53,XGBoost,0.5783
sub-45,sub-9_sub-31_sub-36_sub-42_sub-45_sub-53,SVM,0.5333
sub-45,sub-9_sub-31_sub-36_sub-42_sub-45_sub-53,MLP_(Neural_Network),0.6375
sub-45,sub-3_sub-15_sub-21_sub-39_sub-45_sub-49,KNN,0.6704
sub-45,sub-3_sub-15_sub-21_sub-39_sub-45_sub-49,XGBoost,0.7184
sub-45,sub-3_sub-15_sub-21_sub-39_sub-45_sub-49,SVM,0.6604
sub-45,sub-3_sub-15_sub-21_sub-39_sub-45_sub-49,MLP_(Neural_Network),0.7667
sub-45,sub-15_sub-27_sub-29_sub-45_sub-55_sub-62,KNN,0.7874
sub-45,sub-15_sub-27_sub-29_sub-45_sub-55_sub-62,XGBoost,0.8104
sub-45,sub-15_sub-27_sub-29_sub-45_sub-55_sub-62,SVM,0.7793
sub-45,sub-15_sub-27_sub-29_sub-45_sub-55_sub-62,MLP_(Neural_Network),0.8154
sub-45,sub-5_sub-22_sub-33_sub-44_sub-45_sub-58,KNN,0.6331
sub-45,sub-5_sub-22_sub-33_sub-44_sub-45_sub-58,XGBoost,0.5998
sub-45,sub-5_sub-22_sub-33_sub-44_sub-45_sub-58,SVM,0.6401
sub-46,sub-10_sub-32_sub-36_sub-38_sub-43_sub-46,KNN,0.5112
sub-46,sub-10_sub-32_sub-36_sub-38_sub-43_sub-46,XGBoost,0.5181
sub-46,sub-10_sub-32_sub-36_sub-38_sub-43_sub-46,SVM,0.5739
sub-46,sub-10_sub-32_sub-36_sub-38_sub-43_sub-46,MLP_(Neural_Network),0.5309
sub-46,sub-6_sub-8_sub-25_sub-46_sub-54_sub-63,KNN,0.5780
sub-46,sub-6_sub-8_sub-25_sub-46_sub-54_sub-63,XGBoost,0.5649
sub-46,sub-6_sub-8_sub-25_sub-46_sub-54_sub-63,SVM,0.4986
sub-46,sub-6_sub-8_sub-25_sub-46_sub-54_sub-63,MLP_(Neural_Network),0.5265
sub-47,sub-8_sub-18_sub-35_sub-47_sub-57_sub-61,KNN,0.6951
sub-47,sub-8_sub-18_sub-35_sub-47_sub-57_sub-61,XGBoost,0.7309
sub-47,sub-8_sub-18_sub-35_sub-47_sub-57_sub-61,SVM,0.6638
sub-47,sub-8_sub-18_sub-35_sub-47_sub-57_sub-61,MLP_(Neural_Network),0.7306
sub-47,sub-8_sub-29_sub-34_sub-39_sub-44_sub-47,KNN,0.6524
sub-47,sub-8_sub-29_sub-34_sub-39_sub-44_sub-47,XGBoost,0.6369
sub-47,sub-8_sub-29_sub-34_sub-39_sub-44_sub-47,SVM,0.7596
sub-47,sub-8_sub-29_sub-34_sub-39_sub-44_sub-47,MLP_(Neural_Network),0.7249
sub-47,sub-1_sub-11_sub-28_sub-41_sub-45_sub-47,KNN,0.7259
sub-47,sub-1_sub-11_sub-28_sub-41_sub-45_sub-47,XGBoost,0.5376
sub-47,sub-1_sub-11_sub-28_sub-41_sub-45_sub-47,SVM,0.7310
sub-47,sub-1_sub-11_sub-28_sub-41_sub-45_sub-47,MLP_(Neural_Network),0.5650
sub-47,sub-11_sub-34_sub-35_sub-37_sub-47_sub-56,KNN,0.7592
sub-47,sub-11_sub-34_sub-35_sub-37_sub-47_sub-56,XGBoost,0.8053
sub-47,sub-11_sub-34_sub-35_sub-37_sub-47_sub-56,SVM,0.8200
sub-47,sub-11_sub-34_sub-35_sub-37_sub-47_sub-56,MLP_(Neural_Network),0.7791
sub-47,sub-4_sub-7_sub-26_sub-47_sub-60_sub-62,KNN,0.8264
sub-47,sub-4_sub-7_sub-26_sub-47_sub-60_sub-62,XGBoost,0.8608
sub-47,sub-4_sub-7_sub-26_sub-47_sub-60_sub-62,SVM,0.6926
sub-47,sub-4_sub-7_sub-26_sub-47_sub-60_sub-62,MLP_(Neural_Network),0.8781
sub-48,sub-18_sub-24_sub-30_sub-42_sub-43_sub-48,KNN,0.7365
sub-48,sub-18_sub-24_sub-30_sub-42_sub-43_sub-48,XGBoost,0.7285
sub-48,sub-18_sub-24_sub-30_sub-42_sub-43_sub-48,SVM,0.6460
sub-48,sub-18_sub-24_sub-30_sub-42_sub-43_sub-48,MLP_(Neural_Network),0.6944
sub-48,sub-13_sub-20_sub-26_sub-48_sub-57_sub-58,KNN,0.7001
sub-48,sub-13_sub-20_sub-26_sub-48_sub-57_sub-58,XGBoost,0.7918
sub-48,sub-13_sub-20_sub-26_sub-48_sub-57_sub-58,SVM,0.7238
sub-48,sub-13_sub-20_sub-26_sub-48_sub-57_sub-58,MLP_(Neural_Network),0.7590
sub-48,sub-13_sub-20_sub-33_sub-41_sub-48_sub-61,KNN,0.6953
sub-48,sub-13_sub-20_sub-33_sub-41_sub-48_sub-61,XGBoost,0.6647
sub-48,sub-13_sub-20_sub-33_sub-41_sub-48_sub-61,SVM,0.6375
sub-48,sub-13_sub-20_sub-33_sub-41_sub-48_sub-61,MLP_(Neural_Network),0.6985
sub-48,sub-2_sub-8_sub-32_sub-48_sub-63_sub-65,KNN,0.6251
sub-48,sub-2_sub-8_sub-32_sub-48_sub-63_sub-65,XGBoost,0.6954
sub-48,sub-2_sub-8_sub-32_sub-48_sub-63_sub-65,SVM,0.5375
sub-48,sub-2_sub-8_sub-32_sub-48_sub-63_sub-65,MLP_(Neural_Network),0.7488
sub-49,sub-14_sub-21_sub-32_sub-49_sub-57_sub-65,KNN,0.7891
sub-49,sub-14_sub-21_sub-32_sub-49_sub-57_sub-65,XGBoost,0.8605
sub-49,sub-14_sub-21_sub-32_sub-49_sub-57_sub-65,SVM,0.8559
sub-49,sub-14_sub-21_sub-32_sub-49_sub-57_sub-65,MLP_(Neural_Network),0.8711
sub-49,sub-6_sub-15_sub-19_sub-40_sub-49_sub-64,KNN,0.6643
sub-49,sub-6_sub-15_sub-19_sub-40_sub-49_sub-64,XGBoost,0.8132
sub-49,sub-6_sub-15_sub-19_sub-40_sub-49_sub-64,SVM,0.7608
sub-49,sub-4_sub-11_sub-26_sub-37_sub-45_sub-49,KNN,0.7288
sub-49,sub-4_sub-11_sub-26_sub-37_sub-45_sub-49,XGBoost,0.7933
sub-49,sub-4_sub-11_sub-26_sub-37_sub-45_sub-49,SVM,0.6743
sub-49,sub-4_sub-11_sub-26_sub-37_sub-45_sub-49,MLP_(Neural_Network),0.7947
sub-49,sub-7_sub-14_sub-22_sub-39_sub-40_sub-49,KNN,0.7745
sub-49,sub-7_sub-14_sub-22_sub-39_sub-40_sub-49,XGBoost,0.7630
sub-49,sub-7_sub-14_sub-22_sub-39_sub-40_sub-49,SVM,0.8364
sub-49,sub-5_sub-25_sub-28_sub-49_sub-51_sub-56,KNN,0.6455
sub-49,sub-5_sub-25_sub-28_sub-49_sub-51_sub-56,XGBoost,0.6042
sub-49,sub-5_sub-25_sub-28_sub-49_sub-51_sub-56,SVM,0.6511
sub-49,sub-5_sub-25_sub-28_sub-49_sub-51_sub-56,MLP_(Neural_Network),0.6127
sub-49,sub-3_sub-15_sub-21_sub-39_sub-45_sub-49,KNN,0.6704
sub-49,sub-3_sub-15_sub-21_sub-39_sub-45_sub-49,XGBoost,0.7184
sub-49,sub-3_sub-15_sub-21_sub-39_sub-45_sub-49,SVM,0.6604
sub-49,sub-3_sub-15_sub-21_sub-39_sub-45_sub-49,MLP_(Neural_Network),0.7667
sub-50,sub-6_sub-7_sub-35_sub-38_sub-50_sub-55,KNN,0.6303
sub-50,sub-6_sub-7_sub-35_sub-38_sub-50_sub-55,XGBoost,0.6556
sub-50,sub-6_sub-7_sub-35_sub-38_sub-50_sub-55,SVM,0.5391
sub-50,sub-6_sub-7_sub-35_sub-38_sub-50_sub-55,MLP_(Neural_Network),0.6420
sub-50,sub-17_sub-35_sub-36_sub-50_sub-55_sub-60,KNN,0.6770
sub-50,sub-17_sub-35_sub-36_sub-50_sub-55_sub-60,XGBoost,0.6409
sub-50,sub-17_sub-35_sub-36_sub-50_sub-55_sub-60,SVM,0.5427
sub-50,sub-17_sub-35_sub-36_sub-50_sub-55_sub-60,MLP_(Neural_Network),0.7033
sub-51,sub-3_sub-17_sub-23_sub-51_sub-54_sub-60,KNN,0.6994
sub-51,sub-3_sub-17_sub-23_sub-51_sub-54_sub-60,XGBoost,0.7366
sub-51,sub-3_sub-17_sub-23_sub-51_sub-54_sub-60,SVM,0.6837
sub-51,sub-3_sub-17_sub-23_sub-51_sub-54_sub-60,MLP_(Neural_Network),0.6949
sub-51,sub-23_sub-27_sub-28_sub-51_sub-60_sub-64,KNN,0.7574
sub-51,sub-23_sub-27_sub-28_sub-51_sub-60_sub-64,XGBoost,0.7181
sub-51,sub-23_sub-27_sub-28_sub-51_sub-60_sub-64,SVM,0.7053
sub-51,sub-23_sub-27_sub-28_sub-51_sub-60_sub-64,MLP_(Neural_Network),0.7759
sub-51,sub-9_sub-12_sub-28_sub-44_sub-45_sub-51,KNN,0.6456
sub-51,sub-9_sub-12_sub-28_sub-44_sub-45_sub-51,XGBoost,0.4865
sub-51,sub-9_sub-12_sub-28_sub-44_sub-45_sub-51,SVM,0.5879
sub-51,sub-5_sub-25_sub-28_sub-49_sub-51_sub-56,KNN,0.6455
sub-51,sub-5_sub-25_sub-28_sub-49_sub-51_sub-56,XGBoost,0.6042
sub-51,sub-5_sub-25_sub-28_sub-49_sub-51_sub-56,SVM,0.6511
sub-51,sub-5_sub-25_sub-28_sub-49_sub-51_sub-56,MLP_(Neural_Network),0.6127
sub-51,sub-8_sub-19_sub-28_sub-37_sub-42_sub-51,KNN,0.6938
sub-51,sub-8_sub-19_sub-28_sub-37_sub-42_sub-51,XGBoost,0.6133
sub-51,sub-8_sub-19_sub-28_sub-37_sub-42_sub-51,SVM,0.7123
sub-51,sub-8_sub-19_sub-28_sub-37_sub-42_sub-51,MLP_(Neural_Network),0.7196
sub-51,sub-7_sub-13_sub-16_sub-43_sub-51_sub-54,KNN,0.6555
sub-51,sub-7_sub-13_sub-16_sub-43_sub-51_sub-54,XGBoost,0.6484
sub-51,sub-7_sub-13_sub-16_sub-43_sub-51_sub-54,SVM,0.6325
sub-51,sub-7_sub-13_sub-16_sub-43_sub-51_sub-54,MLP_(Neural_Network),0.6468
sub-52,sub-11_sub-27_sub-32_sub-43_sub-52_sub-64,KNN,0.7228
sub-52,sub-11_sub-27_sub-32_sub-43_sub-52_sub-64,XGBoost,0.6855
sub-52,sub-11_sub-27_sub-32_sub-43_sub-52_sub-64,SVM,0.7128
sub-52,sub-11_sub-27_sub-32_sub-43_sub-52_sub-64,MLP_(Neural_Network),0.6921
sub-52,sub-15_sub-24_sub-26_sub-41_sub-52_sub-53,KNN,0.7578
sub-52,sub-15_sub-24_sub-26_sub-41_sub-52_sub-53,XGBoost,0.6471
sub-52,sub-15_sub-24_sub-26_sub-41_sub-52_sub-53,SVM,0.7414
sub-52,sub-15_sub-24_sub-26_sub-41_sub-52_sub-53,MLP_(Neural_Network),0.7751
sub-53,sub-2_sub-6_sub-14_sub-44_sub-53_sub-56,KNN,0.6457
sub-53,sub-2_sub-6_sub-14_sub-44_sub-53_sub-56,XGBoost,0.5728
sub-53,sub-2_sub-6_sub-14_sub-44_sub-53_sub-56,SVM,0.7055
sub-53,sub-2_sub-6_sub-14_sub-44_sub-53_sub-56,MLP_(Neural_Network),0.6714
sub-53,sub-12_sub-17_sub-33_sub-40_sub-53_sub-64,KNN,0.7752
sub-53,sub-12_sub-17_sub-33_sub-40_sub-53_sub-64,XGBoost,0.7558
sub-53,sub-12_sub-17_sub-33_sub-40_sub-53_sub-64,SVM,0.8268
sub-53,sub-12_sub-17_sub-33_sub-40_sub-53_sub-64,MLP_(Neural_Network),0.7759
sub-53,sub-15_sub-24_sub-26_sub-41_sub-52_sub-53,KNN,0.7578
sub-53,sub-15_sub-24_sub-26_sub-41_sub-52_sub-53,XGBoost,0.6471
sub-53,sub-15_sub-24_sub-26_sub-41_sub-52_sub-53,SVM,0.7414
sub-53,sub-15_sub-24_sub-26_sub-41_sub-52_sub-53,MLP_(Neural_Network),0.7751
sub-53,sub-9_sub-31_sub-36_sub-42_sub-45_sub-53,KNN,0.5513
sub-53,sub-9_sub-31_sub-36_sub-42_sub-45_sub-53,XGBoost,0.5783
sub-53,sub-9_sub-31_sub-36_sub-42_sub-45_sub-53,SVM,0.5333
sub-53,sub-9_sub-31_sub-36_sub-42_sub-45_sub-53,MLP_(Neural_Network),0.6375
sub-54,sub-3_sub-17_sub-23_sub-51_sub-54_sub-60,KNN,0.6994
sub-54,sub-3_sub-17_sub-23_sub-51_sub-54_sub-60,XGBoost,0.7366
sub-54,sub-3_sub-17_sub-23_sub-51_sub-54_sub-60,SVM,0.6837
sub-54,sub-3_sub-17_sub-23_sub-51_sub-54_sub-60,MLP_(Neural_Network),0.6949
sub-54,sub-5_sub-6_sub-32_sub-41_sub-54_sub-61,KNN,0.6284
sub-54,sub-5_sub-6_sub-32_sub-41_sub-54_sub-61,XGBoost,0.5736
sub-54,sub-5_sub-6_sub-32_sub-41_sub-54_sub-61,SVM,0.5382
sub-54,sub-5_sub-6_sub-32_sub-41_sub-54_sub-61,MLP_(Neural_Network),0.6173
sub-54,sub-2_sub-13_sub-36_sub-54_sub-57_sub-59,KNN,0.6191
sub-54,sub-2_sub-13_sub-36_sub-54_sub-57_sub-59,XGBoost,0.5274
sub-54,sub-2_sub-13_sub-36_sub-54_sub-57_sub-59,SVM,0.6500
sub-54,sub-2_sub-13_sub-36_sub-54_sub-57_sub-59,MLP_(Neural_Network),0.6364
sub-54,sub-7_sub-13_sub-16_sub-43_sub-51_sub-54,KNN,0.6555
sub-54,sub-7_sub-13_sub-16_sub-43_sub-51_sub-54,XGBoost,0.6484
sub-54,sub-7_sub-13_sub-16_sub-43_sub-51_sub-54,SVM,0.6325
sub-54,sub-7_sub-13_sub-16_sub-43_sub-51_sub-54,MLP_(Neural_Network),0.6468
sub-54,sub-6_sub-8_sub-25_sub-46_sub-54_sub-63,KNN,0.5780
sub-54,sub-6_sub-8_sub-25_sub-46_sub-54_sub-63,XGBoost,0.5649
sub-54,sub-6_sub-8_sub-25_sub-46_sub-54_sub-63,SVM,0.4986
sub-54,sub-6_sub-8_sub-25_sub-46_sub-54_sub-63,MLP_(Neural_Network),0.5265
sub-54,sub-5_sub-11_sub-18_sub-44_sub-54_sub-60,KNN,0.7342
sub-54,sub-5_sub-11_sub-18_sub-44_sub-54_sub-60,XGBoost,0.6961
sub-54,sub-5_sub-11_sub-18_sub-44_sub-54_sub-60,SVM,0.7474
sub-54,sub-5_sub-11_sub-18_sub-44_sub-54_sub-60,MLP_(Neural_Network),0.7425
sub-55,sub-4_sub-16_sub-20_sub-44_sub-55_sub-65,KNN,0.6780
sub-55,sub-4_sub-16_sub-20_sub-44_sub-55_sub-65,XGBoost,0.7836
sub-55,sub-4_sub-16_sub-20_sub-44_sub-55_sub-65,SVM,0.6722
sub-55,sub-4_sub-16_sub-20_sub-44_sub-55_sub-65,MLP_(Neural_Network),0.8260
sub-55,sub-2_sub-15_sub-36_sub-37_sub-44_sub-55,KNN,0.6353
sub-55,sub-2_sub-15_sub-36_sub-37_sub-44_sub-55,XGBoost,0.6789
sub-55,sub-2_sub-15_sub-36_sub-37_sub-44_sub-55,SVM,0.6332
sub-55,sub-2_sub-15_sub-36_sub-37_sub-44_sub-55,MLP_(Neural_Network),0.7434
sub-55,sub-6_sub-7_sub-35_sub-38_sub-50_sub-55,KNN,0.6303
sub-55,sub-6_sub-7_sub-35_sub-38_sub-50_sub-55,XGBoost,0.6556
sub-55,sub-6_sub-7_sub-35_sub-38_sub-50_sub-55,SVM,0.5391
sub-55,sub-6_sub-7_sub-35_sub-38_sub-50_sub-55,MLP_(Neural_Network),0.6420
sub-55,sub-15_sub-27_sub-29_sub-45_sub-55_sub-62,KNN,0.7874
sub-55,sub-15_sub-27_sub-29_sub-45_sub-55_sub-62,XGBoost,0.8104
sub-55,sub-15_sub-27_sub-29_sub-45_sub-55_sub-62,SVM,0.7793
sub-55,sub-15_sub-27_sub-29_sub-45_sub-55_sub-62,MLP_(Neural_Network),0.8154
sub-55,sub-17_sub-35_sub-36_sub-50_sub-55_sub-60,KNN,0.6770
sub-55,sub-17_sub-35_sub-36_sub-50_sub-55_sub-60,XGBoost,0.6409
sub-55,sub-17_sub-35_sub-36_sub-50_sub-55_sub-60,SVM,0.5427
sub-55,sub-17_sub-35_sub-36_sub-50_sub-55_sub-60,MLP_(Neural_Network),0.7033
sub-56,sub-2_sub-6_sub-14_sub-44_sub-53_sub-56,KNN,0.6457
sub-56,sub-2_sub-6_sub-14_sub-44_sub-53_sub-56,XGBoost,0.5728
sub-56,sub-2_sub-6_sub-14_sub-44_sub-53_sub-56,SVM,0.7055
sub-56,sub-2_sub-6_sub-14_sub-44_sub-53_sub-56,MLP_(Neural_Network),0.6714
sub-56,sub-11_sub-34_sub-35_sub-37_sub-47_sub-56,KNN,0.7592
sub-56,sub-11_sub-34_sub-35_sub-37_sub-47_sub-56,XGBoost,0.8053
sub-56,sub-11_sub-34_sub-35_sub-37_sub-47_sub-56,SVM,0.8200
sub-56,sub-11_sub-34_sub-35_sub-37_sub-47_sub-56,MLP_(Neural_Network),0.7791
sub-56,sub-5_sub-25_sub-28_sub-49_sub-51_sub-56,KNN,0.6455
sub-56,sub-5_sub-25_sub-28_sub-49_sub-51_sub-56,XGBoost,0.6042
sub-56,sub-5_sub-25_sub-28_sub-49_sub-51_sub-56,SVM,0.6511
sub-56,sub-5_sub-25_sub-28_sub-49_sub-51_sub-56,MLP_(Neural_Network),0.6127
sub-57,sub-14_sub-21_sub-32_sub-49_sub-57_sub-65,KNN,0.7891
sub-57,sub-14_sub-21_sub-32_sub-49_sub-57_sub-65,XGBoost,0.8605
sub-57,sub-14_sub-21_sub-32_sub-49_sub-57_sub-65,SVM,0.8559
sub-57,sub-14_sub-21_sub-32_sub-49_sub-57_sub-65,MLP_(Neural_Network),0.8711
sub-57,sub-4_sub-6_sub-8_sub-41_sub-42_sub-57,KNN,0.6903
sub-57,sub-4_sub-6_sub-8_sub-41_sub-42_sub-57,XGBoost,0.7087
sub-57,sub-4_sub-6_sub-8_sub-41_sub-42_sub-57,SVM,0.7960
sub-57,sub-8_sub-18_sub-35_sub-47_sub-57_sub-61,KNN,0.6951
sub-57,sub-8_sub-18_sub-35_sub-47_sub-57_sub-61,XGBoost,0.7309
sub-57,sub-8_sub-18_sub-35_sub-47_sub-57_sub-61,SVM,0.6638
sub-57,sub-8_sub-18_sub-35_sub-47_sub-57_sub-61,MLP_(Neural_Network),0.7306
sub-57,sub-11_sub-25_sub-30_sub-45_sub-57_sub-59,KNN,0.5567
sub-57,sub-11_sub-25_sub-30_sub-45_sub-57_sub-59,XGBoost,0.5586
sub-57,sub-11_sub-25_sub-30_sub-45_sub-57_sub-59,SVM,0.5013
sub-57,sub-11_sub-25_sub-30_sub-45_sub-57_sub-59,MLP_(Neural_Network),0.6892
sub-57,sub-13_sub-20_sub-26_sub-48_sub-57_sub-58,KNN,0.7001
sub-57,sub-13_sub-20_sub-26_sub-48_sub-57_sub-58,XGBoost,0.7918
sub-57,sub-13_sub-20_sub-26_sub-48_sub-57_sub-58,SVM,0.7238
sub-57,sub-13_sub-20_sub-26_sub-48_sub-57_sub-58,MLP_(Neural_Network),0.7590
sub-57,sub-5_sub-29_sub-36_sub-38_sub-40_sub-57,KNN,0.6599
sub-57,sub-5_sub-29_sub-36_sub-38_sub-40_sub-57,XGBoost,0.6557
sub-57,sub-5_sub-29_sub-36_sub-38_sub-40_sub-57,SVM,0.6375
sub-57,sub-5_sub-29_sub-36_sub-38_sub-40_sub-57,MLP_(Neural_Network),0.7269
sub-57,sub-2_sub-13_sub-36_sub-54_sub-57_sub-59,KNN,0.6191
sub-57,sub-2_sub-13_sub-36_sub-54_sub-57_sub-59,XGBoost,0.5274
sub-57,sub-2_sub-13_sub-36_sub-54_sub-57_sub-59,SVM,0.6500
sub-57,sub-2_sub-13_sub-36_sub-54_sub-57_sub-59,MLP_(Neural_Network),0.6364
sub-58,sub-16_sub-27_sub-31_sub-40_sub-43_sub-58,KNN,0.6856
sub-58,sub-16_sub-27_sub-31_sub-40_sub-43_sub-58,XGBoost,0.6297
sub-58,sub-16_sub-27_sub-31_sub-40_sub-43_sub-58,SVM,0.6199
sub-58,sub-16_sub-27_sub-31_sub-40_sub-43_sub-58,MLP_(Neural_Network),0.6508
sub-58,sub-5_sub-13_sub-24_sub-38_sub-44_sub-58,KNN,0.7665
sub-58,sub-5_sub-13_sub-24_sub-38_sub-44_sub-58,XGBoost,0.6792
sub-58,sub-5_sub-13_sub-24_sub-38_sub-44_sub-58,SVM,0.6747
sub-58,sub-5_sub-13_sub-24_sub-38_sub-44_sub-58,MLP_(Neural_Network),0.7267
sub-58,sub-13_sub-20_sub-26_sub-48_sub-57_sub-58,KNN,0.7001
sub-58,sub-13_sub-20_sub-26_sub-48_sub-57_sub-58,XGBoost,0.7918
sub-58,sub-13_sub-20_sub-26_sub-48_sub-57_sub-58,SVM,0.7238
sub-58,sub-13_sub-20_sub-26_sub-48_sub-57_sub-58,MLP_(Neural_Network),0.7590
sub-58,sub-17_sub-34_sub-36_sub-37_sub-58_sub-64,KNN,0.7626
sub-58,sub-17_sub-34_sub-36_sub-37_sub-58_sub-64,XGBoost,0.7439
sub-58,sub-17_sub-34_sub-36_sub-37_sub-58_sub-64,SVM,0.7987
sub-58,sub-17_sub-34_sub-36_sub-37_sub-58_sub-64,MLP_(Neural_Network),0.7482
sub-58,sub-5_sub-22_sub-33_sub-44_sub-45_sub-58,KNN,0.6331
sub-58,sub-5_sub-22_sub-33_sub-44_sub-45_sub-58,XGBoost,0.5998
sub-58,sub-5_sub-22_sub-33_sub-44_sub-45_sub-58,SVM,0.6401
sub-59,sub-11_sub-25_sub-30_sub-45_sub-57_sub-59,KNN,0.5567
sub-59,sub-11_sub-25_sub-30_sub-45_sub-57_sub-59,XGBoost,0.5586
sub-59,sub-11_sub-25_sub-30_sub-45_sub-57_sub-59,SVM,0.5013
sub-59,sub-11_sub-25_sub-30_sub-45_sub-57_sub-59,MLP_(Neural_Network),0.6892
sub-59,sub-14_sub-28_sub-35_sub-59_sub-60_sub-61,KNN,0.6193
sub-59,sub-14_sub-28_sub-35_sub-59_sub-60_sub-61,XGBoost,0.5766
sub-59,sub-14_sub-28_sub-35_sub-59_sub-60_sub-61,SVM,0.5775
sub-59,sub-14_sub-28_sub-35_sub-59_sub-60_sub-61,MLP_(Neural_Network),0.5384
sub-59,sub-2_sub-13_sub-36_sub-54_sub-57_sub-59,KNN,0.6191
sub-59,sub-2_sub-13_sub-36_sub-54_sub-57_sub-59,XGBoost,0.5274
sub-59,sub-2_sub-13_sub-36_sub-54_sub-57_sub-59,SVM,0.6500
sub-59,sub-2_sub-13_sub-36_sub-54_sub-57_sub-59,MLP_(Neural_Network),0.6364
sub-59,sub-19_sub-28_sub-30_sub-59_sub-60_sub-62,KNN,0.6589
sub-59,sub-19_sub-28_sub-30_sub-59_sub-60_sub-62,XGBoost,0.7181
sub-59,sub-19_sub-28_sub-30_sub-59_sub-60_sub-62,SVM,0.6263
sub-59,sub-19_sub-28_sub-30_sub-59_sub-60_sub-62,MLP_(Neural_Network),0.6921
sub-60,sub-3_sub-17_sub-23_sub-51_sub-54_sub-60,KNN,0.6994
sub-60,sub-3_sub-17_sub-23_sub-51_sub-54_sub-60,XGBoost,0.7366
sub-60,sub-3_sub-17_sub-23_sub-51_sub-54_sub-60,SVM,0.6837
sub-60,sub-3_sub-17_sub-23_sub-51_sub-54_sub-60,MLP_(Neural_Network),0.6949
sub-60,sub-23_sub-27_sub-28_sub-51_sub-60_sub-64,KNN,0.7574
sub-60,sub-23_sub-27_sub-28_sub-51_sub-60_sub-64,XGBoost,0.7181
sub-60,sub-23_sub-27_sub-28_sub-51_sub-60_sub-64,SVM,0.7053
sub-60,sub-23_sub-27_sub-28_sub-51_sub-60_sub-64,MLP_(Neural_Network),0.7759
sub-60,sub-14_sub-28_sub-35_sub-59_sub-60_sub-61,KNN,0.6193
sub-60,sub-14_sub-28_sub-35_sub-59_sub-60_sub-61,XGBoost,0.5766
sub-60,sub-14_sub-28_sub-35_sub-59_sub-60_sub-61,SVM,0.5775
sub-60,sub-14_sub-28_sub-35_sub-59_sub-60_sub-61,MLP_(Neural_Network),0.5384
sub-60,sub-10_sub-17_sub-30_sub-41_sub-44_sub-60,KNN,0.6525
sub-60,sub-10_sub-17_sub-30_sub-41_sub-44_sub-60,XGBoost,0.5990
sub-60,sub-10_sub-17_sub-30_sub-41_sub-44_sub-60,SVM,0.6240
sub-60,sub-10_sub-17_sub-30_sub-41_sub-44_sub-60,MLP_(Neural_Network),0.6861
sub-60,sub-14_sub-32_sub-35_sub-41_sub-60_sub-65,KNN,0.6766
sub-60,sub-14_sub-32_sub-35_sub-41_sub-60_sub-65,XGBoost,0.7325
sub-60,sub-14_sub-32_sub-35_sub-41_sub-60_sub-65,SVM,0.5196
sub-60,sub-14_sub-32_sub-35_sub-41_sub-60_sub-65,MLP_(Neural_Network),0.8430
sub-60,sub-2_sub-8_sub-18_sub-41_sub-44_sub-60,KNN,0.7155
sub-60,sub-2_sub-8_sub-18_sub-41_sub-44_sub-60,XGBoost,0.6540
sub-60,sub-2_sub-8_sub-18_sub-41_sub-44_sub-60,SVM,0.6914
sub-60,sub-2_sub-8_sub-18_sub-41_sub-44_sub-60,MLP_(Neural_Network),0.6841
sub-60,sub-17_sub-35_sub-36_sub-50_sub-55_sub-60,KNN,0.6770
sub-60,sub-17_sub-35_sub-36_sub-50_sub-55_sub-60,XGBoost,0.6409
sub-60,sub-17_sub-35_sub-36_sub-50_sub-55_sub-60,SVM,0.5427
sub-60,sub-17_sub-35_sub-36_sub-50_sub-55_sub-60,MLP_(Neural_Network),0.7033
sub-60,sub-4_sub-7_sub-26_sub-47_sub-60_sub-62,KNN,0.8264
sub-60,sub-4_sub-7_sub-26_sub-47_sub-60_sub-62,XGBoost,0.8608
sub-60,sub-4_sub-7_sub-26_sub-47_sub-60_sub-62,SVM,0.6926
sub-60,sub-4_sub-7_sub-26_sub-47_sub-60_sub-62,MLP_(Neural_Network),0.8781
sub-60,sub-19_sub-28_sub-30_sub-59_sub-60_sub-62,KNN,0.6589
sub-60,sub-19_sub-28_sub-30_sub-59_sub-60_sub-62,XGBoost,0.7181
sub-60,sub-19_sub-28_sub-30_sub-59_sub-60_sub-62,SVM,0.6263
sub-60,sub-19_sub-28_sub-30_sub-59_sub-60_sub-62,MLP_(Neural_Network),0.6921
sub-60,sub-5_sub-11_sub-18_sub-44_sub-54_sub-60,KNN,0.7342
sub-60,sub-5_sub-11_sub-18_sub-44_sub-54_sub-60,XGBoost,0.6961
sub-60,sub-5_sub-11_sub-18_sub-44_sub-54_sub-60,SVM,0.7474
sub-60,sub-5_sub-11_sub-18_sub-44_sub-54_sub-60,MLP_(Neural_Network),0.7425
sub-61,sub-8_sub-18_sub-35_sub-47_sub-57_sub-61,KNN,0.6951
sub-61,sub-8_sub-18_sub-35_sub-47_sub-57_sub-61,XGBoost,0.7309
sub-61,sub-8_sub-18_sub-35_sub-47_sub-57_sub-61,SVM,0.6638
sub-61,sub-8_sub-18_sub-35_sub-47_sub-57_sub-61,MLP_(Neural_Network),0.7306
sub-61,sub-14_sub-28_sub-35_sub-59_sub-60_sub-61,KNN,0.6193
sub-61,sub-14_sub-28_sub-35_sub-59_sub-60_sub-61,XGBoost,0.5766
sub-61,sub-14_sub-28_sub-35_sub-59_sub-60_sub-61,SVM,0.5775
sub-61,sub-14_sub-28_sub-35_sub-59_sub-60_sub-61,MLP_(Neural_Network),0.5384
sub-61,sub-5_sub-6_sub-32_sub-41_sub-54_sub-61,KNN,0.6284
sub-61,sub-5_sub-6_sub-32_sub-41_sub-54_sub-61,XGBoost,0.5736
sub-61,sub-5_sub-6_sub-32_sub-41_sub-54_sub-61,SVM,0.5382
sub-61,sub-5_sub-6_sub-32_sub-41_sub-54_sub-61,MLP_(Neural_Network),0.6173
sub-61,sub-13_sub-20_sub-33_sub-41_sub-48_sub-61,KNN,0.6953
sub-61,sub-13_sub-20_sub-33_sub-41_sub-48_sub-61,XGBoost,0.6647
sub-61,sub-13_sub-20_sub-33_sub-41_sub-48_sub-61,SVM,0.6375
sub-61,sub-13_sub-20_sub-33_sub-41_sub-48_sub-61,MLP_(Neural_Network),0.6985
sub-61,sub-1_sub-6_sub-35_sub-44_sub-61_sub-64,KNN,0.6241
sub-61,sub-1_sub-6_sub-35_sub-44_sub-61_sub-64,XGBoost,0.5610
sub-61,sub-1_sub-6_sub-35_sub-44_sub-61_sub-64,SVM,0.6825
sub-61,sub-1_sub-6_sub-35_sub-44_sub-61_sub-64,MLP_(Neural_Network),0.6489
sub-61,sub-15_sub-21_sub-36_sub-38_sub-61_sub-63,KNN,0.5757
sub-61,sub-15_sub-21_sub-36_sub-38_sub-61_sub-63,XGBoost,0.6265
sub-61,sub-15_sub-21_sub-36_sub-38_sub-61_sub-63,SVM,0.5058
sub-61,sub-15_sub-21_sub-36_sub-38_sub-61_sub-63,MLP_(Neural_Network),0.5653
sub-62,sub-15_sub-27_sub-29_sub-45_sub-55_sub-62,KNN,0.7874
sub-62,sub-15_sub-27_sub-29_sub-45_sub-55_sub-62,XGBoost,0.8104
sub-62,sub-15_sub-27_sub-29_sub-45_sub-55_sub-62,SVM,0.7793
sub-62,sub-15_sub-27_sub-29_sub-45_sub-55_sub-62,MLP_(Neural_Network),0.8154
sub-62,sub-4_sub-7_sub-26_sub-47_sub-60_sub-62,KNN,0.8264
sub-62,sub-4_sub-7_sub-26_sub-47_sub-60_sub-62,XGBoost,0.8608
sub-62,sub-4_sub-7_sub-26_sub-47_sub-60_sub-62,SVM,0.6926
sub-62,sub-4_sub-7_sub-26_sub-47_sub-60_sub-62,MLP_(Neural_Network),0.8781
sub-62,sub-19_sub-28_sub-30_sub-59_sub-60_sub-62,KNN,0.6589
sub-62,sub-19_sub-28_sub-30_sub-59_sub-60_sub-62,XGBoost,0.7181
sub-62,sub-19_sub-28_sub-30_sub-59_sub-60_sub-62,SVM,0.6263
sub-62,sub-19_sub-28_sub-30_sub-59_sub-60_sub-62,MLP_(Neural_Network),0.6921
sub-63,sub-2_sub-8_sub-32_sub-48_sub-63_sub-65,KNN,0.6251
sub-63,sub-2_sub-8_sub-32_sub-48_sub-63_sub-65,XGBoost,0.6954
sub-63,sub-2_sub-8_sub-32_sub-48_sub-63_sub-65,SVM,0.5375
sub-63,sub-2_sub-8_sub-32_sub-48_sub-63_sub-65,MLP_(Neural_Network),0.7488
sub-63,sub-6_sub-8_sub-25_sub-46_sub-54_sub-63,KNN,0.5780
sub-63,sub-6_sub-8_sub-25_sub-46_sub-54_sub-63,XGBoost,0.5649
sub-63,sub-6_sub-8_sub-25_sub-46_sub-54_sub-63,SVM,0.4986
sub-63,sub-6_sub-8_sub-25_sub-46_sub-54_sub-63,MLP_(Neural_Network),0.5265
sub-63,sub-15_sub-21_sub-36_sub-38_sub-61_sub-63,KNN,0.5757
sub-63,sub-15_sub-21_sub-36_sub-38_sub-61_sub-63,XGBoost,0.6265
sub-63,sub-15_sub-21_sub-36_sub-38_sub-61_sub-63,SVM,0.5058
sub-63,sub-15_sub-21_sub-36_sub-38_sub-61_sub-63,MLP_(Neural_Network),0.5653
sub-64,sub-6_sub-15_sub-19_sub-40_sub-49_sub-64,KNN,0.6643
sub-64,sub-6_sub-15_sub-19_sub-40_sub-49_sub-64,XGBoost,0.8132
sub-64,sub-6_sub-15_sub-19_sub-40_sub-49_sub-64,SVM,0.7608
sub-64,sub-23_sub-27_sub-28_sub-51_sub-60_sub-64,KNN,0.7574
sub-64,sub-23_sub-27_sub-28_sub-51_sub-60_sub-64,XGBoost,0.7181
sub-64,sub-23_sub-27_sub-28_sub-51_sub-60_sub-64,SVM,0.7053
sub-64,sub-23_sub-27_sub-28_sub-51_sub-60_sub-64,MLP_(Neural_Network),0.7759
sub-64,sub-12_sub-17_sub-33_sub-40_sub-53_sub-64,KNN,0.7752
sub-64,sub-12_sub-17_sub-33_sub-40_sub-53_sub-64,XGBoost,0.7558
sub-64,sub-12_sub-17_sub-33_sub-40_sub-53_sub-64,SVM,0.8268
sub-64,sub-12_sub-17_sub-33_sub-40_sub-53_sub-64,MLP_(Neural_Network),0.7759
sub-64,sub-11_sub-27_sub-32_sub-43_sub-52_sub-64,KNN,0.7228
sub-64,sub-11_sub-27_sub-32_sub-43_sub-52_sub-64,XGBoost,0.6855
sub-64,sub-11_sub-27_sub-32_sub-43_sub-52_sub-64,SVM,0.7128
sub-64,sub-11_sub-27_sub-32_sub-43_sub-52_sub-64,MLP_(Neural_Network),0.6921
sub-64,sub-17_sub-34_sub-36_sub-37_sub-58_sub-64,KNN,0.7626
sub-64,sub-17_sub-34_sub-36_sub-37_sub-58_sub-64,XGBoost,0.7439
sub-64,sub-17_sub-34_sub-36_sub-37_sub-58_sub-64,SVM,0.7987
sub-64,sub-17_sub-34_sub-36_sub-37_sub-58_sub-64,MLP_(Neural_Network),0.7482
sub-64,sub-1_sub-6_sub-35_sub-44_sub-61_sub-64,KNN,0.6241
sub-64,sub-1_sub-6_sub-35_sub-44_sub-61_sub-64,XGBoost,0.5610
sub-64,sub-1_sub-6_sub-35_sub-44_sub-61_sub-64,SVM,0.6825
sub-64,sub-1_sub-6_sub-35_sub-44_sub-61_sub-64,MLP_(Neural_Network),0.6489
sub-65,sub-14_sub-21_sub-32_sub-49_sub-57_sub-65,KNN,0.7891
sub-65,sub-14_sub-21_sub-32_sub-49_sub-57_sub-65,XGBoost,0.8605
sub-65,sub-14_sub-21_sub-32_sub-49_sub-57_sub-65,SVM,0.8559
sub-65,sub-14_sub-21_sub-32_sub-49_sub-57_sub-65,MLP_(Neural_Network),0.8711
sub-65,sub-4_sub-16_sub-20_sub-44_sub-55_sub-65,KNN,0.6780
sub-65,sub-4_sub-16_sub-20_sub-44_sub-55_sub-65,XGBoost,0.7836
sub-65,sub-4_sub-16_sub-20_sub-44_sub-55_sub-65,SVM,0.6722
sub-65,sub-4_sub-16_sub-20_sub-44_sub-55_sub-65,MLP_(Neural_Network),0.8260
sub-65,sub-14_sub-32_sub-35_sub-41_sub-60_sub-65,KNN,0.6766
sub-65,sub-14_sub-32_sub-35_sub-41_sub-60_sub-65,XGBoost,0.7325
sub-65,sub-14_sub-32_sub-35_sub-41_sub-60_sub-65,SVM,0.5196
sub-65,sub-14_sub-32_sub-35_sub-41_sub-60_sub-65,MLP_(Neural_Network),0.8430
sub-65,sub-4_sub-5_sub-15_sub-38_sub-39_sub-65,KNN,0.7058
sub-65,sub-4_sub-5_sub-15_sub-38_sub-39_sub-65,XGBoost,0.6674
sub-65,sub-4_sub-5_sub-15_sub-38_sub-39_sub-65,SVM,0.6142
sub-65,sub-4_sub-5_sub-15_sub-38_sub-39_sub-65,MLP_(Neural_Network),0.7744
sub-65,sub-2_sub-8_sub-32_sub-48_sub-63_sub-65,KNN,0.6251
sub-65,sub-2_sub-8_sub-32_sub-48_sub-63_sub-65,XGBoost,0.6954
sub-65,sub-2_sub-8_sub-32_sub-48_sub-63_sub-65,SVM,0.5375
sub-65,sub-2_sub-8_sub-32_sub-48_sub-63_sub-65,MLP_(Neural_Network),0.7488
