Experiment,Experiment_Type,Subject,Model,Mean_Accuracy,Min_Accuracy,Max_Accuracy,Swing,Std_Dev,N_Folds,CI_95,SE,Fold_IDs
ANOVA_L_6_Random,random,sub-2,"KNN (n_neighbors=unknown, metric=euclidean, weights=uniform)",0.6539,0.6191,0.7155,0.0964,0.0425,4,"[0.188, 1.000]",0.2379,sub-2_sub-6_sub-14_sub-44_sub-53_sub-56;sub-2_sub-15_sub-36_sub-37_sub-44_sub-55;sub-2_sub-8_sub-18_sub-41_sub-44_sub-60;sub-2_sub-13_sub-36_sub-54_sub-57_sub-59
ANOVA_L_6_Random,random,sub-2,"XGBoost (learning_rate=unknown, max_depth=unknown, n_estimators=unknown)",0.6352,0.5728,0.6789,0.1061,0.0555,3,"[0.090, 1.000]",0.2779,sub-2_sub-6_sub-14_sub-44_sub-53_sub-56;sub-2_sub-15_sub-36_sub-37_sub-44_sub-55;sub-2_sub-8_sub-18_sub-41_sub-44_sub-60
ANOVA_L_6_Random,random,sub-2,"SVM (kernel=linear, C=0.1, gamma=auto)",0.6823,0.6500,0.7055,0.0555,0.0288,3,"[0.155, 1.000]",0.2688,sub-2_sub-6_sub-14_sub-44_sub-53_sub-56;sub-2_sub-8_sub-18_sub-41_sub-44_sub-60;sub-2_sub-13_sub-36_sub-54_sub-57_sub-59
ANOVA_L_6_Random,random,sub-6,"KNN (n_neighbors=unknown, metric=euclidean, weights=uniform)",0.6235,0.5780,0.6643,0.0863,0.0433,3,"[0.075, 1.000]",0.2797,sub-6_sub-15_sub-19_sub-40_sub-49_sub-64;sub-5_sub-6_sub-32_sub-41_sub-54_sub-61;sub-6_sub-8_sub-25_sub-46_sub-54_sub-63
ANOVA_L_6_Random,random,sub-6,"KNN (n_neighbors=unknown, metric=euclidean, weights=uniform)",0.6482,0.6241,0.6903,0.0662,0.0366,3,"[0.108, 1.000]",0.2757,sub-4_sub-6_sub-8_sub-41_sub-42_sub-57;sub-6_sub-7_sub-35_sub-38_sub-50_sub-55;sub-1_sub-6_sub-35_sub-44_sub-61_sub-64
ANOVA_L_6_Random,random,sub-6,"XGBoost (learning_rate=unknown, max_depth=unknown, n_estimators=unknown)",0.6336,0.5610,0.8132,0.2522,0.1076,5,"[0.211, 1.000]",0.2155,sub-6_sub-15_sub-19_sub-40_sub-49_sub-64;sub-5_sub-6_sub-32_sub-41_sub-54_sub-61;sub-6_sub-7_sub-35_sub-38_sub-50_sub-55;sub-6_sub-8_sub-25_sub-46_sub-54_sub-63;sub-1_sub-6_sub-35_sub-44_sub-61_sub-64
ANOVA_L_6_Random,random,sub-6,"SVM (kernel=poly, C=0.1, gamma=auto)",0.6608,0.5391,0.7608,0.2217,0.1125,3,"[0.125, 1.000]",0.2733,sub-6_sub-15_sub-19_sub-40_sub-49_sub-64;sub-6_sub-7_sub-35_sub-38_sub-50_sub-55;sub-1_sub-6_sub-35_sub-44_sub-61_sub-64
ANOVA_L_6_Random,random,sub-6,"MLP (activation=tanh, alpha=0.1, hidden=[])",0.6222,0.5265,0.6714,0.1449,0.0650,4,"[0.147, 1.000]",0.2424,sub-2_sub-6_sub-14_sub-44_sub-53_sub-56;sub-6_sub-7_sub-35_sub-38_sub-50_sub-55;sub-6_sub-8_sub-25_sub-46_sub-54_sub-63;sub-1_sub-6_sub-35_sub-44_sub-61_sub-64
ANOVA_L_6_Random,random,sub-14,"KNN (n_neighbors=unknown, metric=euclidean, weights=uniform)",0.6847,0.6193,0.7891,0.1697,0.0913,3,"[0.159, 1.000]",0.2683,sub-2_sub-6_sub-14_sub-44_sub-53_sub-56;sub-14_sub-21_sub-32_sub-49_sub-57_sub-65;sub-14_sub-28_sub-35_sub-59_sub-60_sub-61
ANOVA_L_6_Random,random,sub-14,"XGBoost (learning_rate=unknown, max_depth=unknown, n_estimators=unknown)",0.6699,0.5728,0.8605,0.2877,0.1650,3,"[0.138, 1.000]",0.2715,sub-2_sub-6_sub-14_sub-44_sub-53_sub-56;sub-14_sub-21_sub-32_sub-49_sub-57_sub-65;sub-14_sub-28_sub-35_sub-59_sub-60_sub-61
ANOVA_L_6_Random,random,sub-14,"SVM (kernel=linear, C=0.1, gamma=auto)",0.7130,0.5775,0.8559,0.2784,0.1394,3,"[0.201, 1.000]",0.2612,sub-2_sub-6_sub-14_sub-44_sub-53_sub-56;sub-14_sub-21_sub-32_sub-49_sub-57_sub-65;sub-14_sub-28_sub-35_sub-59_sub-60_sub-61
ANOVA_L_6_Random,random,sub-44,"KNN (n_neighbors=unknown, metric=euclidean, weights=uniform)",0.6827,0.6353,0.7342,0.0989,0.0495,4,"[0.227, 1.000]",0.2327,sub-2_sub-6_sub-14_sub-44_sub-53_sub-56;sub-2_sub-15_sub-36_sub-37_sub-44_sub-55;sub-2_sub-8_sub-18_sub-41_sub-44_sub-60;sub-5_sub-11_sub-18_sub-44_sub-54_sub-60
ANOVA_L_6_Random,random,sub-44,"KNN (n_neighbors=unknown, metric=euclidean, weights=uniform)",0.6480,0.6241,0.6780,0.0539,0.0208,5,"[0.229, 1.000]",0.2136,sub-4_sub-16_sub-20_sub-44_sub-55_sub-65;sub-8_sub-29_sub-34_sub-39_sub-44_sub-47;sub-10_sub-17_sub-30_sub-41_sub-44_sub-60;sub-5_sub-22_sub-33_sub-44_sub-45_sub-58;sub-1_sub-6_sub-35_sub-44_sub-61_sub-64
ANOVA_L_6_Random,random,sub-44,"XGBoost (learning_rate=unknown, max_depth=unknown, n_estimators=unknown)",0.6352,0.5728,0.6789,0.1061,0.0555,3,"[0.090, 1.000]",0.2779,sub-2_sub-6_sub-14_sub-44_sub-53_sub-56;sub-2_sub-15_sub-36_sub-37_sub-44_sub-55;sub-2_sub-8_sub-18_sub-41_sub-44_sub-60
ANOVA_L_6_Random,random,sub-44,"XGBoost (learning_rate=unknown, max_depth=unknown, n_estimators=unknown)",0.6209,0.4865,0.7836,0.2971,0.0937,7,"[0.261, 0.980]",0.1834,sub-4_sub-16_sub-20_sub-44_sub-55_sub-65;sub-8_sub-29_sub-34_sub-39_sub-44_sub-47;sub-10_sub-17_sub-30_sub-41_sub-44_sub-60;sub-9_sub-12_sub-28_sub-44_sub-45_sub-51;sub-5_sub-13_sub-24_sub-38_sub-44_sub-58;sub-5_sub-22_sub-33_sub-44_sub-45_sub-58;sub-1_sub-6_sub-35_sub-44_sub-61_sub-64
ANOVA_L_6_Random,random,sub-44,"SVM (kernel=linear, C=0.1, gamma=auto)",0.7148,0.6914,0.7474,0.0561,0.0292,3,"[0.204, 1.000]",0.2607,sub-2_sub-6_sub-14_sub-44_sub-53_sub-56;sub-2_sub-8_sub-18_sub-41_sub-44_sub-60;sub-5_sub-11_sub-18_sub-44_sub-54_sub-60
ANOVA_L_6_Random,random,sub-44,"SVM (kernel=poly, C=0.1, gamma=auto)",0.6368,0.5879,0.6825,0.0946,0.0474,3,"[0.093, 1.000]",0.2777,sub-9_sub-12_sub-28_sub-44_sub-45_sub-51;sub-5_sub-22_sub-33_sub-44_sub-45_sub-58;sub-1_sub-6_sub-35_sub-44_sub-61_sub-64
ANOVA_L_6_Random,random,sub-44,"SVM (kernel=rbf, C=0.1, gamma=auto)",0.6727,0.6240,0.7596,0.1357,0.0536,5,"[0.261, 1.000]",0.2098,sub-4_sub-16_sub-20_sub-44_sub-55_sub-65;sub-8_sub-29_sub-34_sub-39_sub-44_sub-47;sub-2_sub-15_sub-36_sub-37_sub-44_sub-55;sub-10_sub-17_sub-30_sub-41_sub-44_sub-60;sub-5_sub-13_sub-24_sub-38_sub-44_sub-58
ANOVA_L_6_Random,random,sub-44,"MLP (activation=tanh, alpha=0.1, hidden=[])",0.7181,0.6489,0.8260,0.1771,0.0582,7,"[0.385, 1.000]",0.1701,sub-2_sub-6_sub-14_sub-44_sub-53_sub-56;sub-4_sub-16_sub-20_sub-44_sub-55_sub-65;sub-8_sub-29_sub-34_sub-39_sub-44_sub-47;sub-10_sub-17_sub-30_sub-41_sub-44_sub-60;sub-5_sub-13_sub-24_sub-38_sub-44_sub-58;sub-5_sub-11_sub-18_sub-44_sub-54_sub-60;sub-1_sub-6_sub-35_sub-44_sub-61_sub-64
ANOVA_L_6_Random,random,sub-53,"KNN (n_neighbors=unknown, metric=euclidean, weights=uniform)",0.7262,0.6457,0.7752,0.1295,0.0703,3,"[0.222, 1.000]",0.2574,sub-2_sub-6_sub-14_sub-44_sub-53_sub-56;sub-12_sub-17_sub-33_sub-40_sub-53_sub-64;sub-15_sub-24_sub-26_sub-41_sub-52_sub-53
ANOVA_L_6_Random,random,sub-53,"XGBoost (learning_rate=unknown, max_depth=unknown, n_estimators=unknown)",0.6586,0.5728,0.7558,0.1831,0.0921,3,"[0.122, 1.000]",0.2738,sub-2_sub-6_sub-14_sub-44_sub-53_sub-56;sub-12_sub-17_sub-33_sub-40_sub-53_sub-64;sub-15_sub-24_sub-26_sub-41_sub-52_sub-53
ANOVA_L_6_Random,random,sub-53,"SVM (kernel=linear, C=0.1, gamma=auto)",0.7579,0.7055,0.8268,0.1214,0.0623,3,"[0.273, 1.000]",0.2473,sub-2_sub-6_sub-14_sub-44_sub-53_sub-56;sub-12_sub-17_sub-33_sub-40_sub-53_sub-64;sub-15_sub-24_sub-26_sub-41_sub-52_sub-53
ANOVA_L_6_Random,random,sub-32,"XGBoost (learning_rate=unknown, max_depth=unknown, n_estimators=unknown)",0.6299,0.5181,0.7325,0.2145,0.1008,4,"[0.157, 1.000]",0.2414,sub-10_sub-32_sub-36_sub-38_sub-43_sub-46;sub-5_sub-6_sub-32_sub-41_sub-54_sub-61;sub-14_sub-32_sub-35_sub-41_sub-60_sub-65;sub-2_sub-8_sub-32_sub-48_sub-63_sub-65
ANOVA_L_6_Random,random,sub-32,"SVM (kernel=rbf, C=0.1, gamma=auto)",0.5423,0.5196,0.5739,0.0542,0.0227,4,"[0.054, 1.000]",0.2491,sub-10_sub-32_sub-36_sub-38_sub-43_sub-46;sub-5_sub-6_sub-32_sub-41_sub-54_sub-61;sub-14_sub-32_sub-35_sub-41_sub-60_sub-65;sub-2_sub-8_sub-32_sub-48_sub-63_sub-65
ANOVA_L_6_Random,random,sub-32,"MLP (activation=tanh, alpha=0.1, hidden=[])",0.7076,0.5309,0.8430,0.3121,0.1601,3,"[0.193, 1.000]",0.2626,sub-10_sub-32_sub-36_sub-38_sub-43_sub-46;sub-14_sub-32_sub-35_sub-41_sub-60_sub-65;sub-2_sub-8_sub-32_sub-48_sub-63_sub-65
ANOVA_L_6_Random,random,sub-49,"KNN (n_neighbors=unknown, metric=euclidean, weights=uniform)",0.7031,0.6643,0.7745,0.1103,0.0620,3,"[0.186, 1.000]",0.2638,sub-6_sub-15_sub-19_sub-40_sub-49_sub-64;sub-7_sub-14_sub-22_sub-39_sub-40_sub-49;sub-3_sub-15_sub-21_sub-39_sub-45_sub-49
ANOVA_L_6_Random,random,sub-49,"XGBoost (learning_rate=unknown, max_depth=unknown, n_estimators=unknown)",0.7119,0.6042,0.8132,0.2090,0.1046,3,"[0.199, 1.000]",0.2615,sub-6_sub-15_sub-19_sub-40_sub-49_sub-64;sub-5_sub-25_sub-28_sub-49_sub-51_sub-56;sub-3_sub-15_sub-21_sub-39_sub-45_sub-49
ANOVA_L_6_Random,random,sub-49,"SVM (kernel=poly, C=0.1, gamma=auto)",0.7307,0.6511,0.8364,0.1853,0.0849,4,"[0.296, 1.000]",0.2218,sub-6_sub-15_sub-19_sub-40_sub-49_sub-64;sub-4_sub-11_sub-26_sub-37_sub-45_sub-49;sub-7_sub-14_sub-22_sub-39_sub-40_sub-49;sub-5_sub-25_sub-28_sub-49_sub-51_sub-56
ANOVA_L_6_Random,random,sub-49,"MLP (activation=tanh, alpha=0.1, hidden=[])",0.7247,0.6127,0.7947,0.1820,0.0980,3,"[0.219, 1.000]",0.2579,sub-4_sub-11_sub-26_sub-37_sub-45_sub-49;sub-5_sub-25_sub-28_sub-49_sub-51_sub-56;sub-3_sub-15_sub-21_sub-39_sub-45_sub-49
ANOVA_L_6_Random,random,sub-57,"KNN (n_neighbors=unknown, metric=euclidean, weights=uniform)",0.6550,0.5567,0.7891,0.2323,0.1203,3,"[0.117, 1.000]",0.2745,sub-14_sub-21_sub-32_sub-49_sub-57_sub-65;sub-11_sub-25_sub-30_sub-45_sub-57_sub-59;sub-2_sub-13_sub-36_sub-54_sub-57_sub-59
ANOVA_L_6_Random,random,sub-57,"KNN (n_neighbors=unknown, metric=euclidean, weights=uniform)",0.6863,0.6599,0.7001,0.0402,0.0181,4,"[0.232, 1.000]",0.2320,sub-4_sub-6_sub-8_sub-41_sub-42_sub-57;sub-8_sub-18_sub-35_sub-47_sub-57_sub-61;sub-13_sub-20_sub-26_sub-48_sub-57_sub-58;sub-5_sub-29_sub-36_sub-38_sub-40_sub-57
ANOVA_L_6_Random,random,sub-57,"XGBoost (learning_rate=unknown, max_depth=unknown, n_estimators=unknown)",0.7262,0.6557,0.7918,0.1361,0.0682,3,"[0.222, 1.000]",0.2575,sub-8_sub-18_sub-35_sub-47_sub-57_sub-61;sub-13_sub-20_sub-26_sub-48_sub-57_sub-58;sub-5_sub-29_sub-36_sub-38_sub-40_sub-57
ANOVA_L_6_Random,random,sub-57,"SVM (kernel=linear, C=0.1, gamma=auto)",0.7008,0.5013,0.8559,0.3547,0.1587,4,"[0.252, 1.000]",0.2290,sub-14_sub-21_sub-32_sub-49_sub-57_sub-65;sub-4_sub-6_sub-8_sub-41_sub-42_sub-57;sub-11_sub-25_sub-30_sub-45_sub-57_sub-59;sub-2_sub-13_sub-36_sub-54_sub-57_sub-59
ANOVA_L_6_Random,random,sub-57,"MLP (activation=tanh, alpha=0.1, hidden=[])",0.7388,0.7269,0.7590,0.0320,0.0175,3,"[0.242, 1.000]",0.2536,sub-8_sub-18_sub-35_sub-47_sub-57_sub-61;sub-13_sub-20_sub-26_sub-48_sub-57_sub-58;sub-5_sub-29_sub-36_sub-38_sub-40_sub-57
ANOVA_L_6_Random,random,sub-65,"KNN (n_neighbors=unknown, metric=euclidean, weights=uniform)",0.6599,0.6251,0.6780,0.0529,0.0302,3,"[0.124, 1.000]",0.2735,sub-4_sub-16_sub-20_sub-44_sub-55_sub-65;sub-14_sub-32_sub-35_sub-41_sub-60_sub-65;sub-2_sub-8_sub-32_sub-48_sub-63_sub-65
ANOVA_L_6_Random,random,sub-65,"XGBoost (learning_rate=unknown, max_depth=unknown, n_estimators=unknown)",0.7197,0.6674,0.7836,0.1162,0.0502,4,"[0.280, 1.000]",0.2246,sub-4_sub-16_sub-20_sub-44_sub-55_sub-65;sub-14_sub-32_sub-35_sub-41_sub-60_sub-65;sub-4_sub-5_sub-15_sub-38_sub-39_sub-65;sub-2_sub-8_sub-32_sub-48_sub-63_sub-65
ANOVA_L_6_Random,random,sub-65,"SVM (kernel=rbf, C=0.1, gamma=auto)",0.5859,0.5196,0.6722,0.1526,0.0707,4,"[0.103, 1.000]",0.2463,sub-4_sub-16_sub-20_sub-44_sub-55_sub-65;sub-14_sub-32_sub-35_sub-41_sub-60_sub-65;sub-4_sub-5_sub-15_sub-38_sub-39_sub-65;sub-2_sub-8_sub-32_sub-48_sub-63_sub-65
ANOVA_L_6_Random,random,sub-65,"MLP (activation=tanh, alpha=0.1, hidden=[])",0.7980,0.7488,0.8430,0.0942,0.0439,4,"[0.405, 1.000]",0.2007,sub-4_sub-16_sub-20_sub-44_sub-55_sub-65;sub-14_sub-32_sub-35_sub-41_sub-60_sub-65;sub-4_sub-5_sub-15_sub-38_sub-39_sub-65;sub-2_sub-8_sub-32_sub-48_sub-63_sub-65
ANOVA_L_6_Random,random,sub-17,"KNN (n_neighbors=unknown, metric=euclidean, weights=uniform)",0.7457,0.6994,0.7752,0.0758,0.0406,3,"[0.253, 1.000]",0.2514,sub-3_sub-17_sub-23_sub-51_sub-54_sub-60;sub-12_sub-17_sub-33_sub-40_sub-53_sub-64;sub-17_sub-34_sub-36_sub-37_sub-58_sub-64
ANOVA_L_6_Random,random,sub-17,"SVM (kernel=linear, C=0.1, gamma=auto)",0.7697,0.6837,0.8268,0.1431,0.0758,3,"[0.293, 1.000]",0.2431,sub-3_sub-17_sub-23_sub-51_sub-54_sub-60;sub-12_sub-17_sub-33_sub-40_sub-53_sub-64;sub-17_sub-34_sub-36_sub-37_sub-58_sub-64
ANOVA_L_6_Random,random,sub-17,"MLP (activation=tanh, alpha=0.1, hidden=[])",0.6948,0.6861,0.7033,0.0172,0.0086,3,"[0.174, 1.000]",0.2659,sub-3_sub-17_sub-23_sub-51_sub-54_sub-60;sub-10_sub-17_sub-30_sub-41_sub-44_sub-60;sub-17_sub-35_sub-36_sub-50_sub-55_sub-60
ANOVA_L_6_Random,random,sub-51,"KNN (n_neighbors=unknown, metric=euclidean, weights=uniform)",0.6989,0.6456,0.7574,0.1118,0.0561,3,"[0.180, 1.000]",0.2648,sub-23_sub-27_sub-28_sub-51_sub-60_sub-64;sub-9_sub-12_sub-28_sub-44_sub-45_sub-51;sub-8_sub-19_sub-28_sub-37_sub-42_sub-51
ANOVA_L_6_Random,random,sub-51,"XGBoost (learning_rate=unknown, max_depth=unknown, n_estimators=unknown)",0.6141,0.4865,0.7181,0.2316,0.0842,5,"[0.187, 1.000]",0.2177,sub-23_sub-27_sub-28_sub-51_sub-60_sub-64;sub-9_sub-12_sub-28_sub-44_sub-45_sub-51;sub-5_sub-25_sub-28_sub-49_sub-51_sub-56;sub-8_sub-19_sub-28_sub-37_sub-42_sub-51;sub-7_sub-13_sub-16_sub-43_sub-51_sub-54
ANOVA_L_6_Random,random,sub-51,"SVM (kernel=poly, C=0.1, gamma=auto)",0.6481,0.5879,0.7053,0.1174,0.0588,3,"[0.108, 1.000]",0.2757,sub-23_sub-27_sub-28_sub-51_sub-60_sub-64;sub-9_sub-12_sub-28_sub-44_sub-45_sub-51;sub-5_sub-25_sub-28_sub-49_sub-51_sub-56
ANOVA_L_6_Random,random,sub-51,"MLP (activation=tanh, alpha=0.1, hidden=[])",0.6900,0.6127,0.7759,0.1631,0.0635,5,"[0.285, 1.000]",0.2068,sub-3_sub-17_sub-23_sub-51_sub-54_sub-60;sub-23_sub-27_sub-28_sub-51_sub-60_sub-64;sub-5_sub-25_sub-28_sub-49_sub-51_sub-56;sub-8_sub-19_sub-28_sub-37_sub-42_sub-51;sub-7_sub-13_sub-16_sub-43_sub-51_sub-54
ANOVA_L_6_Random,random,sub-54,"KNN (n_neighbors=unknown, metric=euclidean, weights=uniform)",0.6842,0.6191,0.7342,0.1151,0.0590,3,"[0.158, 1.000]",0.2684,sub-3_sub-17_sub-23_sub-51_sub-54_sub-60;sub-2_sub-13_sub-36_sub-54_sub-57_sub-59;sub-5_sub-11_sub-18_sub-44_sub-54_sub-60
ANOVA_L_6_Random,random,sub-54,"XGBoost (learning_rate=unknown, max_depth=unknown, n_estimators=unknown)",0.5956,0.5649,0.6484,0.0835,0.0459,3,"[0.040, 1.000]",0.2833,sub-5_sub-6_sub-32_sub-41_sub-54_sub-61;sub-7_sub-13_sub-16_sub-43_sub-51_sub-54;sub-6_sub-8_sub-25_sub-46_sub-54_sub-63
ANOVA_L_6_Random,random,sub-54,"SVM (kernel=linear, C=0.1, gamma=auto)",0.6937,0.6500,0.7474,0.0975,0.0495,3,"[0.172, 1.000]",0.2661,sub-3_sub-17_sub-23_sub-51_sub-54_sub-60;sub-2_sub-13_sub-36_sub-54_sub-57_sub-59;sub-5_sub-11_sub-18_sub-44_sub-54_sub-60
ANOVA_L_6_Random,random,sub-54,"SVM (kernel=rbf, C=0.1, gamma=auto)",0.5564,0.4986,0.6325,0.1339,0.0688,3,"[0.000, 1.000]",0.2868,sub-5_sub-6_sub-32_sub-41_sub-54_sub-61;sub-7_sub-13_sub-16_sub-43_sub-51_sub-54;sub-6_sub-8_sub-25_sub-46_sub-54_sub-63
ANOVA_L_6_Random,random,sub-54,"MLP (activation=tanh, alpha=0.1, hidden=[])",0.6527,0.5265,0.7425,0.2160,0.0928,4,"[0.186, 1.000]",0.2381,sub-3_sub-17_sub-23_sub-51_sub-54_sub-60;sub-7_sub-13_sub-16_sub-43_sub-51_sub-54;sub-6_sub-8_sub-25_sub-46_sub-54_sub-63;sub-5_sub-11_sub-18_sub-44_sub-54_sub-60
ANOVA_L_6_Random,random,sub-60,"KNN (n_neighbors=unknown, metric=euclidean, weights=uniform)",0.7190,0.6193,0.8264,0.2071,0.0743,5,"[0.325, 1.000]",0.2010,sub-3_sub-17_sub-23_sub-51_sub-54_sub-60;sub-14_sub-28_sub-35_sub-59_sub-60_sub-61;sub-2_sub-8_sub-18_sub-41_sub-44_sub-60;sub-4_sub-7_sub-26_sub-47_sub-60_sub-62;sub-5_sub-11_sub-18_sub-44_sub-54_sub-60
ANOVA_L_6_Random,random,sub-60,"KNN (n_neighbors=unknown, metric=euclidean, weights=uniform)",0.6662,0.6525,0.6770,0.0245,0.0125,4,"[0.204, 1.000]",0.2358,sub-10_sub-17_sub-30_sub-41_sub-44_sub-60;sub-14_sub-32_sub-35_sub-41_sub-60_sub-65;sub-17_sub-35_sub-36_sub-50_sub-55_sub-60;sub-19_sub-28_sub-30_sub-59_sub-60_sub-62
ANOVA_L_6_Random,random,sub-60,"XGBoost (learning_rate=unknown, max_depth=unknown, n_estimators=unknown)",0.7070,0.5766,0.8608,0.2842,0.1216,4,"[0.261, 1.000]",0.2276,sub-3_sub-17_sub-23_sub-51_sub-54_sub-60;sub-14_sub-28_sub-35_sub-59_sub-60_sub-61;sub-2_sub-8_sub-18_sub-41_sub-44_sub-60;sub-4_sub-7_sub-26_sub-47_sub-60_sub-62
ANOVA_L_6_Random,random,sub-60,"XGBoost (learning_rate=unknown, max_depth=unknown, n_estimators=unknown)",0.6726,0.5990,0.7325,0.1335,0.0635,4,"[0.213, 1.000]",0.2346,sub-23_sub-27_sub-28_sub-51_sub-60_sub-64;sub-10_sub-17_sub-30_sub-41_sub-44_sub-60;sub-14_sub-32_sub-35_sub-41_sub-60_sub-65;sub-17_sub-35_sub-36_sub-50_sub-55_sub-60
ANOVA_L_6_Random,random,sub-60,"SVM (kernel=linear, C=0.1, gamma=auto)",0.6653,0.5775,0.7474,0.1699,0.0652,5,"[0.252, 1.000]",0.2110,sub-3_sub-17_sub-23_sub-51_sub-54_sub-60;sub-14_sub-28_sub-35_sub-59_sub-60_sub-61;sub-2_sub-8_sub-18_sub-41_sub-44_sub-60;sub-19_sub-28_sub-30_sub-59_sub-60_sub-62;sub-5_sub-11_sub-18_sub-44_sub-54_sub-60
ANOVA_L_6_Random,random,sub-60,"SVM (kernel=poly, C=0.1, gamma=auto)",0.6469,0.5427,0.7053,0.1626,0.0904,3,"[0.106, 1.000]",0.2759,sub-23_sub-27_sub-28_sub-51_sub-60_sub-64;sub-17_sub-35_sub-36_sub-50_sub-55_sub-60;sub-4_sub-7_sub-26_sub-47_sub-60_sub-62
ANOVA_L_6_Random,random,sub-60,"MLP (activation=tanh, alpha=0.1, hidden=[])",0.7605,0.6861,0.8781,0.1921,0.0756,7,"[0.444, 1.000]",0.1613,sub-3_sub-17_sub-23_sub-51_sub-54_sub-60;sub-23_sub-27_sub-28_sub-51_sub-60_sub-64;sub-10_sub-17_sub-30_sub-41_sub-44_sub-60;sub-14_sub-32_sub-35_sub-41_sub-60_sub-65;sub-17_sub-35_sub-36_sub-50_sub-55_sub-60;sub-4_sub-7_sub-26_sub-47_sub-60_sub-62;sub-5_sub-11_sub-18_sub-44_sub-54_sub-60
ANOVA_L_6_Random,random,sub-27,"KNN (n_neighbors=unknown, metric=euclidean, weights=uniform)",0.7319,0.6856,0.7874,0.1018,0.0515,3,"[0.231, 1.000]",0.2557,sub-16_sub-27_sub-31_sub-40_sub-43_sub-58;sub-11_sub-27_sub-32_sub-43_sub-52_sub-64;sub-15_sub-27_sub-29_sub-45_sub-55_sub-62
ANOVA_L_6_Random,random,sub-27,"SVM (kernel=linear, C=0.1, gamma=auto)",0.7040,0.6199,0.7793,0.1594,0.0800,3,"[0.187, 1.000]",0.2636,sub-16_sub-27_sub-31_sub-40_sub-43_sub-58;sub-11_sub-27_sub-32_sub-43_sub-52_sub-64;sub-15_sub-27_sub-29_sub-45_sub-55_sub-62
ANOVA_L_6_Random,random,sub-43,"XGBoost (learning_rate=unknown, max_depth=unknown, n_estimators=unknown)",0.6317,0.5181,0.7285,0.2105,0.1062,3,"[0.086, 1.000]",0.2785,sub-10_sub-32_sub-36_sub-38_sub-43_sub-46;sub-18_sub-24_sub-30_sub-42_sub-43_sub-48;sub-7_sub-13_sub-16_sub-43_sub-51_sub-54
ANOVA_L_6_Random,random,sub-43,"MLP (activation=tanh, alpha=0.1, hidden=[])",0.6240,0.5309,0.6944,0.1635,0.0841,3,"[0.076, 1.000]",0.2797,sub-10_sub-32_sub-36_sub-38_sub-43_sub-46;sub-18_sub-24_sub-30_sub-42_sub-43_sub-48;sub-7_sub-13_sub-16_sub-43_sub-51_sub-54
ANOVA_L_6_Random,random,sub-58,"XGBoost (learning_rate=unknown, max_depth=unknown, n_estimators=unknown)",0.6903,0.5998,0.7918,0.1920,0.0965,3,"[0.167, 1.000]",0.2670,sub-5_sub-13_sub-24_sub-38_sub-44_sub-58;sub-13_sub-20_sub-26_sub-48_sub-57_sub-58;sub-5_sub-22_sub-33_sub-44_sub-45_sub-58
ANOVA_L_6_Random,random,sub-15,"KNN (n_neighbors=unknown, metric=euclidean, weights=uniform)",0.7268,0.6353,0.7874,0.1521,0.0806,3,"[0.223, 1.000]",0.2573,sub-2_sub-15_sub-36_sub-37_sub-44_sub-55;sub-15_sub-24_sub-26_sub-41_sub-52_sub-53;sub-15_sub-27_sub-29_sub-45_sub-55_sub-62
ANOVA_L_6_Random,random,sub-15,"KNN (n_neighbors=unknown, metric=euclidean, weights=uniform)",0.6540,0.5757,0.7058,0.1301,0.0554,4,"[0.188, 1.000]",0.2378,sub-6_sub-15_sub-19_sub-40_sub-49_sub-64;sub-4_sub-5_sub-15_sub-38_sub-39_sub-65;sub-3_sub-15_sub-21_sub-39_sub-45_sub-49;sub-15_sub-21_sub-36_sub-38_sub-61_sub-63
ANOVA_L_6_Random,random,sub-15,"XGBoost (learning_rate=unknown, max_depth=unknown, n_estimators=unknown)",0.7121,0.6471,0.8104,0.1633,0.0866,3,"[0.200, 1.000]",0.2614,sub-2_sub-15_sub-36_sub-37_sub-44_sub-55;sub-15_sub-24_sub-26_sub-41_sub-52_sub-53;sub-15_sub-27_sub-29_sub-45_sub-55_sub-62
ANOVA_L_6_Random,random,sub-15,"XGBoost (learning_rate=unknown, max_depth=unknown, n_estimators=unknown)",0.7064,0.6265,0.8132,0.1866,0.0805,4,"[0.260, 1.000]",0.2277,sub-6_sub-15_sub-19_sub-40_sub-49_sub-64;sub-4_sub-5_sub-15_sub-38_sub-39_sub-65;sub-3_sub-15_sub-21_sub-39_sub-45_sub-49;sub-15_sub-21_sub-36_sub-38_sub-61_sub-63
ANOVA_L_6_Random,random,sub-15,"SVM (kernel=rbf, C=0.1, gamma=auto)",0.6034,0.5058,0.6604,0.1546,0.0678,4,"[0.124, 1.000]",0.2446,sub-2_sub-15_sub-36_sub-37_sub-44_sub-55;sub-4_sub-5_sub-15_sub-38_sub-39_sub-65;sub-3_sub-15_sub-21_sub-39_sub-45_sub-49;sub-15_sub-21_sub-36_sub-38_sub-61_sub-63
ANOVA_L_6_Random,random,sub-15,"MLP (activation=tanh, alpha=0.1, hidden=[])",0.7021,0.5653,0.7744,0.2091,0.1186,3,"[0.185, 1.000]",0.2640,sub-4_sub-5_sub-15_sub-38_sub-39_sub-65;sub-3_sub-15_sub-21_sub-39_sub-45_sub-49;sub-15_sub-21_sub-36_sub-38_sub-61_sub-63
ANOVA_L_6_Random,random,sub-36,"KNN (n_neighbors=unknown, metric=euclidean, weights=uniform)",0.6723,0.6191,0.7626,0.1435,0.0786,3,"[0.141, 1.000]",0.2710,sub-2_sub-15_sub-36_sub-37_sub-44_sub-55;sub-17_sub-34_sub-36_sub-37_sub-58_sub-64;sub-2_sub-13_sub-36_sub-54_sub-57_sub-59
ANOVA_L_6_Random,random,sub-36,"KNN (n_neighbors=unknown, metric=euclidean, weights=uniform)",0.6294,0.5513,0.6770,0.1256,0.0682,3,"[0.083, 1.000]",0.2788,sub-5_sub-29_sub-36_sub-38_sub-40_sub-57;sub-9_sub-31_sub-36_sub-42_sub-45_sub-53;sub-17_sub-35_sub-36_sub-50_sub-55_sub-60
ANOVA_L_6_Random,random,sub-36,"XGBoost (learning_rate=unknown, max_depth=unknown, n_estimators=unknown)",0.6039,0.5181,0.6557,0.1377,0.0561,5,"[0.175, 1.000]",0.2187,sub-10_sub-32_sub-36_sub-38_sub-43_sub-46;sub-5_sub-29_sub-36_sub-38_sub-40_sub-57;sub-9_sub-31_sub-36_sub-42_sub-45_sub-53;sub-17_sub-35_sub-36_sub-50_sub-55_sub-60;sub-15_sub-21_sub-36_sub-38_sub-61_sub-63
ANOVA_L_6_Random,random,sub-36,"SVM (kernel=rbf, C=0.1, gamma=auto)",0.5876,0.5058,0.6375,0.1317,0.0618,4,"[0.105, 1.000]",0.2461,sub-2_sub-15_sub-36_sub-37_sub-44_sub-55;sub-10_sub-32_sub-36_sub-38_sub-43_sub-46;sub-5_sub-29_sub-36_sub-38_sub-40_sub-57;sub-15_sub-21_sub-36_sub-38_sub-61_sub-63
ANOVA_L_6_Random,random,sub-36,"MLP (activation=tanh, alpha=0.1, hidden=[])",0.6328,0.5309,0.7269,0.1960,0.0848,5,"[0.210, 1.000]",0.2156,sub-10_sub-32_sub-36_sub-38_sub-43_sub-46;sub-5_sub-29_sub-36_sub-38_sub-40_sub-57;sub-9_sub-31_sub-36_sub-42_sub-45_sub-53;sub-17_sub-35_sub-36_sub-50_sub-55_sub-60;sub-15_sub-21_sub-36_sub-38_sub-61_sub-63
ANOVA_L_6_Random,random,sub-37,"KNN (n_neighbors=unknown, metric=euclidean, weights=uniform)",0.7215,0.6353,0.7626,0.1273,0.0594,4,"[0.282, 1.000]",0.2241,sub-2_sub-15_sub-36_sub-37_sub-44_sub-55;sub-4_sub-11_sub-26_sub-37_sub-45_sub-49;sub-11_sub-34_sub-35_sub-37_sub-47_sub-56;sub-17_sub-34_sub-36_sub-37_sub-58_sub-64
ANOVA_L_6_Random,random,sub-37,"XGBoost (learning_rate=unknown, max_depth=unknown, n_estimators=unknown)",0.7592,0.6789,0.8053,0.1264,0.0698,3,"[0.275, 1.000]",0.2469,sub-2_sub-15_sub-36_sub-37_sub-44_sub-55;sub-4_sub-11_sub-26_sub-37_sub-45_sub-49;sub-11_sub-34_sub-35_sub-37_sub-47_sub-56
ANOVA_L_6_Random,random,sub-55,"KNN (n_neighbors=unknown, metric=euclidean, weights=uniform)",0.6617,0.6303,0.6780,0.0478,0.0273,3,"[0.126, 1.000]",0.2732,sub-4_sub-16_sub-20_sub-44_sub-55_sub-65;sub-6_sub-7_sub-35_sub-38_sub-50_sub-55;sub-17_sub-35_sub-36_sub-50_sub-55_sub-60
ANOVA_L_6_Random,random,sub-55,"XGBoost (learning_rate=unknown, max_depth=unknown, n_estimators=unknown)",0.6934,0.6409,0.7836,0.1427,0.0785,3,"[0.172, 1.000]",0.2662,sub-4_sub-16_sub-20_sub-44_sub-55_sub-65;sub-6_sub-7_sub-35_sub-38_sub-50_sub-55;sub-17_sub-35_sub-36_sub-50_sub-55_sub-60
ANOVA_L_6_Random,random,sub-55,"MLP (activation=tanh, alpha=0.1, hidden=[])",0.7237,0.6420,0.8260,0.1840,0.0937,3,"[0.218, 1.000]",0.2582,sub-4_sub-16_sub-20_sub-44_sub-55_sub-65;sub-6_sub-7_sub-35_sub-38_sub-50_sub-55;sub-17_sub-35_sub-36_sub-50_sub-55_sub-60
ANOVA_L_6_Random,random,sub-4,"XGBoost (learning_rate=unknown, max_depth=unknown, n_estimators=unknown)",0.7876,0.7087,0.8608,0.1521,0.0762,3,"[0.325, 1.000]",0.2361,sub-4_sub-6_sub-8_sub-41_sub-42_sub-57;sub-4_sub-11_sub-26_sub-37_sub-45_sub-49;sub-4_sub-7_sub-26_sub-47_sub-60_sub-62
ANOVA_L_6_Random,random,sub-4,"MLP (activation=tanh, alpha=0.1, hidden=[])",0.8183,0.7744,0.8781,0.1038,0.0452,4,"[0.440, 1.000]",0.1928,sub-4_sub-16_sub-20_sub-44_sub-55_sub-65;sub-4_sub-11_sub-26_sub-37_sub-45_sub-49;sub-4_sub-5_sub-15_sub-38_sub-39_sub-65;sub-4_sub-7_sub-26_sub-47_sub-60_sub-62
ANOVA_L_6_Random,random,sub-11,"KNN (n_neighbors=unknown, metric=euclidean, weights=uniform)",0.7046,0.5567,0.7592,0.2025,0.0736,6,"[0.340, 1.000]",0.1863,sub-4_sub-11_sub-26_sub-37_sub-45_sub-49;sub-11_sub-25_sub-30_sub-45_sub-57_sub-59;sub-1_sub-11_sub-28_sub-41_sub-45_sub-47;sub-11_sub-34_sub-35_sub-37_sub-47_sub-56;sub-11_sub-27_sub-32_sub-43_sub-52_sub-64;sub-5_sub-11_sub-18_sub-44_sub-54_sub-60
ANOVA_L_6_Random,random,sub-11,"XGBoost (learning_rate=unknown, max_depth=unknown, n_estimators=unknown)",0.6195,0.5376,0.6961,0.1585,0.0830,4,"[0.144, 1.000]",0.2428,sub-11_sub-25_sub-30_sub-45_sub-57_sub-59;sub-1_sub-11_sub-28_sub-41_sub-45_sub-47;sub-11_sub-27_sub-32_sub-43_sub-52_sub-64;sub-5_sub-11_sub-18_sub-44_sub-54_sub-60
ANOVA_L_6_Random,random,sub-11,"SVM (kernel=linear, C=0.1, gamma=auto)",0.7025,0.5013,0.8200,0.3187,0.1196,5,"[0.302, 1.000]",0.2044,sub-11_sub-25_sub-30_sub-45_sub-57_sub-59;sub-1_sub-11_sub-28_sub-41_sub-45_sub-47;sub-11_sub-34_sub-35_sub-37_sub-47_sub-56;sub-11_sub-27_sub-32_sub-43_sub-52_sub-64;sub-5_sub-11_sub-18_sub-44_sub-54_sub-60
ANOVA_L_6_Random,random,sub-11,"MLP (activation=tanh, alpha=0.1, hidden=[])",0.6488,0.5650,0.6921,0.1271,0.0725,3,"[0.109, 1.000]",0.2756,sub-11_sub-25_sub-30_sub-45_sub-57_sub-59;sub-1_sub-11_sub-28_sub-41_sub-45_sub-47;sub-11_sub-27_sub-32_sub-43_sub-52_sub-64
ANOVA_L_6_Random,random,sub-26,"KNN (n_neighbors=unknown, metric=euclidean, weights=uniform)",0.7710,0.7288,0.8264,0.0976,0.0501,3,"[0.296, 1.000]",0.2426,sub-4_sub-11_sub-26_sub-37_sub-45_sub-49;sub-15_sub-24_sub-26_sub-41_sub-52_sub-53;sub-4_sub-7_sub-26_sub-47_sub-60_sub-62
ANOVA_L_6_Random,random,sub-26,"XGBoost (learning_rate=unknown, max_depth=unknown, n_estimators=unknown)",0.7671,0.6471,0.8608,0.2137,0.1092,3,"[0.289, 1.000]",0.2440,sub-4_sub-11_sub-26_sub-37_sub-45_sub-49;sub-15_sub-24_sub-26_sub-41_sub-52_sub-53;sub-4_sub-7_sub-26_sub-47_sub-60_sub-62
ANOVA_L_6_Random,random,sub-26,"SVM (kernel=poly, C=0.1, gamma=auto)",0.6969,0.6743,0.7238,0.0495,0.0250,3,"[0.177, 1.000]",0.2653,sub-4_sub-11_sub-26_sub-37_sub-45_sub-49;sub-13_sub-20_sub-26_sub-48_sub-57_sub-58;sub-4_sub-7_sub-26_sub-47_sub-60_sub-62
ANOVA_L_6_Random,random,sub-26,"MLP (activation=tanh, alpha=0.1, hidden=[])",0.8106,0.7590,0.8781,0.1192,0.0612,3,"[0.367, 1.000]",0.2262,sub-4_sub-11_sub-26_sub-37_sub-45_sub-49;sub-13_sub-20_sub-26_sub-48_sub-57_sub-58;sub-4_sub-7_sub-26_sub-47_sub-60_sub-62
ANOVA_L_6_Random,random,sub-45,"KNN (n_neighbors=unknown, metric=euclidean, weights=uniform)",0.6997,0.5567,0.7874,0.2306,0.0994,4,"[0.250, 1.000]",0.2292,sub-4_sub-11_sub-26_sub-37_sub-45_sub-49;sub-11_sub-25_sub-30_sub-45_sub-57_sub-59;sub-1_sub-11_sub-28_sub-41_sub-45_sub-47;sub-15_sub-27_sub-29_sub-45_sub-55_sub-62
ANOVA_L_6_Random,random,sub-45,"XGBoost (learning_rate=unknown, max_depth=unknown, n_estimators=unknown)",0.5958,0.4865,0.7184,0.2319,0.0954,4,"[0.115, 1.000]",0.2454,sub-9_sub-12_sub-28_sub-44_sub-45_sub-51;sub-9_sub-31_sub-36_sub-42_sub-45_sub-53;sub-3_sub-15_sub-21_sub-39_sub-45_sub-49;sub-5_sub-22_sub-33_sub-44_sub-45_sub-58
ANOVA_L_6_Random,random,sub-45,"SVM (kernel=linear, C=0.1, gamma=auto)",0.6705,0.5013,0.7793,0.2780,0.1485,3,"[0.139, 1.000]",0.2714,sub-11_sub-25_sub-30_sub-45_sub-57_sub-59;sub-1_sub-11_sub-28_sub-41_sub-45_sub-47;sub-15_sub-27_sub-29_sub-45_sub-55_sub-62
ANOVA_L_6_Random,random,sub-45,"SVM (kernel=poly, C=0.1, gamma=auto)",0.6089,0.5333,0.6743,0.1409,0.0616,4,"[0.131, 1.000]",0.2440,sub-4_sub-11_sub-26_sub-37_sub-45_sub-49;sub-9_sub-12_sub-28_sub-44_sub-45_sub-51;sub-9_sub-31_sub-36_sub-42_sub-45_sub-53;sub-5_sub-22_sub-33_sub-44_sub-45_sub-58
ANOVA_L_6_Random,random,sub-45,"MLP (activation=tanh, alpha=0.1, hidden=[])",0.7330,0.6375,0.7947,0.1572,0.0839,3,"[0.232, 1.000]",0.2554,sub-4_sub-11_sub-26_sub-37_sub-45_sub-49;sub-9_sub-31_sub-36_sub-42_sub-45_sub-53;sub-3_sub-15_sub-21_sub-39_sub-45_sub-49
ANOVA_L_6_Random,random,sub-59,"KNN (n_neighbors=unknown, metric=euclidean, weights=uniform)",0.5984,0.5567,0.6193,0.0626,0.0361,3,"[0.044, 1.000]",0.2830,sub-11_sub-25_sub-30_sub-45_sub-57_sub-59;sub-14_sub-28_sub-35_sub-59_sub-60_sub-61;sub-2_sub-13_sub-36_sub-54_sub-57_sub-59
ANOVA_L_6_Random,random,sub-59,"XGBoost (learning_rate=unknown, max_depth=unknown, n_estimators=unknown)",0.6014,0.5274,0.7181,0.1907,0.1023,3,"[0.047, 1.000]",0.2827,sub-11_sub-25_sub-30_sub-45_sub-57_sub-59;sub-2_sub-13_sub-36_sub-54_sub-57_sub-59;sub-19_sub-28_sub-30_sub-59_sub-60_sub-62
ANOVA_L_6_Random,random,sub-59,"SVM (kernel=linear, C=0.1, gamma=auto)",0.5888,0.5013,0.6500,0.1487,0.0657,4,"[0.107, 1.000]",0.2460,sub-11_sub-25_sub-30_sub-45_sub-57_sub-59;sub-14_sub-28_sub-35_sub-59_sub-60_sub-61;sub-2_sub-13_sub-36_sub-54_sub-57_sub-59;sub-19_sub-28_sub-30_sub-59_sub-60_sub-62
ANOVA_L_6_Random,random,sub-28,"KNN (n_neighbors=unknown, metric=euclidean, weights=uniform)",0.6989,0.6456,0.7574,0.1118,0.0561,3,"[0.180, 1.000]",0.2648,sub-23_sub-27_sub-28_sub-51_sub-60_sub-64;sub-9_sub-12_sub-28_sub-44_sub-45_sub-51;sub-8_sub-19_sub-28_sub-37_sub-42_sub-51
ANOVA_L_6_Random,random,sub-28,"XGBoost (learning_rate=unknown, max_depth=unknown, n_estimators=unknown)",0.6055,0.4865,0.7181,0.2316,0.0947,4,"[0.127, 1.000]",0.2444,sub-23_sub-27_sub-28_sub-51_sub-60_sub-64;sub-9_sub-12_sub-28_sub-44_sub-45_sub-51;sub-5_sub-25_sub-28_sub-49_sub-51_sub-56;sub-8_sub-19_sub-28_sub-37_sub-42_sub-51
ANOVA_L_6_Random,random,sub-28,"SVM (kernel=linear, C=0.1, gamma=auto)",0.6450,0.5775,0.7310,0.1535,0.0784,3,"[0.103, 1.000]",0.2763,sub-1_sub-11_sub-28_sub-41_sub-45_sub-47;sub-14_sub-28_sub-35_sub-59_sub-60_sub-61;sub-19_sub-28_sub-30_sub-59_sub-60_sub-62
ANOVA_L_6_Random,random,sub-28,"SVM (kernel=poly, C=0.1, gamma=auto)",0.6481,0.5879,0.7053,0.1174,0.0588,3,"[0.108, 1.000]",0.2757,sub-23_sub-27_sub-28_sub-51_sub-60_sub-64;sub-9_sub-12_sub-28_sub-44_sub-45_sub-51;sub-5_sub-25_sub-28_sub-49_sub-51_sub-56
ANOVA_L_6_Random,random,sub-28,"MLP (activation=tanh, alpha=0.1, hidden=[])",0.7027,0.6127,0.7759,0.1631,0.0829,3,"[0.186, 1.000]",0.2639,sub-23_sub-27_sub-28_sub-51_sub-60_sub-64;sub-5_sub-25_sub-28_sub-49_sub-51_sub-56;sub-8_sub-19_sub-28_sub-37_sub-42_sub-51
ANOVA_L_6_Random,random,sub-41,"KNN (n_neighbors=unknown, metric=euclidean, weights=uniform)",0.7330,0.7155,0.7578,0.0423,0.0220,3,"[0.232, 1.000]",0.2554,sub-1_sub-11_sub-28_sub-41_sub-45_sub-47;sub-2_sub-8_sub-18_sub-41_sub-44_sub-60;sub-15_sub-24_sub-26_sub-41_sub-52_sub-53
ANOVA_L_6_Random,random,sub-41,"KNN (n_neighbors=unknown, metric=euclidean, weights=uniform)",0.6731,0.6525,0.6903,0.0378,0.0191,3,"[0.142, 1.000]",0.2708,sub-4_sub-6_sub-8_sub-41_sub-42_sub-57;sub-10_sub-17_sub-30_sub-41_sub-44_sub-60;sub-14_sub-32_sub-35_sub-41_sub-60_sub-65
ANOVA_L_6_Random,random,sub-41,"XGBoost (learning_rate=unknown, max_depth=unknown, n_estimators=unknown)",0.6700,0.6471,0.7087,0.0616,0.0338,3,"[0.138, 1.000]",0.2715,sub-4_sub-6_sub-8_sub-41_sub-42_sub-57;sub-2_sub-8_sub-18_sub-41_sub-44_sub-60;sub-15_sub-24_sub-26_sub-41_sub-52_sub-53
ANOVA_L_6_Random,random,sub-41,"XGBoost (learning_rate=unknown, max_depth=unknown, n_estimators=unknown)",0.6424,0.5736,0.7325,0.1590,0.0713,4,"[0.173, 1.000]",0.2396,sub-5_sub-6_sub-32_sub-41_sub-54_sub-61;sub-10_sub-17_sub-30_sub-41_sub-44_sub-60;sub-14_sub-32_sub-35_sub-41_sub-60_sub-65;sub-13_sub-20_sub-33_sub-41_sub-48_sub-61
ANOVA_L_6_Random,random,sub-41,"SVM (kernel=linear, C=0.1, gamma=auto)",0.7399,0.6914,0.7960,0.1046,0.0431,4,"[0.310, 1.000]",0.2193,sub-4_sub-6_sub-8_sub-41_sub-42_sub-57;sub-1_sub-11_sub-28_sub-41_sub-45_sub-47;sub-2_sub-8_sub-18_sub-41_sub-44_sub-60;sub-15_sub-24_sub-26_sub-41_sub-52_sub-53
ANOVA_L_6_Random,random,sub-41,"SVM (kernel=rbf, C=0.1, gamma=auto)",0.5606,0.5196,0.6240,0.1043,0.0557,3,"[0.000, 1.000]",0.2865,sub-5_sub-6_sub-32_sub-41_sub-54_sub-61;sub-10_sub-17_sub-30_sub-41_sub-44_sub-60;sub-14_sub-32_sub-35_sub-41_sub-60_sub-65
ANOVA_L_6_Random,random,sub-41,"MLP (activation=tanh, alpha=0.1, hidden=[])",0.7425,0.6861,0.8430,0.1569,0.0872,3,"[0.248, 1.000]",0.2524,sub-10_sub-17_sub-30_sub-41_sub-44_sub-60;sub-14_sub-32_sub-35_sub-41_sub-60_sub-65;sub-13_sub-20_sub-33_sub-41_sub-48_sub-61
ANOVA_L_6_Random,random,sub-41,"MLP (activation=tanh, alpha=0.1, hidden=[])",0.6922,0.6173,0.7751,0.1578,0.0792,3,"[0.170, 1.000]",0.2665,sub-5_sub-6_sub-32_sub-41_sub-54_sub-61;sub-2_sub-8_sub-18_sub-41_sub-44_sub-60;sub-15_sub-24_sub-26_sub-41_sub-52_sub-53
ANOVA_L_6_Random,random,sub-47,"KNN (n_neighbors=unknown, metric=euclidean, weights=uniform)",0.7705,0.7259,0.8264,0.1005,0.0512,3,"[0.295, 1.000]",0.2428,sub-1_sub-11_sub-28_sub-41_sub-45_sub-47;sub-11_sub-34_sub-35_sub-37_sub-47_sub-56;sub-4_sub-7_sub-26_sub-47_sub-60_sub-62
ANOVA_L_6_Random,random,sub-47,"MLP (activation=tanh, alpha=0.1, hidden=[])",0.7779,0.7249,0.8781,0.1532,0.0869,3,"[0.308, 1.000]",0.2400,sub-8_sub-18_sub-35_sub-47_sub-57_sub-61;sub-8_sub-29_sub-34_sub-39_sub-44_sub-47;sub-4_sub-7_sub-26_sub-47_sub-60_sub-62
ANOVA_L_6_Random,random,sub-35,"KNN (n_neighbors=unknown, metric=euclidean, weights=uniform)",0.6606,0.6241,0.6951,0.0710,0.0315,5,"[0.246, 1.000]",0.2118,sub-8_sub-18_sub-35_sub-47_sub-57_sub-61;sub-6_sub-7_sub-35_sub-38_sub-50_sub-55;sub-14_sub-32_sub-35_sub-41_sub-60_sub-65;sub-17_sub-35_sub-36_sub-50_sub-55_sub-60;sub-1_sub-6_sub-35_sub-44_sub-61_sub-64
ANOVA_L_6_Random,random,sub-35,"XGBoost (learning_rate=unknown, max_depth=unknown, n_estimators=unknown)",0.6642,0.5610,0.7325,0.1716,0.0714,5,"[0.250, 1.000]",0.2112,sub-8_sub-18_sub-35_sub-47_sub-57_sub-61;sub-6_sub-7_sub-35_sub-38_sub-50_sub-55;sub-14_sub-32_sub-35_sub-41_sub-60_sub-65;sub-17_sub-35_sub-36_sub-50_sub-55_sub-60;sub-1_sub-6_sub-35_sub-44_sub-61_sub-64
ANOVA_L_6_Random,random,sub-35,"SVM (kernel=poly, C=0.1, gamma=auto)",0.6070,0.5391,0.6825,0.1434,0.0768,4,"[0.128, 1.000]",0.2442,sub-8_sub-18_sub-35_sub-47_sub-57_sub-61;sub-6_sub-7_sub-35_sub-38_sub-50_sub-55;sub-17_sub-35_sub-36_sub-50_sub-55_sub-60;sub-1_sub-6_sub-35_sub-44_sub-61_sub-64
ANOVA_L_6_Random,random,sub-35,"MLP (activation=tanh, alpha=0.1, hidden=[])",0.7135,0.6420,0.8430,0.2010,0.0813,5,"[0.317, 1.000]",0.2022,sub-8_sub-18_sub-35_sub-47_sub-57_sub-61;sub-6_sub-7_sub-35_sub-38_sub-50_sub-55;sub-14_sub-32_sub-35_sub-41_sub-60_sub-65;sub-17_sub-35_sub-36_sub-50_sub-55_sub-60;sub-1_sub-6_sub-35_sub-44_sub-61_sub-64
ANOVA_L_6_Random,random,sub-61,"KNN (n_neighbors=unknown, metric=euclidean, weights=uniform)",0.6331,0.5757,0.6953,0.1196,0.0600,3,"[0.088, 1.000]",0.2783,sub-5_sub-6_sub-32_sub-41_sub-54_sub-61;sub-13_sub-20_sub-33_sub-41_sub-48_sub-61;sub-15_sub-21_sub-36_sub-38_sub-61_sub-63
ANOVA_L_6_Random,random,sub-61,"XGBoost (learning_rate=unknown, max_depth=unknown, n_estimators=unknown)",0.6313,0.5610,0.7309,0.1700,0.0695,5,"[0.208, 1.000]",0.2158,sub-8_sub-18_sub-35_sub-47_sub-57_sub-61;sub-5_sub-6_sub-32_sub-41_sub-54_sub-61;sub-13_sub-20_sub-33_sub-41_sub-48_sub-61;sub-1_sub-6_sub-35_sub-44_sub-61_sub-64;sub-15_sub-21_sub-36_sub-38_sub-61_sub-63
ANOVA_L_6_Random,random,sub-61,"SVM (kernel=poly, C=0.1, gamma=auto)",0.6613,0.6375,0.6825,0.0450,0.0226,3,"[0.126, 1.000]",0.2732,sub-8_sub-18_sub-35_sub-47_sub-57_sub-61;sub-13_sub-20_sub-33_sub-41_sub-48_sub-61;sub-1_sub-6_sub-35_sub-44_sub-61_sub-64
ANOVA_L_6_Random,random,sub-61,"MLP (activation=tanh, alpha=0.1, hidden=[])",0.6608,0.5653,0.7306,0.1653,0.0720,4,"[0.197, 1.000]",0.2367,sub-8_sub-18_sub-35_sub-47_sub-57_sub-61;sub-13_sub-20_sub-33_sub-41_sub-48_sub-61;sub-1_sub-6_sub-35_sub-44_sub-61_sub-64;sub-15_sub-21_sub-36_sub-38_sub-61_sub-63
ANOVA_L_6_Random,random,sub-64,"KNN (n_neighbors=unknown, metric=euclidean, weights=uniform)",0.7535,0.7228,0.7752,0.0524,0.0273,3,"[0.266, 1.000]",0.2488,sub-12_sub-17_sub-33_sub-40_sub-53_sub-64;sub-11_sub-27_sub-32_sub-43_sub-52_sub-64;sub-17_sub-34_sub-36_sub-37_sub-58_sub-64
ANOVA_L_6_Random,random,sub-64,"XGBoost (learning_rate=unknown, max_depth=unknown, n_estimators=unknown)",0.6974,0.5610,0.8132,0.2522,0.1274,3,"[0.178, 1.000]",0.2652,sub-6_sub-15_sub-19_sub-40_sub-49_sub-64;sub-23_sub-27_sub-28_sub-51_sub-60_sub-64;sub-1_sub-6_sub-35_sub-44_sub-61_sub-64
ANOVA_L_6_Random,random,sub-64,"SVM (kernel=linear, C=0.1, gamma=auto)",0.7794,0.7128,0.8268,0.1140,0.0594,3,"[0.310, 1.000]",0.2394,sub-12_sub-17_sub-33_sub-40_sub-53_sub-64;sub-11_sub-27_sub-32_sub-43_sub-52_sub-64;sub-17_sub-34_sub-36_sub-37_sub-58_sub-64
ANOVA_L_6_Random,random,sub-64,"SVM (kernel=poly, C=0.1, gamma=auto)",0.7162,0.6825,0.7608,0.0783,0.0403,3,"[0.206, 1.000]",0.2603,sub-6_sub-15_sub-19_sub-40_sub-49_sub-64;sub-23_sub-27_sub-28_sub-51_sub-60_sub-64;sub-1_sub-6_sub-35_sub-44_sub-61_sub-64
ANOVA_L_6_Random,random,sub-8,"KNN (n_neighbors=unknown, metric=euclidean, weights=uniform)",0.6657,0.6251,0.6951,0.0700,0.0331,4,"[0.203, 1.000]",0.2359,sub-4_sub-6_sub-8_sub-41_sub-42_sub-57;sub-8_sub-18_sub-35_sub-47_sub-57_sub-61;sub-8_sub-29_sub-34_sub-39_sub-44_sub-47;sub-2_sub-8_sub-32_sub-48_sub-63_sub-65
ANOVA_L_6_Random,random,sub-8,"XGBoost (learning_rate=unknown, max_depth=unknown, n_estimators=unknown)",0.6483,0.5649,0.7309,0.1660,0.0659,5,"[0.230, 1.000]",0.2135,sub-8_sub-18_sub-35_sub-47_sub-57_sub-61;sub-8_sub-29_sub-34_sub-39_sub-44_sub-47;sub-8_sub-19_sub-28_sub-37_sub-42_sub-51;sub-2_sub-8_sub-32_sub-48_sub-63_sub-65;sub-6_sub-8_sub-25_sub-46_sub-54_sub-63
ANOVA_L_6_Random,random,sub-8,"SVM (kernel=rbf, C=0.1, gamma=auto)",0.6270,0.4986,0.7596,0.2610,0.1283,4,"[0.153, 1.000]",0.2418,sub-8_sub-29_sub-34_sub-39_sub-44_sub-47;sub-8_sub-19_sub-28_sub-37_sub-42_sub-51;sub-2_sub-8_sub-32_sub-48_sub-63_sub-65;sub-6_sub-8_sub-25_sub-46_sub-54_sub-63
ANOVA_L_6_Random,random,sub-8,"MLP (activation=tanh, alpha=0.1, hidden=[])",0.6901,0.5265,0.7488,0.2224,0.0921,5,"[0.285, 1.000]",0.2068,sub-8_sub-18_sub-35_sub-47_sub-57_sub-61;sub-8_sub-29_sub-34_sub-39_sub-44_sub-47;sub-8_sub-19_sub-28_sub-37_sub-42_sub-51;sub-2_sub-8_sub-32_sub-48_sub-63_sub-65;sub-6_sub-8_sub-25_sub-46_sub-54_sub-63
ANOVA_L_6_Random,random,sub-18,"MLP (activation=tanh, alpha=0.1, hidden=[])",0.7225,0.6944,0.7425,0.0481,0.0250,3,"[0.216, 1.000]",0.2585,sub-8_sub-18_sub-35_sub-47_sub-57_sub-61;sub-18_sub-24_sub-30_sub-42_sub-43_sub-48;sub-5_sub-11_sub-18_sub-44_sub-54_sub-60
ANOVA_L_6_Random,random,sub-13,"XGBoost (learning_rate=unknown, max_depth=unknown, n_estimators=unknown)",0.6960,0.6484,0.7918,0.1435,0.0651,4,"[0.245, 1.000]",0.2300,sub-5_sub-13_sub-24_sub-38_sub-44_sub-58;sub-13_sub-20_sub-26_sub-48_sub-57_sub-58;sub-13_sub-20_sub-33_sub-41_sub-48_sub-61;sub-7_sub-13_sub-16_sub-43_sub-51_sub-54
ANOVA_L_6_Random,random,sub-13,"MLP (activation=tanh, alpha=0.1, hidden=[])",0.7077,0.6468,0.7590,0.1122,0.0476,4,"[0.262, 1.000]",0.2274,sub-5_sub-13_sub-24_sub-38_sub-44_sub-58;sub-13_sub-20_sub-26_sub-48_sub-57_sub-58;sub-13_sub-20_sub-33_sub-41_sub-48_sub-61;sub-7_sub-13_sub-16_sub-43_sub-51_sub-54
ANOVA_L_6_Random,random,sub-7,"SVM (kernel=poly, C=0.1, gamma=auto)",0.6894,0.5391,0.8364,0.2974,0.1487,3,"[0.166, 1.000]",0.2672,sub-7_sub-14_sub-22_sub-39_sub-40_sub-49;sub-6_sub-7_sub-35_sub-38_sub-50_sub-55;sub-4_sub-7_sub-26_sub-47_sub-60_sub-62
ANOVA_L_6_Random,random,sub-7,"MLP (activation=tanh, alpha=0.1, hidden=[])",0.7223,0.6420,0.8781,0.2362,0.1350,3,"[0.215, 1.000]",0.2586,sub-6_sub-7_sub-35_sub-38_sub-50_sub-55;sub-7_sub-13_sub-16_sub-43_sub-51_sub-54;sub-4_sub-7_sub-26_sub-47_sub-60_sub-62
ANOVA_L_6_Random,random,sub-5,"KNN (n_neighbors=unknown, metric=euclidean, weights=uniform)",0.7002,0.6284,0.7665,0.1381,0.0692,3,"[0.182, 1.000]",0.2645,sub-5_sub-6_sub-32_sub-41_sub-54_sub-61;sub-4_sub-5_sub-15_sub-38_sub-39_sub-65;sub-5_sub-13_sub-24_sub-38_sub-44_sub-58
ANOVA_L_6_Random,random,sub-5,"KNN (n_neighbors=unknown, metric=euclidean, weights=uniform)",0.6462,0.6331,0.6599,0.0268,0.0134,3,"[0.105, 1.000]",0.2761,sub-5_sub-25_sub-28_sub-49_sub-51_sub-56;sub-5_sub-29_sub-36_sub-38_sub-40_sub-57;sub-5_sub-22_sub-33_sub-44_sub-45_sub-58
ANOVA_L_6_Random,random,sub-5,"XGBoost (learning_rate=unknown, max_depth=unknown, n_estimators=unknown)",0.6300,0.5736,0.6792,0.1056,0.0430,6,"[0.244, 1.000]",0.1971,sub-5_sub-6_sub-32_sub-41_sub-54_sub-61;sub-4_sub-5_sub-15_sub-38_sub-39_sub-65;sub-5_sub-25_sub-28_sub-49_sub-51_sub-56;sub-5_sub-13_sub-24_sub-38_sub-44_sub-58;sub-5_sub-29_sub-36_sub-38_sub-40_sub-57;sub-5_sub-22_sub-33_sub-44_sub-45_sub-58
ANOVA_L_6_Random,random,sub-5,"SVM (kernel=rbf, C=0.1, gamma=auto)",0.6162,0.5382,0.6747,0.1366,0.0577,4,"[0.140, 1.000]",0.2432,sub-5_sub-6_sub-32_sub-41_sub-54_sub-61;sub-4_sub-5_sub-15_sub-38_sub-39_sub-65;sub-5_sub-13_sub-24_sub-38_sub-44_sub-58;sub-5_sub-29_sub-36_sub-38_sub-40_sub-57
ANOVA_L_6_Random,random,sub-5,"MLP (activation=tanh, alpha=0.1, hidden=[])",0.7166,0.6127,0.7744,0.1616,0.0612,5,"[0.322, 1.000]",0.2015,sub-4_sub-5_sub-15_sub-38_sub-39_sub-65;sub-5_sub-25_sub-28_sub-49_sub-51_sub-56;sub-5_sub-13_sub-24_sub-38_sub-44_sub-58;sub-5_sub-29_sub-36_sub-38_sub-40_sub-57;sub-5_sub-11_sub-18_sub-44_sub-54_sub-60
ANOVA_L_6_Random,random,sub-38,"KNN (n_neighbors=unknown, metric=euclidean, weights=uniform)",0.6398,0.5112,0.7665,0.2553,0.1170,4,"[0.169, 1.000]",0.2400,sub-10_sub-32_sub-36_sub-38_sub-43_sub-46;sub-4_sub-5_sub-15_sub-38_sub-39_sub-65;sub-5_sub-13_sub-24_sub-38_sub-44_sub-58;sub-15_sub-21_sub-36_sub-38_sub-61_sub-63
ANOVA_L_6_Random,random,sub-38,"XGBoost (learning_rate=unknown, max_depth=unknown, n_estimators=unknown)",0.6338,0.5181,0.6792,0.1611,0.0593,6,"[0.248, 1.000]",0.1967,sub-10_sub-32_sub-36_sub-38_sub-43_sub-46;sub-6_sub-7_sub-35_sub-38_sub-50_sub-55;sub-4_sub-5_sub-15_sub-38_sub-39_sub-65;sub-5_sub-13_sub-24_sub-38_sub-44_sub-58;sub-5_sub-29_sub-36_sub-38_sub-40_sub-57;sub-15_sub-21_sub-36_sub-38_sub-61_sub-63
ANOVA_L_6_Random,random,sub-38,"SVM (kernel=rbf, C=0.1, gamma=auto)",0.6012,0.5058,0.6747,0.1689,0.0647,5,"[0.172, 1.000]",0.2190,sub-10_sub-32_sub-36_sub-38_sub-43_sub-46;sub-4_sub-5_sub-15_sub-38_sub-39_sub-65;sub-5_sub-13_sub-24_sub-38_sub-44_sub-58;sub-5_sub-29_sub-36_sub-38_sub-40_sub-57;sub-15_sub-21_sub-36_sub-38_sub-61_sub-63
ANOVA_L_6_Random,random,sub-38,"MLP (activation=tanh, alpha=0.1, hidden=[])",0.6610,0.5309,0.7744,0.2435,0.0979,6,"[0.282, 1.000]",0.1933,sub-10_sub-32_sub-36_sub-38_sub-43_sub-46;sub-6_sub-7_sub-35_sub-38_sub-50_sub-55;sub-4_sub-5_sub-15_sub-38_sub-39_sub-65;sub-5_sub-13_sub-24_sub-38_sub-44_sub-58;sub-5_sub-29_sub-36_sub-38_sub-40_sub-57;sub-15_sub-21_sub-36_sub-38_sub-61_sub-63
ANOVA_L_6_Random,random,sub-39,"KNN (n_neighbors=unknown, metric=euclidean, weights=uniform)",0.7169,0.6704,0.7745,0.1041,0.0529,3,"[0.207, 1.000]",0.2601,sub-7_sub-14_sub-22_sub-39_sub-40_sub-49;sub-4_sub-5_sub-15_sub-38_sub-39_sub-65;sub-3_sub-15_sub-21_sub-39_sub-45_sub-49
ANOVA_L_6_Random,random,sub-39,"XGBoost (learning_rate=unknown, max_depth=unknown, n_estimators=unknown)",0.6742,0.6369,0.7184,0.0815,0.0412,3,"[0.144, 1.000]",0.2706,sub-8_sub-29_sub-34_sub-39_sub-44_sub-47;sub-4_sub-5_sub-15_sub-38_sub-39_sub-65;sub-3_sub-15_sub-21_sub-39_sub-45_sub-49
ANOVA_L_6_Random,random,sub-39,"SVM (kernel=rbf, C=0.1, gamma=auto)",0.6781,0.6142,0.7596,0.1454,0.0743,3,"[0.149, 1.000]",0.2697,sub-8_sub-29_sub-34_sub-39_sub-44_sub-47;sub-4_sub-5_sub-15_sub-38_sub-39_sub-65;sub-3_sub-15_sub-21_sub-39_sub-45_sub-49
ANOVA_L_6_Random,random,sub-39,"MLP (activation=tanh, alpha=0.1, hidden=[])",0.7554,0.7249,0.7744,0.0495,0.0266,3,"[0.269, 1.000]",0.2482,sub-8_sub-29_sub-34_sub-39_sub-44_sub-47;sub-4_sub-5_sub-15_sub-38_sub-39_sub-65;sub-3_sub-15_sub-21_sub-39_sub-45_sub-49
ANOVA_L_6_Random,random,sub-42,"XGBoost (learning_rate=unknown, max_depth=unknown, n_estimators=unknown)",0.6401,0.5783,0.7285,0.1502,0.0786,3,"[0.097, 1.000]",0.2771,sub-18_sub-24_sub-30_sub-42_sub-43_sub-48;sub-8_sub-19_sub-28_sub-37_sub-42_sub-51;sub-9_sub-31_sub-36_sub-42_sub-45_sub-53
ANOVA_L_6_Random,random,sub-42,"MLP (activation=tanh, alpha=0.1, hidden=[])",0.6838,0.6375,0.7196,0.0820,0.0420,3,"[0.158, 1.000]",0.2685,sub-18_sub-24_sub-30_sub-42_sub-43_sub-48;sub-8_sub-19_sub-28_sub-37_sub-42_sub-51;sub-9_sub-31_sub-36_sub-42_sub-45_sub-53
ANOVA_L_6_Random,random,sub-48,"XGBoost (learning_rate=unknown, max_depth=unknown, n_estimators=unknown)",0.7201,0.6647,0.7918,0.1272,0.0545,4,"[0.280, 1.000]",0.2245,sub-18_sub-24_sub-30_sub-42_sub-43_sub-48;sub-13_sub-20_sub-26_sub-48_sub-57_sub-58;sub-13_sub-20_sub-33_sub-41_sub-48_sub-61;sub-2_sub-8_sub-32_sub-48_sub-63_sub-65
ANOVA_L_6_Random,random,sub-48,"SVM (kernel=poly, C=0.1, gamma=auto)",0.6691,0.6375,0.7238,0.0863,0.0476,3,"[0.137, 1.000]",0.2717,sub-18_sub-24_sub-30_sub-42_sub-43_sub-48;sub-13_sub-20_sub-26_sub-48_sub-57_sub-58;sub-13_sub-20_sub-33_sub-41_sub-48_sub-61
ANOVA_L_6_Random,random,sub-48,"MLP (activation=tanh, alpha=0.1, hidden=[])",0.7252,0.6944,0.7590,0.0646,0.0335,4,"[0.288, 1.000]",0.2232,sub-18_sub-24_sub-30_sub-42_sub-43_sub-48;sub-13_sub-20_sub-26_sub-48_sub-57_sub-58;sub-13_sub-20_sub-33_sub-41_sub-48_sub-61;sub-2_sub-8_sub-32_sub-48_sub-63_sub-65
ANOVA_L_6_Random,random,sub-20,"XGBoost (learning_rate=unknown, max_depth=unknown, n_estimators=unknown)",0.7467,0.6647,0.7918,0.1272,0.0712,3,"[0.255, 1.000]",0.2511,sub-4_sub-16_sub-20_sub-44_sub-55_sub-65;sub-13_sub-20_sub-26_sub-48_sub-57_sub-58;sub-13_sub-20_sub-33_sub-41_sub-48_sub-61
ANOVA_L_6_Random,random,sub-20,"MLP (activation=tanh, alpha=0.1, hidden=[])",0.7611,0.6985,0.8260,0.1275,0.0638,3,"[0.279, 1.000]",0.2462,sub-4_sub-16_sub-20_sub-44_sub-55_sub-65;sub-13_sub-20_sub-26_sub-48_sub-57_sub-58;sub-13_sub-20_sub-33_sub-41_sub-48_sub-61
ANOVA_L_6_Random,random,sub-63,"XGBoost (learning_rate=unknown, max_depth=unknown, n_estimators=unknown)",0.6290,0.5649,0.6954,0.1305,0.0653,3,"[0.082, 1.000]",0.2789,sub-2_sub-8_sub-32_sub-48_sub-63_sub-65;sub-6_sub-8_sub-25_sub-46_sub-54_sub-63;sub-15_sub-21_sub-36_sub-38_sub-61_sub-63
ANOVA_L_6_Random,random,sub-63,"SVM (kernel=rbf, C=0.1, gamma=auto)",0.5140,0.4986,0.5375,0.0389,0.0207,3,"[0.000, 1.000]",0.2886,sub-2_sub-8_sub-32_sub-48_sub-63_sub-65;sub-6_sub-8_sub-25_sub-46_sub-54_sub-63;sub-15_sub-21_sub-36_sub-38_sub-61_sub-63
ANOVA_L_6_Random,random,sub-63,"MLP (activation=tanh, alpha=0.1, hidden=[])",0.6135,0.5265,0.7488,0.2224,0.1188,3,"[0.062, 1.000]",0.2811,sub-2_sub-8_sub-32_sub-48_sub-63_sub-65;sub-6_sub-8_sub-25_sub-46_sub-54_sub-63;sub-15_sub-21_sub-36_sub-38_sub-61_sub-63
ANOVA_L_2_Random,random,sub-18,"XGBoost (learning_rate=unknown, max_depth=unknown, n_estimators=unknown)",0.7787,0.7134,0.8473,0.1339,0.0673,4,"[0.372, 1.000]",0.2076,sub-18_sub-41;sub-18_sub-44;sub-18_sub-51;sub-18_sub-57
ANOVA_L_2_Random,random,sub-18,"SVM (kernel=poly, C=0.1, gamma=auto)",0.6718,0.5790,0.7590,0.1800,0.0895,4,"[0.212, 1.000]",0.2348,sub-18_sub-41;sub-18_sub-44;sub-18_sub-51;sub-18_sub-57
ANOVA_L_2_Random,random,sub-18,"MLP (activation=tanh, alpha=0.1, hidden=[])",0.7914,0.6861,0.9109,0.2247,0.0928,4,"[0.393, 1.000]",0.2031,sub-18_sub-41;sub-18_sub-44;sub-18_sub-51;sub-18_sub-57
ANOVA_L_2_Random,random,sub-49,"XGBoost (learning_rate=unknown, max_depth=unknown, n_estimators=unknown)",0.8400,0.6295,0.9459,0.3164,0.1823,3,"[0.425, 1.000]",0.2117,sub-30_sub-49;sub-6_sub-49;sub-8_sub-49
ANOVA_L_2_Random,random,sub-49,"SVM (kernel=poly, C=0.1, gamma=auto)",0.7605,0.5924,0.8555,0.2632,0.1460,3,"[0.277, 1.000]",0.2464,sub-30_sub-49;sub-6_sub-49;sub-8_sub-49
ANOVA_L_2_Random,random,sub-49,"MLP (activation=tanh, alpha=0.1, hidden=[])",0.7426,0.5658,0.9064,0.3406,0.1707,3,"[0.248, 1.000]",0.2524,sub-30_sub-49;sub-6_sub-49;sub-8_sub-49
ANOVA_L_2_Random,random,sub-56,"KNN (n_neighbors=unknown, metric=euclidean, weights=uniform)",0.6133,0.5600,0.6853,0.1253,0.0647,3,"[0.062, 1.000]",0.2812,sub-5_sub-56;sub-33_sub-56;sub-23_sub-56
ANOVA_L_2_Random,random,sub-56,"XGBoost (learning_rate=unknown, max_depth=unknown, n_estimators=unknown)",0.7315,0.7189,0.7404,0.0215,0.0112,3,"[0.230, 1.000]",0.2559,sub-5_sub-56;sub-33_sub-56;sub-23_sub-56
ANOVA_L_2_Random,random,sub-56,"SVM (kernel=poly, C=0.1, gamma=auto)",0.8376,0.8257,0.8458,0.0201,0.0105,3,"[0.420, 1.000]",0.2130,sub-5_sub-56;sub-33_sub-56;sub-23_sub-56
ANOVA_L_2_Random,random,sub-56,"MLP (activation=tanh, alpha=0.1, hidden=[])",0.7114,0.5448,0.8789,0.3341,0.1670,3,"[0.199, 1.000]",0.2616,sub-5_sub-56;sub-33_sub-56;sub-23_sub-56
ANOVA_L_2_Random,random,sub-14,"XGBoost (learning_rate=unknown, max_depth=unknown, n_estimators=unknown)",0.6498,0.5442,0.8138,0.2696,0.1440,3,"[0.110, 1.000]",0.2754,sub-14_sub-44;sub-14_sub-58;sub-14_sub-61
ANOVA_L_2_Random,random,sub-14,"SVM (kernel=poly, C=0.1, gamma=auto)",0.6953,0.5943,0.7623,0.1680,0.0890,3,"[0.174, 1.000]",0.2657,sub-14_sub-44;sub-14_sub-58;sub-14_sub-61
ANOVA_L_2_Random,random,sub-14,"MLP (activation=tanh, alpha=0.1, hidden=[])",0.6640,0.5397,0.8311,0.2914,0.1503,3,"[0.129, 1.000]",0.2727,sub-14_sub-44;sub-14_sub-58;sub-14_sub-61
PCA_L_6_Random,random,sub-2,"XGBoost (learning_rate=unknown, max_depth=unknown, n_estimators=unknown)",0.5705,0.5114,0.6386,0.1272,0.0559,4,"[0.085, 1.000]",0.2475,sub-2_sub-6_sub-14_sub-44_sub-53_sub-56;sub-2_sub-15_sub-36_sub-37_sub-44_sub-55;sub-2_sub-8_sub-18_sub-41_sub-44_sub-60;sub-2_sub-13_sub-36_sub-54_sub-57_sub-59
PCA_L_6_Random,random,sub-2,"MLP (activation=tanh, alpha=0.1, hidden=[])",0.5709,0.5325,0.6258,0.0934,0.0488,3,"[0.011, 1.000]",0.2858,sub-2_sub-15_sub-36_sub-37_sub-44_sub-55;sub-2_sub-13_sub-36_sub-54_sub-57_sub-59;sub-2_sub-8_sub-32_sub-48_sub-63_sub-65
PCA_L_6_Random,random,sub-6,"KNN (n_neighbors=unknown, metric=euclidean, weights=uniform)",0.5464,0.4701,0.6462,0.1760,0.0829,5,"[0.110, 0.983]",0.2226,sub-2_sub-6_sub-14_sub-44_sub-53_sub-56;sub-6_sub-15_sub-19_sub-40_sub-49_sub-64;sub-4_sub-6_sub-8_sub-41_sub-42_sub-57;sub-6_sub-7_sub-35_sub-38_sub-50_sub-55;sub-1_sub-6_sub-35_sub-44_sub-61_sub-64
PCA_L_6_Random,random,sub-6,"XGBoost (learning_rate=unknown, max_depth=unknown, n_estimators=unknown)",0.4866,0.4329,0.5415,0.1086,0.0482,4,"[0.000, 0.976]",0.2499,sub-2_sub-6_sub-14_sub-44_sub-53_sub-56;sub-4_sub-6_sub-8_sub-41_sub-42_sub-57;sub-5_sub-6_sub-32_sub-41_sub-54_sub-61;sub-6_sub-8_sub-25_sub-46_sub-54_sub-63
PCA_L_6_Random,random,sub-6,"XGBoost (learning_rate=unknown, max_depth=unknown, n_estimators=unknown)",0.4941,0.4727,0.5361,0.0634,0.0363,3,"[0.000, 1.000]",0.2887,sub-6_sub-15_sub-19_sub-40_sub-49_sub-64;sub-6_sub-7_sub-35_sub-38_sub-50_sub-55;sub-1_sub-6_sub-35_sub-44_sub-61_sub-64
PCA_L_6_Random,random,sub-6,"SVM (kernel=rbf, C=0.1, gamma=auto)",0.6307,0.4886,0.7408,0.2521,0.1291,3,"[0.085, 1.000]",0.2786,sub-6_sub-15_sub-19_sub-40_sub-49_sub-64;sub-6_sub-7_sub-35_sub-38_sub-50_sub-55;sub-1_sub-6_sub-35_sub-44_sub-61_sub-64
PCA_L_6_Random,random,sub-6,"MLP (activation=tanh, alpha=0.1, hidden=[])",0.5778,0.5131,0.6808,0.1677,0.0902,3,"[0.019, 1.000]",0.2852,sub-2_sub-6_sub-14_sub-44_sub-53_sub-56;sub-4_sub-6_sub-8_sub-41_sub-42_sub-57;sub-6_sub-7_sub-35_sub-38_sub-50_sub-55
PCA_L_6_Random,random,sub-14,"XGBoost (learning_rate=unknown, max_depth=unknown, n_estimators=unknown)",0.5591,0.5135,0.6360,0.1225,0.0532,4,"[0.073, 1.000]",0.2482,sub-2_sub-6_sub-14_sub-44_sub-53_sub-56;sub-14_sub-21_sub-32_sub-49_sub-57_sub-65;sub-7_sub-14_sub-22_sub-39_sub-40_sub-49;sub-14_sub-28_sub-35_sub-59_sub-60_sub-61
PCA_L_6_Random,random,sub-14,"MLP (activation=tanh, alpha=0.1, hidden=[])",0.5927,0.4907,0.6808,0.1901,0.0958,3,"[0.037, 1.000]",0.2837,sub-2_sub-6_sub-14_sub-44_sub-53_sub-56;sub-14_sub-21_sub-32_sub-49_sub-57_sub-65;sub-7_sub-14_sub-22_sub-39_sub-40_sub-49
PCA_L_6_Random,random,sub-44,"KNN (n_neighbors=unknown, metric=euclidean, weights=uniform)",0.5658,0.4991,0.6462,0.1470,0.0693,5,"[0.131, 1.000]",0.2217,sub-2_sub-6_sub-14_sub-44_sub-53_sub-56;sub-9_sub-12_sub-28_sub-44_sub-45_sub-51;sub-2_sub-8_sub-18_sub-41_sub-44_sub-60;sub-5_sub-22_sub-33_sub-44_sub-45_sub-58;sub-1_sub-6_sub-35_sub-44_sub-61_sub-64
PCA_L_6_Random,random,sub-44,"KNN (n_neighbors=unknown, metric=euclidean, weights=uniform)",0.5037,0.4851,0.5134,0.0283,0.0132,4,"[0.014, 0.994]",0.2500,sub-4_sub-16_sub-20_sub-44_sub-55_sub-65;sub-8_sub-29_sub-34_sub-39_sub-44_sub-47;sub-10_sub-17_sub-30_sub-41_sub-44_sub-60;sub-5_sub-11_sub-18_sub-44_sub-54_sub-60
PCA_L_6_Random,random,sub-44,"XGBoost (learning_rate=unknown, max_depth=unknown, n_estimators=unknown)",0.5352,0.4954,0.6386,0.1432,0.0537,6,"[0.136, 0.934]",0.2036,sub-2_sub-6_sub-14_sub-44_sub-53_sub-56;sub-2_sub-15_sub-36_sub-37_sub-44_sub-55;sub-9_sub-12_sub-28_sub-44_sub-45_sub-51;sub-5_sub-13_sub-24_sub-38_sub-44_sub-58;sub-2_sub-8_sub-18_sub-41_sub-44_sub-60;sub-5_sub-11_sub-18_sub-44_sub-54_sub-60
PCA_L_6_Random,random,sub-44,"XGBoost (learning_rate=unknown, max_depth=unknown, n_estimators=unknown)",0.5382,0.4727,0.5809,0.1082,0.0576,3,"[0.000, 1.000]",0.2878,sub-10_sub-17_sub-30_sub-41_sub-44_sub-60;sub-5_sub-22_sub-33_sub-44_sub-45_sub-58;sub-1_sub-6_sub-35_sub-44_sub-61_sub-64
PCA_L_6_Random,random,sub-44,"SVM (kernel=linear, C=0.1, gamma=auto)",0.5124,0.4922,0.5414,0.0492,0.0208,4,"[0.023, 1.000]",0.2499,sub-2_sub-15_sub-36_sub-37_sub-44_sub-55;sub-9_sub-12_sub-28_sub-44_sub-45_sub-51;sub-5_sub-13_sub-24_sub-38_sub-44_sub-58;sub-2_sub-8_sub-18_sub-41_sub-44_sub-60
PCA_L_6_Random,random,sub-44,"SVM (kernel=rbf, C=0.1, gamma=auto)",0.6270,0.5681,0.7091,0.1410,0.0577,5,"[0.203, 1.000]",0.2163,sub-4_sub-16_sub-20_sub-44_sub-55_sub-65;sub-8_sub-29_sub-34_sub-39_sub-44_sub-47;sub-10_sub-17_sub-30_sub-41_sub-44_sub-60;sub-5_sub-22_sub-33_sub-44_sub-45_sub-58;sub-1_sub-6_sub-35_sub-44_sub-61_sub-64
PCA_L_6_Random,random,sub-44,"MLP (activation=tanh, alpha=0.1, hidden=[])",0.5581,0.5399,0.5853,0.0454,0.0206,4,"[0.071, 1.000]",0.2483,sub-9_sub-12_sub-28_sub-44_sub-45_sub-51;sub-2_sub-8_sub-18_sub-41_sub-44_sub-60;sub-5_sub-22_sub-33_sub-44_sub-45_sub-58;sub-1_sub-6_sub-35_sub-44_sub-61_sub-64
PCA_L_6_Random,random,sub-44,"MLP (activation=tanh, alpha=0.1, hidden=[])",0.5580,0.4911,0.6258,0.1347,0.0520,5,"[0.123, 0.993]",0.2221,sub-4_sub-16_sub-20_sub-44_sub-55_sub-65;sub-8_sub-29_sub-34_sub-39_sub-44_sub-47;sub-2_sub-15_sub-36_sub-37_sub-44_sub-55;sub-5_sub-13_sub-24_sub-38_sub-44_sub-58;sub-5_sub-11_sub-18_sub-44_sub-54_sub-60
PCA_L_6_Random,random,sub-53,"KNN (n_neighbors=unknown, metric=euclidean, weights=uniform)",0.5089,0.4927,0.5349,0.0421,0.0227,3,"[0.000, 1.000]",0.2886,sub-2_sub-6_sub-14_sub-44_sub-53_sub-56;sub-15_sub-24_sub-26_sub-41_sub-52_sub-53;sub-9_sub-31_sub-36_sub-42_sub-45_sub-53
PCA_L_6_Random,random,sub-53,"XGBoost (learning_rate=unknown, max_depth=unknown, n_estimators=unknown)",0.5252,0.4949,0.5415,0.0466,0.0216,4,"[0.036, 1.000]",0.2497,sub-2_sub-6_sub-14_sub-44_sub-53_sub-56;sub-12_sub-17_sub-33_sub-40_sub-53_sub-64;sub-15_sub-24_sub-26_sub-41_sub-52_sub-53;sub-9_sub-31_sub-36_sub-42_sub-45_sub-53
PCA_L_6_Random,random,sub-53,"SVM (kernel=poly, C=0.1, gamma=auto)",0.5050,0.4910,0.5178,0.0268,0.0131,4,"[0.015, 0.995]",0.2500,sub-2_sub-6_sub-14_sub-44_sub-53_sub-56;sub-12_sub-17_sub-33_sub-40_sub-53_sub-64;sub-15_sub-24_sub-26_sub-41_sub-52_sub-53;sub-9_sub-31_sub-36_sub-42_sub-45_sub-53
PCA_L_6_Random,random,sub-53,"MLP (activation=tanh, alpha=0.1, hidden=[])",0.5768,0.5090,0.6808,0.1718,0.0915,3,"[0.018, 1.000]",0.2853,sub-2_sub-6_sub-14_sub-44_sub-53_sub-56;sub-12_sub-17_sub-33_sub-40_sub-53_sub-64;sub-9_sub-31_sub-36_sub-42_sub-45_sub-53
PCA_L_6_Random,random,sub-15,"KNN (n_neighbors=unknown, metric=euclidean, weights=uniform)",0.5870,0.5349,0.6260,0.0912,0.0470,3,"[0.030, 1.000]",0.2843,sub-6_sub-15_sub-19_sub-40_sub-49_sub-64;sub-15_sub-24_sub-26_sub-41_sub-52_sub-53;sub-15_sub-27_sub-29_sub-45_sub-55_sub-62
PCA_L_6_Random,random,sub-15,"KNN (n_neighbors=unknown, metric=euclidean, weights=uniform)",0.5186,0.4924,0.5761,0.0837,0.0388,4,"[0.029, 1.000]",0.2498,sub-2_sub-15_sub-36_sub-37_sub-44_sub-55;sub-4_sub-5_sub-15_sub-38_sub-39_sub-65;sub-3_sub-15_sub-21_sub-39_sub-45_sub-49;sub-15_sub-21_sub-36_sub-38_sub-61_sub-63
PCA_L_6_Random,random,sub-15,"XGBoost (learning_rate=unknown, max_depth=unknown, n_estimators=unknown)",0.5740,0.4949,0.6386,0.1437,0.0729,3,"[0.014, 1.000]",0.2855,sub-2_sub-15_sub-36_sub-37_sub-44_sub-55;sub-15_sub-24_sub-26_sub-41_sub-52_sub-53;sub-15_sub-27_sub-29_sub-45_sub-55_sub-62
PCA_L_6_Random,random,sub-15,"XGBoost (learning_rate=unknown, max_depth=unknown, n_estimators=unknown)",0.5124,0.4852,0.5329,0.0476,0.0245,3,"[0.000, 1.000]",0.2886,sub-4_sub-5_sub-15_sub-38_sub-39_sub-65;sub-3_sub-15_sub-21_sub-39_sub-45_sub-49;sub-15_sub-21_sub-36_sub-38_sub-61_sub-63
PCA_L_6_Random,random,sub-15,"SVM (kernel=rbf, C=0.1, gamma=auto)",0.6168,0.5278,0.7408,0.2129,0.0962,4,"[0.140, 1.000]",0.2431,sub-6_sub-15_sub-19_sub-40_sub-49_sub-64;sub-4_sub-5_sub-15_sub-38_sub-39_sub-65;sub-3_sub-15_sub-21_sub-39_sub-45_sub-49;sub-15_sub-21_sub-36_sub-38_sub-61_sub-63
PCA_L_6_Random,random,sub-15,"MLP (activation=tanh, alpha=0.1, hidden=[])",0.5645,0.4786,0.6318,0.1532,0.0763,4,"[0.079, 1.000]",0.2479,sub-2_sub-15_sub-36_sub-37_sub-44_sub-55;sub-4_sub-5_sub-15_sub-38_sub-39_sub-65;sub-3_sub-15_sub-21_sub-39_sub-45_sub-49;sub-15_sub-21_sub-36_sub-38_sub-61_sub-63
PCA_L_6_Random,random,sub-40,"XGBoost (learning_rate=unknown, max_depth=unknown, n_estimators=unknown)",0.5525,0.5399,0.5809,0.0410,0.0191,4,"[0.065, 1.000]",0.2486,sub-16_sub-27_sub-31_sub-40_sub-43_sub-58;sub-7_sub-14_sub-22_sub-39_sub-40_sub-49;sub-12_sub-17_sub-33_sub-40_sub-53_sub-64;sub-5_sub-29_sub-36_sub-38_sub-40_sub-57
PCA_L_6_Random,random,sub-40,"SVM (kernel=poly, C=0.1, gamma=auto)",0.5062,0.4828,0.5391,0.0563,0.0293,3,"[0.000, 1.000]",0.2887,sub-16_sub-27_sub-31_sub-40_sub-43_sub-58;sub-12_sub-17_sub-33_sub-40_sub-53_sub-64;sub-5_sub-29_sub-36_sub-38_sub-40_sub-57
PCA_L_6_Random,random,sub-49,"KNN (n_neighbors=unknown, metric=euclidean, weights=uniform)",0.5621,0.5032,0.6260,0.1229,0.0536,4,"[0.076, 1.000]",0.2481,sub-6_sub-15_sub-19_sub-40_sub-49_sub-64;sub-4_sub-11_sub-26_sub-37_sub-45_sub-49;sub-7_sub-14_sub-22_sub-39_sub-40_sub-49;sub-5_sub-25_sub-28_sub-49_sub-51_sub-56
PCA_L_6_Random,random,sub-49,"XGBoost (learning_rate=unknown, max_depth=unknown, n_estimators=unknown)",0.5086,0.4669,0.5455,0.0787,0.0396,3,"[0.000, 1.000]",0.2886,sub-14_sub-21_sub-32_sub-49_sub-57_sub-65;sub-4_sub-11_sub-26_sub-37_sub-45_sub-49;sub-7_sub-14_sub-22_sub-39_sub-40_sub-49
PCA_L_6_Random,random,sub-49,"SVM (kernel=linear, C=0.1, gamma=auto)",0.4956,0.4594,0.5308,0.0714,0.0357,3,"[0.000, 1.000]",0.2887,sub-14_sub-21_sub-32_sub-49_sub-57_sub-65;sub-4_sub-11_sub-26_sub-37_sub-45_sub-49;sub-7_sub-14_sub-22_sub-39_sub-40_sub-49
PCA_L_6_Random,random,sub-49,"SVM (kernel=rbf, C=0.1, gamma=auto)",0.6511,0.5691,0.7408,0.1716,0.0861,3,"[0.112, 1.000]",0.2752,sub-6_sub-15_sub-19_sub-40_sub-49_sub-64;sub-5_sub-25_sub-28_sub-49_sub-51_sub-56;sub-3_sub-15_sub-21_sub-39_sub-45_sub-49
PCA_L_6_Random,random,sub-49,"MLP (activation=tanh, alpha=0.1, hidden=[])",0.5791,0.4907,0.6689,0.1782,0.0763,4,"[0.095, 1.000]",0.2468,sub-14_sub-21_sub-32_sub-49_sub-57_sub-65;sub-4_sub-11_sub-26_sub-37_sub-45_sub-49;sub-7_sub-14_sub-22_sub-39_sub-40_sub-49;sub-5_sub-25_sub-28_sub-49_sub-51_sub-56
PCA_L_6_Random,random,sub-64,"KNN (n_neighbors=unknown, metric=euclidean, weights=uniform)",0.6194,0.5720,0.6462,0.0742,0.0327,4,"[0.144, 1.000]",0.2428,sub-6_sub-15_sub-19_sub-40_sub-49_sub-64;sub-23_sub-27_sub-28_sub-51_sub-60_sub-64;sub-11_sub-27_sub-32_sub-43_sub-52_sub-64;sub-1_sub-6_sub-35_sub-44_sub-61_sub-64
PCA_L_6_Random,random,sub-64,"XGBoost (learning_rate=unknown, max_depth=unknown, n_estimators=unknown)",0.5959,0.5399,0.6331,0.0931,0.0493,3,"[0.041, 1.000]",0.2833,sub-12_sub-17_sub-33_sub-40_sub-53_sub-64;sub-11_sub-27_sub-32_sub-43_sub-52_sub-64;sub-17_sub-34_sub-36_sub-37_sub-58_sub-64
PCA_L_6_Random,random,sub-64,"XGBoost (learning_rate=unknown, max_depth=unknown, n_estimators=unknown)",0.5371,0.4727,0.6025,0.1298,0.0649,3,"[0.000, 1.000]",0.2879,sub-6_sub-15_sub-19_sub-40_sub-49_sub-64;sub-23_sub-27_sub-28_sub-51_sub-60_sub-64;sub-1_sub-6_sub-35_sub-44_sub-61_sub-64
PCA_L_6_Random,random,sub-64,"SVM (kernel=rbf, C=0.1, gamma=auto)",0.6957,0.6628,0.7408,0.0779,0.0404,3,"[0.175, 1.000]",0.2656,sub-6_sub-15_sub-19_sub-40_sub-49_sub-64;sub-23_sub-27_sub-28_sub-51_sub-60_sub-64;sub-1_sub-6_sub-35_sub-44_sub-61_sub-64
PCA_L_6_Random,random,sub-17,"XGBoost (learning_rate=unknown, max_depth=unknown, n_estimators=unknown)",0.5462,0.4841,0.6146,0.1305,0.0655,3,"[0.000, 1.000]",0.2874,sub-3_sub-17_sub-23_sub-51_sub-54_sub-60;sub-12_sub-17_sub-33_sub-40_sub-53_sub-64;sub-17_sub-34_sub-36_sub-37_sub-58_sub-64
PCA_L_6_Random,random,sub-17,"MLP (activation=tanh, alpha=0.1, hidden=[])",0.5588,0.5090,0.6370,0.1280,0.0686,3,"[0.000, 1.000]",0.2867,sub-10_sub-17_sub-30_sub-41_sub-44_sub-60;sub-12_sub-17_sub-33_sub-40_sub-53_sub-64;sub-17_sub-35_sub-36_sub-50_sub-55_sub-60
PCA_L_6_Random,random,sub-51,"KNN (n_neighbors=unknown, metric=euclidean, weights=uniform)",0.5658,0.5032,0.6334,0.1302,0.0552,4,"[0.080, 1.000]",0.2478,sub-3_sub-17_sub-23_sub-51_sub-54_sub-60;sub-23_sub-27_sub-28_sub-51_sub-60_sub-64;sub-9_sub-12_sub-28_sub-44_sub-45_sub-51;sub-5_sub-25_sub-28_sub-49_sub-51_sub-56
PCA_L_6_Random,random,sub-51,"XGBoost (learning_rate=unknown, max_depth=unknown, n_estimators=unknown)",0.5150,0.4841,0.5656,0.0815,0.0442,3,"[0.000, 1.000]",0.2885,sub-3_sub-17_sub-23_sub-51_sub-54_sub-60;sub-9_sub-12_sub-28_sub-44_sub-45_sub-51;sub-7_sub-13_sub-16_sub-43_sub-51_sub-54
PCA_L_6_Random,random,sub-51,"SVM (kernel=rbf, C=0.1, gamma=auto)",0.6180,0.5691,0.6835,0.1143,0.0589,3,"[0.068, 1.000]",0.2805,sub-23_sub-27_sub-28_sub-51_sub-60_sub-64;sub-5_sub-25_sub-28_sub-49_sub-51_sub-56;sub-8_sub-19_sub-28_sub-37_sub-42_sub-51
PCA_L_6_Random,random,sub-54,"KNN (n_neighbors=unknown, metric=euclidean, weights=uniform)",0.5585,0.4779,0.6841,0.2061,0.1102,3,"[0.000, 1.000]",0.2867,sub-2_sub-13_sub-36_sub-54_sub-57_sub-59;sub-7_sub-13_sub-16_sub-43_sub-51_sub-54;sub-5_sub-11_sub-18_sub-44_sub-54_sub-60
PCA_L_6_Random,random,sub-54,"XGBoost (learning_rate=unknown, max_depth=unknown, n_estimators=unknown)",0.5181,0.4629,0.5904,0.1275,0.0495,6,"[0.118, 0.918]",0.2040,sub-3_sub-17_sub-23_sub-51_sub-54_sub-60;sub-5_sub-6_sub-32_sub-41_sub-54_sub-61;sub-2_sub-13_sub-36_sub-54_sub-57_sub-59;sub-7_sub-13_sub-16_sub-43_sub-51_sub-54;sub-6_sub-8_sub-25_sub-46_sub-54_sub-63;sub-5_sub-11_sub-18_sub-44_sub-54_sub-60
PCA_L_6_Random,random,sub-54,"SVM (kernel=poly, C=0.1, gamma=auto)",0.4934,0.4728,0.5234,0.0506,0.0242,4,"[0.003, 0.983]",0.2500,sub-3_sub-17_sub-23_sub-51_sub-54_sub-60;sub-2_sub-13_sub-36_sub-54_sub-57_sub-59;sub-7_sub-13_sub-16_sub-43_sub-51_sub-54;sub-5_sub-11_sub-18_sub-44_sub-54_sub-60
PCA_L_6_Random,random,sub-54,"MLP (activation=tanh, alpha=0.1, hidden=[])",0.5804,0.4785,0.7623,0.2839,0.1077,5,"[0.148, 1.000]",0.2207,sub-5_sub-6_sub-32_sub-41_sub-54_sub-61;sub-2_sub-13_sub-36_sub-54_sub-57_sub-59;sub-7_sub-13_sub-16_sub-43_sub-51_sub-54;sub-6_sub-8_sub-25_sub-46_sub-54_sub-63;sub-5_sub-11_sub-18_sub-44_sub-54_sub-60
PCA_L_6_Random,random,sub-60,"KNN (n_neighbors=unknown, metric=euclidean, weights=uniform)",0.5878,0.5063,0.6586,0.1523,0.0603,5,"[0.156, 1.000]",0.2201,sub-3_sub-17_sub-23_sub-51_sub-54_sub-60;sub-23_sub-27_sub-28_sub-51_sub-60_sub-64;sub-2_sub-8_sub-18_sub-41_sub-44_sub-60;sub-17_sub-35_sub-36_sub-50_sub-55_sub-60;sub-4_sub-7_sub-26_sub-47_sub-60_sub-62
PCA_L_6_Random,random,sub-60,"KNN (n_neighbors=unknown, metric=euclidean, weights=uniform)",0.5158,0.4851,0.5386,0.0535,0.0229,4,"[0.026, 1.000]",0.2499,sub-10_sub-17_sub-30_sub-41_sub-44_sub-60;sub-14_sub-32_sub-35_sub-41_sub-60_sub-65;sub-19_sub-28_sub-30_sub-59_sub-60_sub-62;sub-5_sub-11_sub-18_sub-44_sub-54_sub-60
PCA_L_6_Random,random,sub-60,"XGBoost (learning_rate=unknown, max_depth=unknown, n_estimators=unknown)",0.5566,0.4841,0.7063,0.2222,0.0919,6,"[0.159, 0.954]",0.2028,sub-3_sub-17_sub-23_sub-51_sub-54_sub-60;sub-14_sub-28_sub-35_sub-59_sub-60_sub-61;sub-2_sub-8_sub-18_sub-41_sub-44_sub-60;sub-4_sub-7_sub-26_sub-47_sub-60_sub-62;sub-19_sub-28_sub-30_sub-59_sub-60_sub-62;sub-5_sub-11_sub-18_sub-44_sub-54_sub-60
PCA_L_6_Random,random,sub-60,"XGBoost (learning_rate=unknown, max_depth=unknown, n_estimators=unknown)",0.5797,0.5557,0.6025,0.0468,0.0234,3,"[0.021, 1.000]",0.2850,sub-23_sub-27_sub-28_sub-51_sub-60_sub-64;sub-10_sub-17_sub-30_sub-41_sub-44_sub-60;sub-17_sub-35_sub-36_sub-50_sub-55_sub-60
PCA_L_6_Random,random,sub-60,"SVM (kernel=poly, C=0.1, gamma=auto)",0.4831,0.4728,0.5077,0.0349,0.0165,4,"[0.000, 0.973]",0.2499,sub-3_sub-17_sub-23_sub-51_sub-54_sub-60;sub-14_sub-28_sub-35_sub-59_sub-60_sub-61;sub-19_sub-28_sub-30_sub-59_sub-60_sub-62;sub-5_sub-11_sub-18_sub-44_sub-54_sub-60
PCA_L_6_Random,random,sub-60,"SVM (kernel=rbf, C=0.1, gamma=auto)",0.5796,0.4820,0.6835,0.2014,0.0853,4,"[0.096, 1.000]",0.2468,sub-23_sub-27_sub-28_sub-51_sub-60_sub-64;sub-10_sub-17_sub-30_sub-41_sub-44_sub-60;sub-14_sub-32_sub-35_sub-41_sub-60_sub-65;sub-17_sub-35_sub-36_sub-50_sub-55_sub-60
PCA_L_6_Random,random,sub-60,"MLP (activation=tanh, alpha=0.1, hidden=[])",0.6370,0.5304,0.7436,0.2132,0.1066,3,"[0.093, 1.000]",0.2776,sub-23_sub-27_sub-28_sub-51_sub-60_sub-64;sub-10_sub-17_sub-30_sub-41_sub-44_sub-60;sub-17_sub-35_sub-36_sub-50_sub-55_sub-60
PCA_L_6_Random,random,sub-60,"MLP (activation=tanh, alpha=0.1, hidden=[])",0.5466,0.4777,0.6321,0.1544,0.0668,4,"[0.059, 1.000]",0.2489,sub-3_sub-17_sub-23_sub-51_sub-54_sub-60;sub-14_sub-28_sub-35_sub-59_sub-60_sub-61;sub-2_sub-8_sub-18_sub-41_sub-44_sub-60;sub-4_sub-7_sub-26_sub-47_sub-60_sub-62
PCA_L_6_Random,random,sub-60,"MLP (activation=tanh, alpha=0.1, hidden=[])",0.5285,0.4707,0.5576,0.0868,0.0500,3,"[0.000, 1.000]",0.2882,sub-14_sub-32_sub-35_sub-41_sub-60_sub-65;sub-19_sub-28_sub-30_sub-59_sub-60_sub-62;sub-5_sub-11_sub-18_sub-44_sub-54_sub-60
PCA_L_6_Random,random,sub-4,"KNN (n_neighbors=unknown, metric=euclidean, weights=uniform)",0.5704,0.4701,0.6586,0.1885,0.0948,3,"[0.010, 1.000]",0.2858,sub-4_sub-6_sub-8_sub-41_sub-42_sub-57;sub-4_sub-11_sub-26_sub-37_sub-45_sub-49;sub-4_sub-7_sub-26_sub-47_sub-60_sub-62
PCA_L_6_Random,random,sub-4,"XGBoost (learning_rate=unknown, max_depth=unknown, n_estimators=unknown)",0.5353,0.4329,0.7063,0.2734,0.1490,3,"[0.000, 1.000]",0.2880,sub-4_sub-6_sub-8_sub-41_sub-42_sub-57;sub-4_sub-11_sub-26_sub-37_sub-45_sub-49;sub-4_sub-7_sub-26_sub-47_sub-60_sub-62
PCA_L_6_Random,random,sub-8,"KNN (n_neighbors=unknown, metric=euclidean, weights=uniform)",0.4962,0.4701,0.5122,0.0420,0.0228,3,"[0.000, 1.000]",0.2887,sub-4_sub-6_sub-8_sub-41_sub-42_sub-57;sub-8_sub-18_sub-35_sub-47_sub-57_sub-61;sub-2_sub-8_sub-18_sub-41_sub-44_sub-60
PCA_L_6_Random,random,sub-8,"XGBoost (learning_rate=unknown, max_depth=unknown, n_estimators=unknown)",0.5075,0.4329,0.6227,0.1898,0.0833,4,"[0.018, 0.997]",0.2500,sub-4_sub-6_sub-8_sub-41_sub-42_sub-57;sub-8_sub-18_sub-35_sub-47_sub-57_sub-61;sub-2_sub-8_sub-18_sub-41_sub-44_sub-60;sub-6_sub-8_sub-25_sub-46_sub-54_sub-63
PCA_L_6_Random,random,sub-8,"XGBoost (learning_rate=unknown, max_depth=unknown, n_estimators=unknown)",0.5326,0.4743,0.5955,0.1212,0.0607,3,"[0.000, 1.000]",0.2881,sub-8_sub-29_sub-34_sub-39_sub-44_sub-47;sub-8_sub-19_sub-28_sub-37_sub-42_sub-51;sub-2_sub-8_sub-32_sub-48_sub-63_sub-65
PCA_L_6_Random,random,sub-8,"SVM (kernel=rbf, C=0.1, gamma=auto)",0.5937,0.4706,0.7091,0.2386,0.1195,3,"[0.038, 1.000]",0.2836,sub-8_sub-29_sub-34_sub-39_sub-44_sub-47;sub-8_sub-19_sub-28_sub-37_sub-42_sub-51;sub-2_sub-8_sub-32_sub-48_sub-63_sub-65
PCA_L_6_Random,random,sub-8,"MLP (activation=tanh, alpha=0.1, hidden=[])",0.5904,0.4785,0.8004,0.3219,0.1435,4,"[0.109, 1.000]",0.2459,sub-8_sub-29_sub-34_sub-39_sub-44_sub-47;sub-8_sub-19_sub-28_sub-37_sub-42_sub-51;sub-2_sub-8_sub-32_sub-48_sub-63_sub-65;sub-6_sub-8_sub-25_sub-46_sub-54_sub-63
PCA_L_6_Random,random,sub-41,"KNN (n_neighbors=unknown, metric=euclidean, weights=uniform)",0.5118,0.4701,0.5360,0.0659,0.0310,4,"[0.022, 1.000]",0.2499,sub-4_sub-6_sub-8_sub-41_sub-42_sub-57;sub-2_sub-8_sub-18_sub-41_sub-44_sub-60;sub-15_sub-24_sub-26_sub-41_sub-52_sub-53;sub-13_sub-20_sub-33_sub-41_sub-48_sub-61
PCA_L_6_Random,random,sub-41,"XGBoost (learning_rate=unknown, max_depth=unknown, n_estimators=unknown)",0.4818,0.4329,0.5114,0.0785,0.0340,5,"[0.044, 0.920]",0.2235,sub-4_sub-6_sub-8_sub-41_sub-42_sub-57;sub-1_sub-11_sub-28_sub-41_sub-45_sub-47;sub-5_sub-6_sub-32_sub-41_sub-54_sub-61;sub-2_sub-8_sub-18_sub-41_sub-44_sub-60;sub-15_sub-24_sub-26_sub-41_sub-52_sub-53
PCA_L_6_Random,random,sub-41,"SVM (kernel=linear, C=0.1, gamma=auto)",0.4693,0.4441,0.5095,0.0654,0.0352,3,"[0.000, 1.000]",0.2881,sub-1_sub-11_sub-28_sub-41_sub-45_sub-47;sub-5_sub-6_sub-32_sub-41_sub-54_sub-61;sub-2_sub-8_sub-18_sub-41_sub-44_sub-60
PCA_L_6_Random,random,sub-41,"SVM (kernel=rbf, C=0.1, gamma=auto)",0.5599,0.4820,0.6040,0.1220,0.0676,3,"[0.000, 1.000]",0.2866,sub-10_sub-17_sub-30_sub-41_sub-44_sub-60;sub-14_sub-32_sub-35_sub-41_sub-60_sub-65;sub-13_sub-20_sub-33_sub-41_sub-48_sub-61
PCA_L_6_Random,random,sub-41,"MLP (activation=tanh, alpha=0.1, hidden=[])",0.5068,0.4678,0.5718,0.1040,0.0488,4,"[0.017, 0.997]",0.2500,sub-1_sub-11_sub-28_sub-41_sub-45_sub-47;sub-5_sub-6_sub-32_sub-41_sub-54_sub-61;sub-14_sub-32_sub-35_sub-41_sub-60_sub-65;sub-13_sub-20_sub-33_sub-41_sub-48_sub-61
PCA_L_6_Random,random,sub-42,"KNN (n_neighbors=unknown, metric=euclidean, weights=uniform)",0.4978,0.4701,0.5307,0.0605,0.0306,3,"[0.000, 1.000]",0.2887,sub-4_sub-6_sub-8_sub-41_sub-42_sub-57;sub-18_sub-24_sub-30_sub-42_sub-43_sub-48;sub-9_sub-31_sub-36_sub-42_sub-45_sub-53
PCA_L_6_Random,random,sub-57,"KNN (n_neighbors=unknown, metric=euclidean, weights=uniform)",0.5186,0.4701,0.5929,0.1228,0.0526,4,"[0.029, 1.000]",0.2498,sub-4_sub-6_sub-8_sub-41_sub-42_sub-57;sub-8_sub-18_sub-35_sub-47_sub-57_sub-61;sub-11_sub-25_sub-30_sub-45_sub-57_sub-59;sub-13_sub-20_sub-26_sub-48_sub-57_sub-58
PCA_L_6_Random,random,sub-57,"KNN (n_neighbors=unknown, metric=euclidean, weights=uniform)",0.5041,0.4779,0.5172,0.0393,0.0226,3,"[0.000, 1.000]",0.2887,sub-14_sub-21_sub-32_sub-49_sub-57_sub-65;sub-5_sub-29_sub-36_sub-38_sub-40_sub-57;sub-2_sub-13_sub-36_sub-54_sub-57_sub-59
PCA_L_6_Random,random,sub-57,"XGBoost (learning_rate=unknown, max_depth=unknown, n_estimators=unknown)",0.5200,0.3794,0.6227,0.2433,0.0966,6,"[0.120, 0.920]",0.2040,sub-14_sub-21_sub-32_sub-49_sub-57_sub-65;sub-4_sub-6_sub-8_sub-41_sub-42_sub-57;sub-8_sub-18_sub-35_sub-47_sub-57_sub-61;sub-11_sub-25_sub-30_sub-45_sub-57_sub-59;sub-5_sub-29_sub-36_sub-38_sub-40_sub-57;sub-2_sub-13_sub-36_sub-54_sub-57_sub-59
PCA_L_6_Random,random,sub-57,"SVM (kernel=poly, C=0.1, gamma=auto)",0.4802,0.4426,0.5028,0.0602,0.0263,4,"[0.000, 0.970]",0.2498,sub-4_sub-6_sub-8_sub-41_sub-42_sub-57;sub-8_sub-18_sub-35_sub-47_sub-57_sub-61;sub-5_sub-29_sub-36_sub-38_sub-40_sub-57;sub-2_sub-13_sub-36_sub-54_sub-57_sub-59
PCA_L_6_Random,random,sub-57,"MLP (activation=tanh, alpha=0.1, hidden=[])",0.5140,0.4290,0.6066,0.1776,0.0749,4,"[0.024, 1.000]",0.2499,sub-11_sub-25_sub-30_sub-45_sub-57_sub-59;sub-13_sub-20_sub-26_sub-48_sub-57_sub-58;sub-5_sub-29_sub-36_sub-38_sub-40_sub-57;sub-2_sub-13_sub-36_sub-54_sub-57_sub-59
PCA_L_6_Random,random,sub-18,"KNN (n_neighbors=unknown, metric=euclidean, weights=uniform)",0.5164,0.5063,0.5307,0.0243,0.0127,3,"[0.000, 1.000]",0.2885,sub-8_sub-18_sub-35_sub-47_sub-57_sub-61;sub-18_sub-24_sub-30_sub-42_sub-43_sub-48;sub-2_sub-8_sub-18_sub-41_sub-44_sub-60
PCA_L_6_Random,random,sub-18,"XGBoost (learning_rate=unknown, max_depth=unknown, n_estimators=unknown)",0.5435,0.4965,0.6227,0.1262,0.0690,3,"[0.000, 1.000]",0.2876,sub-8_sub-18_sub-35_sub-47_sub-57_sub-61;sub-2_sub-8_sub-18_sub-41_sub-44_sub-60;sub-5_sub-11_sub-18_sub-44_sub-54_sub-60
PCA_L_6_Random,random,sub-18,"MLP (activation=tanh, alpha=0.1, hidden=[])",0.5211,0.4634,0.5627,0.0994,0.0516,3,"[0.000, 1.000]",0.2884,sub-8_sub-18_sub-35_sub-47_sub-57_sub-61;sub-18_sub-24_sub-30_sub-42_sub-43_sub-48;sub-2_sub-8_sub-18_sub-41_sub-44_sub-60
PCA_L_6_Random,random,sub-35,"KNN (n_neighbors=unknown, metric=euclidean, weights=uniform)",0.5522,0.4903,0.6462,0.1559,0.0691,4,"[0.065, 1.000]",0.2486,sub-8_sub-18_sub-35_sub-47_sub-57_sub-61;sub-6_sub-7_sub-35_sub-38_sub-50_sub-55;sub-17_sub-35_sub-36_sub-50_sub-55_sub-60;sub-1_sub-6_sub-35_sub-44_sub-61_sub-64
PCA_L_6_Random,random,sub-35,"XGBoost (learning_rate=unknown, max_depth=unknown, n_estimators=unknown)",0.6297,0.6227,0.6360,0.0133,0.0067,3,"[0.083, 1.000]",0.2788,sub-8_sub-18_sub-35_sub-47_sub-57_sub-61;sub-14_sub-28_sub-35_sub-59_sub-60_sub-61;sub-11_sub-34_sub-35_sub-37_sub-47_sub-56
PCA_L_6_Random,random,sub-35,"XGBoost (learning_rate=unknown, max_depth=unknown, n_estimators=unknown)",0.5007,0.4727,0.5557,0.0831,0.0477,3,"[0.000, 1.000]",0.2887,sub-6_sub-7_sub-35_sub-38_sub-50_sub-55;sub-17_sub-35_sub-36_sub-50_sub-55_sub-60;sub-1_sub-6_sub-35_sub-44_sub-61_sub-64
PCA_L_6_Random,random,sub-35,"SVM (kernel=rbf, C=0.1, gamma=auto)",0.5456,0.4820,0.6628,0.1808,0.0837,4,"[0.058, 1.000]",0.2490,sub-6_sub-7_sub-35_sub-38_sub-50_sub-55;sub-14_sub-32_sub-35_sub-41_sub-60_sub-65;sub-17_sub-35_sub-36_sub-50_sub-55_sub-60;sub-1_sub-6_sub-35_sub-44_sub-61_sub-64
PCA_L_6_Random,random,sub-35,"MLP (activation=tanh, alpha=0.1, hidden=[])",0.5408,0.5139,0.5722,0.0584,0.0240,4,"[0.052, 1.000]",0.2492,sub-8_sub-18_sub-35_sub-47_sub-57_sub-61;sub-14_sub-28_sub-35_sub-59_sub-60_sub-61;sub-11_sub-34_sub-35_sub-37_sub-47_sub-56;sub-1_sub-6_sub-35_sub-44_sub-61_sub-64
PCA_L_6_Random,random,sub-47,"XGBoost (learning_rate=unknown, max_depth=unknown, n_estimators=unknown)",0.6050,0.4606,0.7063,0.2456,0.1034,4,"[0.126, 1.000]",0.2444,sub-8_sub-18_sub-35_sub-47_sub-57_sub-61;sub-1_sub-11_sub-28_sub-41_sub-45_sub-47;sub-11_sub-34_sub-35_sub-37_sub-47_sub-56;sub-4_sub-7_sub-26_sub-47_sub-60_sub-62
PCA_L_6_Random,random,sub-47,"SVM (kernel=linear, C=0.1, gamma=auto)",0.4877,0.4541,0.5331,0.0790,0.0408,3,"[0.000, 1.000]",0.2886,sub-1_sub-11_sub-28_sub-41_sub-45_sub-47;sub-11_sub-34_sub-35_sub-37_sub-47_sub-56;sub-4_sub-7_sub-26_sub-47_sub-60_sub-62
PCA_L_6_Random,random,sub-47,"MLP (activation=tanh, alpha=0.1, hidden=[])",0.5805,0.5372,0.6321,0.0949,0.0480,3,"[0.022, 1.000]",0.2849,sub-8_sub-18_sub-35_sub-47_sub-57_sub-61;sub-11_sub-34_sub-35_sub-37_sub-47_sub-56;sub-4_sub-7_sub-26_sub-47_sub-60_sub-62
PCA_L_6_Random,random,sub-61,"KNN (n_neighbors=unknown, metric=euclidean, weights=uniform)",0.5648,0.5122,0.6462,0.1340,0.0715,3,"[0.004, 1.000]",0.2862,sub-8_sub-18_sub-35_sub-47_sub-57_sub-61;sub-13_sub-20_sub-33_sub-41_sub-48_sub-61;sub-1_sub-6_sub-35_sub-44_sub-61_sub-64
PCA_L_6_Random,random,sub-61,"KNN (n_neighbors=unknown, metric=euclidean, weights=uniform)",0.5210,0.5034,0.5531,0.0497,0.0279,3,"[0.000, 1.000]",0.2884,sub-14_sub-28_sub-35_sub-59_sub-60_sub-61;sub-5_sub-6_sub-32_sub-41_sub-54_sub-61;sub-15_sub-21_sub-36_sub-38_sub-61_sub-63
PCA_L_6_Random,random,sub-61,"XGBoost (learning_rate=unknown, max_depth=unknown, n_estimators=unknown)",0.5892,0.5090,0.6360,0.1270,0.0698,3,"[0.033, 1.000]",0.2840,sub-8_sub-18_sub-35_sub-47_sub-57_sub-61;sub-14_sub-28_sub-35_sub-59_sub-60_sub-61;sub-5_sub-6_sub-32_sub-41_sub-54_sub-61
PCA_L_6_Random,random,sub-61,"SVM (kernel=rbf, C=0.1, gamma=auto)",0.5947,0.5278,0.6628,0.1350,0.0675,3,"[0.039, 1.000]",0.2834,sub-13_sub-20_sub-33_sub-41_sub-48_sub-61;sub-1_sub-6_sub-35_sub-44_sub-61_sub-64;sub-15_sub-21_sub-36_sub-38_sub-61_sub-63
PCA_L_6_Random,random,sub-61,"MLP (activation=tanh, alpha=0.1, hidden=[])",0.5303,0.5139,0.5399,0.0260,0.0143,3,"[0.000, 1.000]",0.2881,sub-8_sub-18_sub-35_sub-47_sub-57_sub-61;sub-14_sub-28_sub-35_sub-59_sub-60_sub-61;sub-1_sub-6_sub-35_sub-44_sub-61_sub-64
PCA_L_6_Random,random,sub-61,"MLP (activation=tanh, alpha=0.1, hidden=[])",0.5368,0.5168,0.5718,0.0551,0.0304,3,"[0.000, 1.000]",0.2879,sub-5_sub-6_sub-32_sub-41_sub-54_sub-61;sub-13_sub-20_sub-33_sub-41_sub-48_sub-61;sub-15_sub-21_sub-36_sub-38_sub-61_sub-63
PCA_L_6_Random,random,sub-27,"KNN (n_neighbors=unknown, metric=euclidean, weights=uniform)",0.6019,0.5720,0.6334,0.0614,0.0307,3,"[0.048, 1.000]",0.2826,sub-23_sub-27_sub-28_sub-51_sub-60_sub-64;sub-11_sub-27_sub-32_sub-43_sub-52_sub-64;sub-15_sub-27_sub-29_sub-45_sub-55_sub-62
PCA_L_6_Random,random,sub-27,"XGBoost (learning_rate=unknown, max_depth=unknown, n_estimators=unknown)",0.5883,0.5435,0.6331,0.0895,0.0448,3,"[0.031, 1.000]",0.2841,sub-16_sub-27_sub-31_sub-40_sub-43_sub-58;sub-11_sub-27_sub-32_sub-43_sub-52_sub-64;sub-15_sub-27_sub-29_sub-45_sub-55_sub-62
PCA_L_6_Random,random,sub-28,"KNN (n_neighbors=unknown, metric=euclidean, weights=uniform)",0.5607,0.5032,0.6334,0.1302,0.0664,3,"[0.000, 1.000]",0.2865,sub-23_sub-27_sub-28_sub-51_sub-60_sub-64;sub-9_sub-12_sub-28_sub-44_sub-45_sub-51;sub-5_sub-25_sub-28_sub-49_sub-51_sub-56
PCA_L_6_Random,random,sub-28,"KNN (n_neighbors=unknown, metric=euclidean, weights=uniform)",0.5595,0.5034,0.6166,0.1132,0.0566,3,"[0.000, 1.000]",0.2866,sub-1_sub-11_sub-28_sub-41_sub-45_sub-47;sub-14_sub-28_sub-35_sub-59_sub-60_sub-61;sub-8_sub-19_sub-28_sub-37_sub-42_sub-51
PCA_L_6_Random,random,sub-28,"XGBoost (learning_rate=unknown, max_depth=unknown, n_estimators=unknown)",0.5243,0.4606,0.6360,0.1753,0.0769,4,"[0.035, 1.000]",0.2497,sub-1_sub-11_sub-28_sub-41_sub-45_sub-47;sub-14_sub-28_sub-35_sub-59_sub-60_sub-61;sub-9_sub-12_sub-28_sub-44_sub-45_sub-51;sub-19_sub-28_sub-30_sub-59_sub-60_sub-62
PCA_L_6_Random,random,sub-28,"SVM (kernel=rbf, C=0.1, gamma=auto)",0.6180,0.5691,0.6835,0.1143,0.0589,3,"[0.068, 1.000]",0.2805,sub-23_sub-27_sub-28_sub-51_sub-60_sub-64;sub-5_sub-25_sub-28_sub-49_sub-51_sub-56;sub-8_sub-19_sub-28_sub-37_sub-42_sub-51
PCA_L_6_Random,random,sub-28,"MLP (activation=tanh, alpha=0.1, hidden=[])",0.6086,0.4678,0.8004,0.3326,0.1721,3,"[0.056, 1.000]",0.2818,sub-1_sub-11_sub-28_sub-41_sub-45_sub-47;sub-8_sub-19_sub-28_sub-37_sub-42_sub-51;sub-19_sub-28_sub-30_sub-59_sub-60_sub-62
PCA_L_6_Random,random,sub-11,"KNN (n_neighbors=unknown, metric=euclidean, weights=uniform)",0.5511,0.4991,0.5823,0.0832,0.0454,3,"[0.000, 1.000]",0.2872,sub-4_sub-11_sub-26_sub-37_sub-45_sub-49;sub-11_sub-25_sub-30_sub-45_sub-57_sub-59;sub-11_sub-27_sub-32_sub-43_sub-52_sub-64
PCA_L_6_Random,random,sub-11,"XGBoost (learning_rate=unknown, max_depth=unknown, n_estimators=unknown)",0.5112,0.3794,0.6331,0.2536,0.1012,6,"[0.111, 0.911]",0.2041,sub-4_sub-11_sub-26_sub-37_sub-45_sub-49;sub-11_sub-25_sub-30_sub-45_sub-57_sub-59;sub-1_sub-11_sub-28_sub-41_sub-45_sub-47;sub-11_sub-34_sub-35_sub-37_sub-47_sub-56;sub-11_sub-27_sub-32_sub-43_sub-52_sub-64;sub-5_sub-11_sub-18_sub-44_sub-54_sub-60
PCA_L_6_Random,random,sub-11,"SVM (kernel=linear, C=0.1, gamma=auto)",0.4645,0.4112,0.5331,0.1220,0.0506,4,"[0.000, 0.953]",0.2494,sub-4_sub-11_sub-26_sub-37_sub-45_sub-49;sub-11_sub-25_sub-30_sub-45_sub-57_sub-59;sub-1_sub-11_sub-28_sub-41_sub-45_sub-47;sub-11_sub-34_sub-35_sub-37_sub-47_sub-56
PCA_L_6_Random,random,sub-11,"MLP (activation=tanh, alpha=0.1, hidden=[])",0.5303,0.4290,0.6672,0.2382,0.1059,4,"[0.041, 1.000]",0.2495,sub-11_sub-25_sub-30_sub-45_sub-57_sub-59;sub-1_sub-11_sub-28_sub-41_sub-45_sub-47;sub-11_sub-27_sub-32_sub-43_sub-52_sub-64;sub-5_sub-11_sub-18_sub-44_sub-54_sub-60
PCA_L_6_Random,random,sub-26,"KNN (n_neighbors=unknown, metric=euclidean, weights=uniform)",0.5922,0.5349,0.6586,0.1238,0.0510,4,"[0.111, 1.000]",0.2457,sub-4_sub-11_sub-26_sub-37_sub-45_sub-49;sub-13_sub-20_sub-26_sub-48_sub-57_sub-58;sub-15_sub-24_sub-26_sub-41_sub-52_sub-53;sub-4_sub-7_sub-26_sub-47_sub-60_sub-62
PCA_L_6_Random,random,sub-26,"XGBoost (learning_rate=unknown, max_depth=unknown, n_estimators=unknown)",0.5560,0.4669,0.7063,0.2394,0.1309,3,"[0.000, 1.000]",0.2869,sub-4_sub-11_sub-26_sub-37_sub-45_sub-49;sub-15_sub-24_sub-26_sub-41_sub-52_sub-53;sub-4_sub-7_sub-26_sub-47_sub-60_sub-62
PCA_L_6_Random,random,sub-37,"KNN (n_neighbors=unknown, metric=euclidean, weights=uniform)",0.6132,0.4994,0.7237,0.2243,0.1122,3,"[0.062, 1.000]",0.2812,sub-2_sub-15_sub-36_sub-37_sub-44_sub-55;sub-8_sub-19_sub-28_sub-37_sub-42_sub-51;sub-17_sub-34_sub-36_sub-37_sub-58_sub-64
PCA_L_6_Random,random,sub-37,"XGBoost (learning_rate=unknown, max_depth=unknown, n_estimators=unknown)",0.5876,0.4669,0.6386,0.1718,0.0811,4,"[0.105, 1.000]",0.2461,sub-2_sub-15_sub-36_sub-37_sub-44_sub-55;sub-4_sub-11_sub-26_sub-37_sub-45_sub-49;sub-11_sub-34_sub-35_sub-37_sub-47_sub-56;sub-17_sub-34_sub-36_sub-37_sub-58_sub-64
PCA_L_6_Random,random,sub-37,"SVM (kernel=linear, C=0.1, gamma=auto)",0.5292,0.4594,0.5830,0.1237,0.0514,4,"[0.040, 1.000]",0.2496,sub-2_sub-15_sub-36_sub-37_sub-44_sub-55;sub-4_sub-11_sub-26_sub-37_sub-45_sub-49;sub-11_sub-34_sub-35_sub-37_sub-47_sub-56;sub-17_sub-34_sub-36_sub-37_sub-58_sub-64
PCA_L_6_Random,random,sub-37,"MLP (activation=tanh, alpha=0.1, hidden=[])",0.6498,0.5233,0.8004,0.2771,0.1401,3,"[0.110, 1.000]",0.2754,sub-2_sub-15_sub-36_sub-37_sub-44_sub-55;sub-8_sub-19_sub-28_sub-37_sub-42_sub-51;sub-17_sub-34_sub-36_sub-37_sub-58_sub-64
PCA_L_6_Random,random,sub-45,"KNN (n_neighbors=unknown, metric=euclidean, weights=uniform)",0.5586,0.4927,0.6318,0.1391,0.0561,6,"[0.161, 0.956]",0.2027,sub-4_sub-11_sub-26_sub-37_sub-45_sub-49;sub-11_sub-25_sub-30_sub-45_sub-57_sub-59;sub-9_sub-12_sub-28_sub-44_sub-45_sub-51;sub-9_sub-31_sub-36_sub-42_sub-45_sub-53;sub-15_sub-27_sub-29_sub-45_sub-55_sub-62;sub-5_sub-22_sub-33_sub-44_sub-45_sub-58
PCA_L_6_Random,random,sub-45,"XGBoost (learning_rate=unknown, max_depth=unknown, n_estimators=unknown)",0.4858,0.3794,0.5884,0.2090,0.0699,6,"[0.086, 0.886]",0.2040,sub-4_sub-11_sub-26_sub-37_sub-45_sub-49;sub-11_sub-25_sub-30_sub-45_sub-57_sub-59;sub-1_sub-11_sub-28_sub-41_sub-45_sub-47;sub-9_sub-12_sub-28_sub-44_sub-45_sub-51;sub-9_sub-31_sub-36_sub-42_sub-45_sub-53;sub-15_sub-27_sub-29_sub-45_sub-55_sub-62
PCA_L_6_Random,random,sub-45,"SVM (kernel=linear, C=0.1, gamma=auto)",0.4688,0.4112,0.5128,0.1016,0.0417,5,"[0.031, 0.906]",0.2232,sub-4_sub-11_sub-26_sub-37_sub-45_sub-49;sub-11_sub-25_sub-30_sub-45_sub-57_sub-59;sub-1_sub-11_sub-28_sub-41_sub-45_sub-47;sub-9_sub-12_sub-28_sub-44_sub-45_sub-51;sub-15_sub-27_sub-29_sub-45_sub-55_sub-62
PCA_L_6_Random,random,sub-45,"MLP (activation=tanh, alpha=0.1, hidden=[])",0.6007,0.5405,0.6689,0.1285,0.0646,3,"[0.047, 1.000]",0.2828,sub-4_sub-11_sub-26_sub-37_sub-45_sub-49;sub-9_sub-31_sub-36_sub-42_sub-45_sub-53;sub-15_sub-27_sub-29_sub-45_sub-55_sub-62
PCA_L_6_Random,random,sub-45,"MLP (activation=tanh, alpha=0.1, hidden=[])",0.5096,0.4290,0.6318,0.2027,0.1076,3,"[0.000, 1.000]",0.2886,sub-11_sub-25_sub-30_sub-45_sub-57_sub-59;sub-1_sub-11_sub-28_sub-41_sub-45_sub-47;sub-3_sub-15_sub-21_sub-39_sub-45_sub-49
PCA_L_6_Random,random,sub-7,"KNN (n_neighbors=unknown, metric=euclidean, weights=uniform)",0.5619,0.4903,0.6586,0.1683,0.0869,3,"[0.000, 1.000]",0.2865,sub-7_sub-14_sub-22_sub-39_sub-40_sub-49;sub-6_sub-7_sub-35_sub-38_sub-50_sub-55;sub-4_sub-7_sub-26_sub-47_sub-60_sub-62
PCA_L_6_Random,random,sub-7,"XGBoost (learning_rate=unknown, max_depth=unknown, n_estimators=unknown)",0.6058,0.5455,0.7063,0.1607,0.0876,3,"[0.053, 1.000]",0.2821,sub-7_sub-14_sub-22_sub-39_sub-40_sub-49;sub-7_sub-13_sub-16_sub-43_sub-51_sub-54;sub-4_sub-7_sub-26_sub-47_sub-60_sub-62
PCA_L_6_Random,random,sub-39,"XGBoost (learning_rate=unknown, max_depth=unknown, n_estimators=unknown)",0.5108,0.4852,0.5281,0.0429,0.0226,3,"[0.000, 1.000]",0.2886,sub-8_sub-29_sub-34_sub-39_sub-44_sub-47;sub-4_sub-5_sub-15_sub-38_sub-39_sub-65;sub-3_sub-15_sub-21_sub-39_sub-45_sub-49
PCA_L_6_Random,random,sub-39,"SVM (kernel=rbf, C=0.1, gamma=auto)",0.6360,0.5554,0.7091,0.1538,0.0772,3,"[0.092, 1.000]",0.2778,sub-8_sub-29_sub-34_sub-39_sub-44_sub-47;sub-4_sub-5_sub-15_sub-38_sub-39_sub-65;sub-3_sub-15_sub-21_sub-39_sub-45_sub-49
PCA_L_6_Random,random,sub-39,"MLP (activation=tanh, alpha=0.1, hidden=[])",0.5463,0.4786,0.6318,0.1532,0.0781,3,"[0.000, 1.000]",0.2874,sub-8_sub-29_sub-34_sub-39_sub-44_sub-47;sub-4_sub-5_sub-15_sub-38_sub-39_sub-65;sub-3_sub-15_sub-21_sub-39_sub-45_sub-49
PCA_L_6_Random,random,sub-59,"XGBoost (learning_rate=unknown, max_depth=unknown, n_estimators=unknown)",0.5278,0.3794,0.6360,0.2566,0.1128,4,"[0.039, 1.000]",0.2496,sub-11_sub-25_sub-30_sub-45_sub-57_sub-59;sub-14_sub-28_sub-35_sub-59_sub-60_sub-61;sub-2_sub-13_sub-36_sub-54_sub-57_sub-59;sub-19_sub-28_sub-30_sub-59_sub-60_sub-62
PCA_L_6_Random,random,sub-59,"SVM (kernel=poly, C=0.1, gamma=auto)",0.4959,0.4773,0.5077,0.0304,0.0163,3,"[0.000, 1.000]",0.2887,sub-14_sub-28_sub-35_sub-59_sub-60_sub-61;sub-2_sub-13_sub-36_sub-54_sub-57_sub-59;sub-19_sub-28_sub-30_sub-59_sub-60_sub-62
PCA_L_6_Random,random,sub-59,"MLP (activation=tanh, alpha=0.1, hidden=[])",0.5064,0.4290,0.5576,0.1285,0.0681,3,"[0.000, 1.000]",0.2887,sub-11_sub-25_sub-30_sub-45_sub-57_sub-59;sub-2_sub-13_sub-36_sub-54_sub-57_sub-59;sub-19_sub-28_sub-30_sub-59_sub-60_sub-62
PCA_L_6_Random,random,sub-43,"XGBoost (learning_rate=unknown, max_depth=unknown, n_estimators=unknown)",0.5807,0.5435,0.6331,0.0895,0.0466,3,"[0.022, 1.000]",0.2849,sub-16_sub-27_sub-31_sub-40_sub-43_sub-58;sub-11_sub-27_sub-32_sub-43_sub-52_sub-64;sub-7_sub-13_sub-16_sub-43_sub-51_sub-54
PCA_L_6_Random,random,sub-43,"SVM (kernel=poly, C=0.1, gamma=auto)",0.5048,0.4518,0.5391,0.0872,0.0465,3,"[0.000, 1.000]",0.2887,sub-16_sub-27_sub-31_sub-40_sub-43_sub-58;sub-11_sub-27_sub-32_sub-43_sub-52_sub-64;sub-7_sub-13_sub-16_sub-43_sub-51_sub-54
PCA_L_6_Random,random,sub-43,"MLP (activation=tanh, alpha=0.1, hidden=[])",0.6671,0.5718,0.7623,0.1906,0.0953,3,"[0.134, 1.000]",0.2721,sub-16_sub-27_sub-31_sub-40_sub-43_sub-58;sub-11_sub-27_sub-32_sub-43_sub-52_sub-64;sub-7_sub-13_sub-16_sub-43_sub-51_sub-54
PCA_L_6_Random,random,sub-48,"KNN (n_neighbors=unknown, metric=euclidean, weights=uniform)",0.5532,0.5307,0.5929,0.0622,0.0345,3,"[0.000, 1.000]",0.2870,sub-18_sub-24_sub-30_sub-42_sub-43_sub-48;sub-13_sub-20_sub-26_sub-48_sub-57_sub-58;sub-13_sub-20_sub-33_sub-41_sub-48_sub-61
PCA_L_6_Random,random,sub-48,"XGBoost (learning_rate=unknown, max_depth=unknown, n_estimators=unknown)",0.5838,0.4743,0.6802,0.2058,0.1035,3,"[0.026, 1.000]",0.2846,sub-13_sub-20_sub-26_sub-48_sub-57_sub-58;sub-13_sub-20_sub-33_sub-41_sub-48_sub-61;sub-2_sub-8_sub-32_sub-48_sub-63_sub-65
PCA_L_6_Random,random,sub-48,"SVM (kernel=rbf, C=0.1, gamma=auto)",0.5318,0.4706,0.5936,0.1230,0.0518,4,"[0.043, 1.000]",0.2495,sub-18_sub-24_sub-30_sub-42_sub-43_sub-48;sub-13_sub-20_sub-26_sub-48_sub-57_sub-58;sub-13_sub-20_sub-33_sub-41_sub-48_sub-61;sub-2_sub-8_sub-32_sub-48_sub-63_sub-65
PCA_L_6_Random,random,sub-48,"MLP (activation=tanh, alpha=0.1, hidden=[])",0.5197,0.4880,0.5544,0.0664,0.0333,3,"[0.000, 1.000]",0.2885,sub-13_sub-20_sub-26_sub-48_sub-57_sub-58;sub-13_sub-20_sub-33_sub-41_sub-48_sub-61;sub-2_sub-8_sub-32_sub-48_sub-63_sub-65
PCA_L_6_Random,random,sub-38,"KNN (n_neighbors=unknown, metric=euclidean, weights=uniform)",0.4958,0.4733,0.5110,0.0377,0.0169,4,"[0.006, 0.986]",0.2500,sub-10_sub-32_sub-36_sub-38_sub-43_sub-46;sub-4_sub-5_sub-15_sub-38_sub-39_sub-65;sub-5_sub-13_sub-24_sub-38_sub-44_sub-58;sub-15_sub-21_sub-36_sub-38_sub-61_sub-63
PCA_L_6_Random,random,sub-38,"SVM (kernel=rbf, C=0.1, gamma=auto)",0.5398,0.4886,0.5873,0.0986,0.0419,4,"[0.051, 1.000]",0.2492,sub-10_sub-32_sub-36_sub-38_sub-43_sub-46;sub-6_sub-7_sub-35_sub-38_sub-50_sub-55;sub-4_sub-5_sub-15_sub-38_sub-39_sub-65;sub-15_sub-21_sub-36_sub-38_sub-61_sub-63
PCA_L_6_Random,random,sub-38,"MLP (activation=tanh, alpha=0.1, hidden=[])",0.5486,0.4786,0.6066,0.1280,0.0591,4,"[0.061, 1.000]",0.2488,sub-4_sub-5_sub-15_sub-38_sub-39_sub-65;sub-5_sub-13_sub-24_sub-38_sub-44_sub-58;sub-5_sub-29_sub-36_sub-38_sub-40_sub-57;sub-15_sub-21_sub-36_sub-38_sub-61_sub-63
PCA_L_6_Random,random,sub-55,"KNN (n_neighbors=unknown, metric=euclidean, weights=uniform)",0.5502,0.4903,0.6002,0.1099,0.0556,3,"[0.000, 1.000]",0.2872,sub-6_sub-7_sub-35_sub-38_sub-50_sub-55;sub-15_sub-27_sub-29_sub-45_sub-55_sub-62;sub-17_sub-35_sub-36_sub-50_sub-55_sub-60
PCA_L_6_Random,random,sub-55,"SVM (kernel=rbf, C=0.1, gamma=auto)",0.5428,0.4886,0.5909,0.1022,0.0514,3,"[0.000, 1.000]",0.2876,sub-4_sub-16_sub-20_sub-44_sub-55_sub-65;sub-6_sub-7_sub-35_sub-38_sub-50_sub-55;sub-17_sub-35_sub-36_sub-50_sub-55_sub-60
PCA_L_6_Random,random,sub-55,"MLP (activation=tanh, alpha=0.1, hidden=[])",0.5542,0.5304,0.5928,0.0624,0.0337,3,"[0.000, 1.000]",0.2870,sub-6_sub-7_sub-35_sub-38_sub-50_sub-55;sub-15_sub-27_sub-29_sub-45_sub-55_sub-62;sub-17_sub-35_sub-36_sub-50_sub-55_sub-60
PCA_L_6_Random,random,sub-32,"KNN (n_neighbors=unknown, metric=euclidean, weights=uniform)",0.5348,0.5170,0.5487,0.0316,0.0162,3,"[0.000, 1.000]",0.2880,sub-14_sub-21_sub-32_sub-49_sub-57_sub-65;sub-14_sub-32_sub-35_sub-41_sub-60_sub-65;sub-2_sub-8_sub-32_sub-48_sub-63_sub-65
PCA_L_6_Random,random,sub-32,"XGBoost (learning_rate=unknown, max_depth=unknown, n_estimators=unknown)",0.5519,0.5090,0.6331,0.1240,0.0704,3,"[0.000, 1.000]",0.2871,sub-14_sub-21_sub-32_sub-49_sub-57_sub-65;sub-5_sub-6_sub-32_sub-41_sub-54_sub-61;sub-11_sub-27_sub-32_sub-43_sub-52_sub-64
PCA_L_6_Random,random,sub-32,"SVM (kernel=rbf, C=0.1, gamma=auto)",0.5133,0.4706,0.5873,0.1167,0.0643,3,"[0.000, 1.000]",0.2886,sub-10_sub-32_sub-36_sub-38_sub-43_sub-46;sub-14_sub-32_sub-35_sub-41_sub-60_sub-65;sub-2_sub-8_sub-32_sub-48_sub-63_sub-65
PCA_L_6_Random,random,sub-32,"MLP (activation=tanh, alpha=0.1, hidden=[])",0.5661,0.4707,0.6672,0.1965,0.0806,4,"[0.080, 1.000]",0.2478,sub-5_sub-6_sub-32_sub-41_sub-54_sub-61;sub-14_sub-32_sub-35_sub-41_sub-60_sub-65;sub-11_sub-27_sub-32_sub-43_sub-52_sub-64;sub-2_sub-8_sub-32_sub-48_sub-63_sub-65
PCA_L_6_Random,random,sub-5,"KNN (n_neighbors=unknown, metric=euclidean, weights=uniform)",0.5188,0.4924,0.5531,0.0606,0.0311,3,"[0.000, 1.000]",0.2885,sub-5_sub-6_sub-32_sub-41_sub-54_sub-61;sub-4_sub-5_sub-15_sub-38_sub-39_sub-65;sub-5_sub-13_sub-24_sub-38_sub-44_sub-58
PCA_L_6_Random,random,sub-5,"XGBoost (learning_rate=unknown, max_depth=unknown, n_estimators=unknown)",0.5285,0.4965,0.5809,0.0844,0.0372,4,"[0.039, 1.000]",0.2496,sub-5_sub-6_sub-32_sub-41_sub-54_sub-61;sub-5_sub-13_sub-24_sub-38_sub-44_sub-58;sub-5_sub-29_sub-36_sub-38_sub-40_sub-57;sub-5_sub-11_sub-18_sub-44_sub-54_sub-60
PCA_L_6_Random,random,sub-5,"SVM (kernel=rbf, C=0.1, gamma=auto)",0.5642,0.5554,0.5691,0.0138,0.0077,3,"[0.003, 1.000]",0.2863,sub-4_sub-5_sub-15_sub-38_sub-39_sub-65;sub-5_sub-25_sub-28_sub-49_sub-51_sub-56;sub-5_sub-22_sub-33_sub-44_sub-45_sub-58
PCA_L_6_Random,random,sub-5,"MLP (activation=tanh, alpha=0.1, hidden=[])",0.5603,0.4786,0.6066,0.1280,0.0492,5,"[0.125, 0.995]",0.2220,sub-5_sub-6_sub-32_sub-41_sub-54_sub-61;sub-4_sub-5_sub-15_sub-38_sub-39_sub-65;sub-5_sub-13_sub-24_sub-38_sub-44_sub-58;sub-5_sub-29_sub-36_sub-38_sub-40_sub-57;sub-5_sub-11_sub-18_sub-44_sub-54_sub-60
PCA_L_6_Random,random,sub-13,"XGBoost (learning_rate=unknown, max_depth=unknown, n_estimators=unknown)",0.5612,0.5276,0.5904,0.0629,0.0317,3,"[0.000, 1.000]",0.2865,sub-5_sub-13_sub-24_sub-38_sub-44_sub-58;sub-2_sub-13_sub-36_sub-54_sub-57_sub-59;sub-7_sub-13_sub-16_sub-43_sub-51_sub-54
PCA_L_6_Random,random,sub-13,"MLP (activation=tanh, alpha=0.1, hidden=[])",0.5774,0.4880,0.7623,0.2743,0.1095,5,"[0.144, 1.000]",0.2209,sub-5_sub-13_sub-24_sub-38_sub-44_sub-58;sub-13_sub-20_sub-26_sub-48_sub-57_sub-58;sub-13_sub-20_sub-33_sub-41_sub-48_sub-61;sub-2_sub-13_sub-36_sub-54_sub-57_sub-59;sub-7_sub-13_sub-16_sub-43_sub-51_sub-54
PCA_L_6_Random,random,sub-20,"XGBoost (learning_rate=unknown, max_depth=unknown, n_estimators=unknown)",0.6117,0.5580,0.6802,0.1221,0.0624,3,"[0.060, 1.000]",0.2814,sub-4_sub-16_sub-20_sub-44_sub-55_sub-65;sub-13_sub-20_sub-26_sub-48_sub-57_sub-58;sub-13_sub-20_sub-33_sub-41_sub-48_sub-61
PCA_L_6_Random,random,sub-20,"SVM (kernel=rbf, C=0.1, gamma=auto)",0.5771,0.5469,0.5936,0.0467,0.0262,3,"[0.018, 1.000]",0.2852,sub-4_sub-16_sub-20_sub-44_sub-55_sub-65;sub-13_sub-20_sub-26_sub-48_sub-57_sub-58;sub-13_sub-20_sub-33_sub-41_sub-48_sub-61
PCA_L_6_Random,random,sub-20,"MLP (activation=tanh, alpha=0.1, hidden=[])",0.4986,0.4880,0.5168,0.0288,0.0158,3,"[0.000, 1.000]",0.2887,sub-4_sub-16_sub-20_sub-44_sub-55_sub-65;sub-13_sub-20_sub-26_sub-48_sub-57_sub-58;sub-13_sub-20_sub-33_sub-41_sub-48_sub-61
PCA_L_6_Random,random,sub-58,"XGBoost (learning_rate=unknown, max_depth=unknown, n_estimators=unknown)",0.5619,0.5276,0.6146,0.0870,0.0463,3,"[0.000, 1.000]",0.2865,sub-16_sub-27_sub-31_sub-40_sub-43_sub-58;sub-5_sub-13_sub-24_sub-38_sub-44_sub-58;sub-17_sub-34_sub-36_sub-37_sub-58_sub-64
PCA_L_6_Random,random,sub-58,"MLP (activation=tanh, alpha=0.1, hidden=[])",0.5426,0.4880,0.5874,0.0995,0.0455,4,"[0.054, 1.000]",0.2491,sub-16_sub-27_sub-31_sub-40_sub-43_sub-58;sub-5_sub-13_sub-24_sub-38_sub-44_sub-58;sub-13_sub-20_sub-26_sub-48_sub-57_sub-58;sub-17_sub-34_sub-36_sub-37_sub-58_sub-64
PCA_L_6_Random,random,sub-36,"KNN (n_neighbors=unknown, metric=euclidean, weights=uniform)",0.5507,0.4733,0.7237,0.2504,0.1162,4,"[0.063, 1.000]",0.2487,sub-2_sub-15_sub-36_sub-37_sub-44_sub-55;sub-10_sub-32_sub-36_sub-38_sub-43_sub-46;sub-17_sub-34_sub-36_sub-37_sub-58_sub-64;sub-15_sub-21_sub-36_sub-38_sub-61_sub-63
PCA_L_6_Random,random,sub-36,"XGBoost (learning_rate=unknown, max_depth=unknown, n_estimators=unknown)",0.5898,0.5243,0.6386,0.1143,0.0429,5,"[0.159, 1.000]",0.2200,sub-2_sub-15_sub-36_sub-37_sub-44_sub-55;sub-17_sub-34_sub-36_sub-37_sub-58_sub-64;sub-5_sub-29_sub-36_sub-38_sub-40_sub-57;sub-9_sub-31_sub-36_sub-42_sub-45_sub-53;sub-2_sub-13_sub-36_sub-54_sub-57_sub-59
PCA_L_6_Random,random,sub-36,"SVM (kernel=poly, C=0.1, gamma=auto)",0.5011,0.4828,0.5178,0.0351,0.0176,3,"[0.000, 1.000]",0.2887,sub-5_sub-29_sub-36_sub-38_sub-40_sub-57;sub-9_sub-31_sub-36_sub-42_sub-45_sub-53;sub-2_sub-13_sub-36_sub-54_sub-57_sub-59
PCA_L_6_Random,random,sub-36,"SVM (kernel=rbf, C=0.1, gamma=auto)",0.5547,0.5278,0.5873,0.0595,0.0302,3,"[0.000, 1.000]",0.2869,sub-10_sub-32_sub-36_sub-38_sub-43_sub-46;sub-17_sub-35_sub-36_sub-50_sub-55_sub-60;sub-15_sub-21_sub-36_sub-38_sub-61_sub-63
PCA_L_6_Random,random,sub-36,"MLP (activation=tanh, alpha=0.1, hidden=[])",0.5620,0.5219,0.6258,0.1040,0.0501,5,"[0.127, 0.997]",0.2219,sub-2_sub-15_sub-36_sub-37_sub-44_sub-55;sub-17_sub-34_sub-36_sub-37_sub-58_sub-64;sub-5_sub-29_sub-36_sub-38_sub-40_sub-57;sub-2_sub-13_sub-36_sub-54_sub-57_sub-59;sub-15_sub-21_sub-36_sub-38_sub-61_sub-63
PCA_L_6_Random,random,sub-62,"XGBoost (learning_rate=unknown, max_depth=unknown, n_estimators=unknown)",0.6000,0.5053,0.7063,0.2010,0.1010,3,"[0.046, 1.000]",0.2828,sub-15_sub-27_sub-29_sub-45_sub-55_sub-62;sub-4_sub-7_sub-26_sub-47_sub-60_sub-62;sub-19_sub-28_sub-30_sub-59_sub-60_sub-62
PCA_L_6_Random,random,sub-65,"KNN (n_neighbors=unknown, metric=euclidean, weights=uniform)",0.5269,0.5034,0.5487,0.0453,0.0205,4,"[0.038, 1.000]",0.2496,sub-14_sub-21_sub-32_sub-49_sub-57_sub-65;sub-4_sub-16_sub-20_sub-44_sub-55_sub-65;sub-14_sub-32_sub-35_sub-41_sub-60_sub-65;sub-2_sub-8_sub-32_sub-48_sub-63_sub-65
PCA_L_6_Random,random,sub-65,"XGBoost (learning_rate=unknown, max_depth=unknown, n_estimators=unknown)",0.5110,0.4743,0.5580,0.0837,0.0385,4,"[0.021, 1.000]",0.2499,sub-4_sub-16_sub-20_sub-44_sub-55_sub-65;sub-14_sub-32_sub-35_sub-41_sub-60_sub-65;sub-4_sub-5_sub-15_sub-38_sub-39_sub-65;sub-2_sub-8_sub-32_sub-48_sub-63_sub-65
PCA_L_6_Random,random,sub-65,"SVM (kernel=rbf, C=0.1, gamma=auto)",0.5247,0.4706,0.5909,0.1203,0.0579,4,"[0.035, 1.000]",0.2497,sub-4_sub-16_sub-20_sub-44_sub-55_sub-65;sub-14_sub-32_sub-35_sub-41_sub-60_sub-65;sub-4_sub-5_sub-15_sub-38_sub-39_sub-65;sub-2_sub-8_sub-32_sub-48_sub-63_sub-65
PCA_L_6_Random,random,sub-65,"MLP (activation=tanh, alpha=0.1, hidden=[])",0.4987,0.4707,0.5544,0.0837,0.0381,4,"[0.009, 0.989]",0.2500,sub-4_sub-16_sub-20_sub-44_sub-55_sub-65;sub-14_sub-32_sub-35_sub-41_sub-60_sub-65;sub-4_sub-5_sub-15_sub-38_sub-39_sub-65;sub-2_sub-8_sub-32_sub-48_sub-63_sub-65
PCA_L_6_Random,random,sub-16,"KNN (n_neighbors=unknown, metric=euclidean, weights=uniform)",0.5860,0.5034,0.6841,0.1807,0.0913,3,"[0.029, 1.000]",0.2844,sub-4_sub-16_sub-20_sub-44_sub-55_sub-65;sub-16_sub-27_sub-31_sub-40_sub-43_sub-58;sub-7_sub-13_sub-16_sub-43_sub-51_sub-54
PCA_L_6_Random,random,sub-16,"MLP (activation=tanh, alpha=0.1, hidden=[])",0.6084,0.4911,0.7623,0.2712,0.1393,3,"[0.056, 1.000]",0.2818,sub-4_sub-16_sub-20_sub-44_sub-55_sub-65;sub-16_sub-27_sub-31_sub-40_sub-43_sub-58;sub-7_sub-13_sub-16_sub-43_sub-51_sub-54
PCA_L_6_Random,random,sub-63,"MLP (activation=tanh, alpha=0.1, hidden=[])",0.5183,0.4785,0.5544,0.0760,0.0381,3,"[0.000, 1.000]",0.2885,sub-2_sub-8_sub-32_sub-48_sub-63_sub-65;sub-6_sub-8_sub-25_sub-46_sub-54_sub-63;sub-15_sub-21_sub-36_sub-38_sub-61_sub-63
PCA_L_2_Random,random,sub-49,"MLP (activation=tanh, alpha=0.1, hidden=[])",0.6044,0.5297,0.7137,0.1840,0.0968,3,"[0.051, 1.000]",0.2823,sub-6_sub-49;sub-8_sub-49;sub-7_sub-49
PCA_L_2_Random,random,sub-54,"KNN (n_neighbors=unknown, metric=euclidean, weights=uniform)",0.5336,0.5043,0.5509,0.0466,0.0255,3,"[0.000, 1.000]",0.2880,sub-6_sub-54;sub-2_sub-54;sub-11_sub-54
PCA_L_2_Random,random,sub-54,"SVM (kernel=rbf, C=0.1, gamma=auto)",0.4886,0.4145,0.5385,0.1240,0.0654,3,"[0.000, 1.000]",0.2886,sub-6_sub-54;sub-2_sub-54;sub-11_sub-54
PCA_L_2_Random,random,sub-39,"MLP (activation=tanh, alpha=0.1, hidden=[])",0.5527,0.4698,0.6052,0.1354,0.0727,3,"[0.000, 1.000]",0.2871,sub-2_sub-39;sub-35_sub-39;sub-19_sub-39
PCA_L_2_Random,random,sub-14,"MLP (activation=tanh, alpha=0.1, hidden=[])",0.5021,0.4781,0.5144,0.0363,0.0208,3,"[0.000, 1.000]",0.2887,sub-14_sub-44;sub-14_sub-58;sub-14_sub-61
PCA_L_2_Random,random,sub-18,"MLP (activation=tanh, alpha=0.1, hidden=[])",0.6341,0.5128,0.8704,0.3576,0.1604,4,"[0.162, 1.000]",0.2408,sub-18_sub-41;sub-18_sub-44;sub-18_sub-51;sub-18_sub-57
PCA_L_2_Random,random,sub-44,"MLP (activation=tanh, alpha=0.1, hidden=[])",0.4983,0.4446,0.5723,0.1278,0.0662,3,"[0.000, 1.000]",0.2887,sub-18_sub-44;sub-14_sub-44;sub-4_sub-44
