Experiment,Experiment_Type,Subject,Swing,Mean_Accuracy,Min_Accuracy,Max_Accuracy,N_Combinations,Min_Model_Hyperparam,Max_Model_Hyperparam
ANOVA_L_6_Random,random,sub-2,0.2214,0.6518,0.5274,0.7488,10,"XGBoost (learning_rate=unknown, max_depth=unknown, n_estimators=unknown)","MLP (activation=tanh, alpha=0.1, hidden=[])"
ANOVA_L_6_Random,random,sub-6,0.3146,0.6361,0.4986,0.8132,10,"SVM (kernel=rbf, C=0.1, gamma=auto)","XGBoost (learning_rate=unknown, max_depth=unknown, n_estimators=unknown)"
ANOVA_L_6_Random,random,sub-14,0.3514,0.7120,0.5196,0.8711,11,"SVM (kernel=rbf, C=0.1, gamma=auto)","MLP (activation=tanh, alpha=0.1, hidden=[])"
ANOVA_L_6_Random,random,sub-44,0.3395,0.6799,0.4865,0.8260,12,"XGBoost (learning_rate=unknown, max_depth=unknown, n_estimators=unknown)","MLP (activation=tanh, alpha=0.1, hidden=[])"
ANOVA_L_6_Random,random,sub-53,0.2935,0.6545,0.5333,0.8268,8,"SVM (kernel=poly, C=0.1, gamma=auto)","SVM (kernel=linear, C=0.1, gamma=auto)"
ANOVA_L_6_Random,random,sub-56,0.2472,0.6845,0.5728,0.8200,8,"XGBoost (learning_rate=unknown, max_depth=unknown, n_estimators=unknown)","SVM (kernel=linear, C=0.1, gamma=auto)"
ANOVA_L_6_Random,random,sub-21,0.3653,0.7401,0.5058,0.8711,8,"SVM (kernel=rbf, C=0.1, gamma=auto)","MLP (activation=tanh, alpha=0.1, hidden=[])"
ANOVA_L_6_Random,random,sub-32,0.3599,0.6930,0.5112,0.8711,11,"KNN (n_neighbors=unknown, metric=euclidean, weights=uniform)","MLP (activation=tanh, alpha=0.1, hidden=[])"
ANOVA_L_6_Random,random,sub-49,0.2669,0.7502,0.6042,0.8711,11,"XGBoost (learning_rate=unknown, max_depth=unknown, n_estimators=unknown)","MLP (activation=tanh, alpha=0.1, hidden=[])"
ANOVA_L_6_Random,random,sub-57,0.3698,0.6917,0.5013,0.8711,11,"SVM (kernel=linear, C=0.1, gamma=auto)","MLP (activation=tanh, alpha=0.1, hidden=[])"
ANOVA_L_6_Random,random,sub-65,0.3514,0.7607,0.5196,0.8711,9,"SVM (kernel=rbf, C=0.1, gamma=auto)","MLP (activation=tanh, alpha=0.1, hidden=[])"
ANOVA_L_6_Random,random,sub-3,0.1063,0.7000,0.6604,0.7667,7,"SVM (kernel=rbf, C=0.1, gamma=auto)","MLP (activation=tanh, alpha=0.1, hidden=[])"
ANOVA_L_6_Random,random,sub-17,0.2841,0.6978,0.5427,0.8268,11,"SVM (kernel=poly, C=0.1, gamma=auto)","SVM (kernel=linear, C=0.1, gamma=auto)"
ANOVA_L_6_Random,random,sub-23,0.0922,0.7194,0.6837,0.7759,7,"SVM (kernel=linear, C=0.1, gamma=auto)","MLP (activation=tanh, alpha=0.1, hidden=[])"
ANOVA_L_6_Random,random,sub-51,0.2894,0.6771,0.4865,0.7759,9,"XGBoost (learning_rate=unknown, max_depth=unknown, n_estimators=unknown)","MLP (activation=tanh, alpha=0.1, hidden=[])"
ANOVA_L_6_Random,random,sub-54,0.2488,0.6417,0.4986,0.7474,10,"SVM (kernel=rbf, C=0.1, gamma=auto)","SVM (kernel=linear, C=0.1, gamma=auto)"
ANOVA_L_6_Random,random,sub-60,0.3585,0.6814,0.5196,0.8781,12,"SVM (kernel=rbf, C=0.1, gamma=auto)","MLP (activation=tanh, alpha=0.1, hidden=[])"
ANOVA_L_6_Random,random,sub-16,0.2061,0.6697,0.6199,0.8260,8,"SVM (kernel=linear, C=0.1, gamma=auto)","MLP (activation=tanh, alpha=0.1, hidden=[])"
ANOVA_L_6_Random,random,sub-27,0.1955,0.7286,0.6199,0.8154,10,"SVM (kernel=linear, C=0.1, gamma=auto)","MLP (activation=tanh, alpha=0.1, hidden=[])"
ANOVA_L_6_Random,random,sub-31,0.1523,0.6108,0.5333,0.6856,8,"SVM (kernel=poly, C=0.1, gamma=auto)","KNN (n_neighbors=unknown, metric=euclidean, weights=uniform)"
ANOVA_L_6_Random,random,sub-40,0.2165,0.7178,0.6199,0.8364,11,"SVM (kernel=linear, C=0.1, gamma=auto)","SVM (kernel=poly, C=0.1, gamma=auto)"
ANOVA_L_6_Random,random,sub-43,0.2253,0.6505,0.5112,0.7365,11,"KNN (n_neighbors=unknown, metric=euclidean, weights=uniform)","KNN (n_neighbors=unknown, metric=euclidean, weights=uniform)"
ANOVA_L_6_Random,random,sub-58,0.1989,0.7038,0.5998,0.7987,11,"XGBoost (learning_rate=unknown, max_depth=unknown, n_estimators=unknown)","SVM (kernel=linear, C=0.1, gamma=auto)"
ANOVA_L_6_Random,random,sub-15,0.3096,0.7165,0.5058,0.8154,10,"SVM (kernel=rbf, C=0.1, gamma=auto)","MLP (activation=tanh, alpha=0.1, hidden=[])"
ANOVA_L_6_Random,random,sub-36,0.2929,0.6357,0.5058,0.7987,12,"SVM (kernel=rbf, C=0.1, gamma=auto)","SVM (kernel=linear, C=0.1, gamma=auto)"
ANOVA_L_6_Random,random,sub-37,0.2066,0.7246,0.6133,0.8200,11,"XGBoost (learning_rate=unknown, max_depth=unknown, n_estimators=unknown)","SVM (kernel=linear, C=0.1, gamma=auto)"
ANOVA_L_6_Random,random,sub-55,0.2869,0.7066,0.5391,0.8260,10,"SVM (kernel=poly, C=0.1, gamma=auto)","MLP (activation=tanh, alpha=0.1, hidden=[])"
ANOVA_L_6_Random,random,sub-4,0.2639,0.7357,0.6142,0.8781,9,"SVM (kernel=rbf, C=0.1, gamma=auto)","MLP (activation=tanh, alpha=0.1, hidden=[])"
ANOVA_L_6_Random,random,sub-11,0.3187,0.7121,0.5013,0.8200,8,"SVM (kernel=linear, C=0.1, gamma=auto)","SVM (kernel=linear, C=0.1, gamma=auto)"
ANOVA_L_6_Random,random,sub-26,0.2310,0.7568,0.6471,0.8781,8,"XGBoost (learning_rate=unknown, max_depth=unknown, n_estimators=unknown)","MLP (activation=tanh, alpha=0.1, hidden=[])"
ANOVA_L_6_Random,random,sub-45,0.3289,0.6676,0.4865,0.8154,12,"XGBoost (learning_rate=unknown, max_depth=unknown, n_estimators=unknown)","MLP (activation=tanh, alpha=0.1, hidden=[])"
ANOVA_L_6_Random,random,sub-25,0.1906,0.5833,0.4986,0.6892,10,"SVM (kernel=rbf, C=0.1, gamma=auto)","MLP (activation=tanh, alpha=0.1, hidden=[])"
ANOVA_L_6_Random,random,sub-30,0.2352,0.6466,0.5013,0.7365,10,"SVM (kernel=linear, C=0.1, gamma=auto)","KNN (n_neighbors=unknown, metric=euclidean, weights=uniform)"
ANOVA_L_6_Random,random,sub-59,0.2168,0.6146,0.5013,0.7181,7,"SVM (kernel=linear, C=0.1, gamma=auto)","XGBoost (learning_rate=unknown, max_depth=unknown, n_estimators=unknown)"
ANOVA_L_6_Random,random,sub-1,0.1934,0.6345,0.5376,0.7310,8,"XGBoost (learning_rate=unknown, max_depth=unknown, n_estimators=unknown)","SVM (kernel=linear, C=0.1, gamma=auto)"
ANOVA_L_6_Random,random,sub-28,0.2894,0.6424,0.4865,0.7759,12,"XGBoost (learning_rate=unknown, max_depth=unknown, n_estimators=unknown)","MLP (activation=tanh, alpha=0.1, hidden=[])"
ANOVA_L_6_Random,random,sub-41,0.3234,0.6546,0.5196,0.8430,12,"SVM (kernel=rbf, C=0.1, gamma=auto)","MLP (activation=tanh, alpha=0.1, hidden=[])"
ANOVA_L_6_Random,random,sub-47,0.3405,0.7122,0.5376,0.8781,11,"XGBoost (learning_rate=unknown, max_depth=unknown, n_estimators=unknown)","MLP (activation=tanh, alpha=0.1, hidden=[])"
ANOVA_L_6_Random,random,sub-35,0.3234,0.6559,0.5196,0.8430,9,"SVM (kernel=rbf, C=0.1, gamma=auto)","MLP (activation=tanh, alpha=0.1, hidden=[])"
ANOVA_L_6_Random,random,sub-61,0.2251,0.6119,0.5058,0.7309,10,"SVM (kernel=rbf, C=0.1, gamma=auto)","XGBoost (learning_rate=unknown, max_depth=unknown, n_estimators=unknown)"
ANOVA_L_6_Random,random,sub-34,0.1830,0.7421,0.6369,0.8200,10,"XGBoost (learning_rate=unknown, max_depth=unknown, n_estimators=unknown)","SVM (kernel=linear, C=0.1, gamma=auto)"
ANOVA_L_6_Random,random,sub-12,0.3403,0.6934,0.4865,0.8268,7,"XGBoost (learning_rate=unknown, max_depth=unknown, n_estimators=unknown)","SVM (kernel=linear, C=0.1, gamma=auto)"
ANOVA_L_6_Random,random,sub-33,0.2270,0.7146,0.5998,0.8268,9,"XGBoost (learning_rate=unknown, max_depth=unknown, n_estimators=unknown)","SVM (kernel=linear, C=0.1, gamma=auto)"
ANOVA_L_6_Random,random,sub-64,0.2659,0.7237,0.5610,0.8268,11,"XGBoost (learning_rate=unknown, max_depth=unknown, n_estimators=unknown)","SVM (kernel=linear, C=0.1, gamma=auto)"
ANOVA_L_6_Random,random,sub-52,0.1280,0.7112,0.6471,0.7751,6,"XGBoost (learning_rate=unknown, max_depth=unknown, n_estimators=unknown)","MLP (activation=tanh, alpha=0.1, hidden=[])"
ANOVA_L_6_Random,random,sub-8,0.2974,0.6755,0.4986,0.7960,10,"SVM (kernel=rbf, C=0.1, gamma=auto)","SVM (kernel=linear, C=0.1, gamma=auto)"
ANOVA_L_6_Random,random,sub-18,0.1014,0.7017,0.6460,0.7474,10,"SVM (kernel=poly, C=0.1, gamma=auto)","SVM (kernel=linear, C=0.1, gamma=auto)"
ANOVA_L_6_Random,random,sub-24,0.1291,0.7120,0.6460,0.7751,9,"SVM (kernel=poly, C=0.1, gamma=auto)","MLP (activation=tanh, alpha=0.1, hidden=[])"
ANOVA_L_6_Random,random,sub-13,0.2644,0.6580,0.5274,0.7918,10,"XGBoost (learning_rate=unknown, max_depth=unknown, n_estimators=unknown)","XGBoost (learning_rate=unknown, max_depth=unknown, n_estimators=unknown)"
ANOVA_L_6_Random,random,sub-29,0.1785,0.7399,0.6369,0.8154,8,"XGBoost (learning_rate=unknown, max_depth=unknown, n_estimators=unknown)","MLP (activation=tanh, alpha=0.1, hidden=[])"
ANOVA_L_6_Random,random,sub-62,0.2518,0.7556,0.6263,0.8781,9,"SVM (kernel=linear, C=0.1, gamma=auto)","MLP (activation=tanh, alpha=0.1, hidden=[])"
ANOVA_L_6_Random,random,sub-7,0.3391,0.7293,0.5391,0.8781,9,"SVM (kernel=poly, C=0.1, gamma=auto)","MLP (activation=tanh, alpha=0.1, hidden=[])"
ANOVA_L_6_Random,random,sub-5,0.2362,0.6750,0.5382,0.7744,10,"SVM (kernel=rbf, C=0.1, gamma=auto)","MLP (activation=tanh, alpha=0.1, hidden=[])"
ANOVA_L_6_Random,random,sub-19,0.1998,0.6978,0.6133,0.8132,9,"XGBoost (learning_rate=unknown, max_depth=unknown, n_estimators=unknown)","XGBoost (learning_rate=unknown, max_depth=unknown, n_estimators=unknown)"
ANOVA_L_6_Random,random,sub-10,0.1749,0.5859,0.5112,0.6861,5,"KNN (n_neighbors=unknown, metric=euclidean, weights=uniform)","MLP (activation=tanh, alpha=0.1, hidden=[])"
ANOVA_L_6_Random,random,sub-38,0.2686,0.6200,0.5058,0.7744,6,"SVM (kernel=rbf, C=0.1, gamma=auto)","MLP (activation=tanh, alpha=0.1, hidden=[])"
ANOVA_L_6_Random,random,sub-46,0.0794,0.5377,0.4986,0.5780,4,"SVM (kernel=rbf, C=0.1, gamma=auto)","KNN (n_neighbors=unknown, metric=euclidean, weights=uniform)"
ANOVA_L_6_Random,random,sub-22,0.2366,0.7017,0.5998,0.8364,5,"XGBoost (learning_rate=unknown, max_depth=unknown, n_estimators=unknown)","SVM (kernel=poly, C=0.1, gamma=auto)"
ANOVA_L_6_Random,random,sub-39,0.2222,0.7252,0.6142,0.8364,7,"SVM (kernel=rbf, C=0.1, gamma=auto)","SVM (kernel=poly, C=0.1, gamma=auto)"
ANOVA_L_6_Random,random,sub-42,0.2626,0.6833,0.5333,0.7960,8,"SVM (kernel=poly, C=0.1, gamma=auto)","SVM (kernel=linear, C=0.1, gamma=auto)"
ANOVA_L_6_Random,random,sub-48,0.2543,0.6717,0.5375,0.7918,6,"SVM (kernel=rbf, C=0.1, gamma=auto)","XGBoost (learning_rate=unknown, max_depth=unknown, n_estimators=unknown)"
ANOVA_L_6_Random,random,sub-9,0.1591,0.5855,0.4865,0.6456,5,"XGBoost (learning_rate=unknown, max_depth=unknown, n_estimators=unknown)","KNN (n_neighbors=unknown, metric=euclidean, weights=uniform)"
ANOVA_L_6_Random,random,sub-20,0.1885,0.7075,0.6375,0.8260,6,"SVM (kernel=poly, C=0.1, gamma=auto)","MLP (activation=tanh, alpha=0.1, hidden=[])"
ANOVA_L_6_Random,random,sub-63,0.2502,0.5917,0.4986,0.7488,5,"SVM (kernel=rbf, C=0.1, gamma=auto)","MLP (activation=tanh, alpha=0.1, hidden=[])"
ANOVA_L_6_Random,random,sub-50,0.1642,0.6288,0.5391,0.7033,4,"SVM (kernel=poly, C=0.1, gamma=auto)","MLP (activation=tanh, alpha=0.1, hidden=[])"
ANOVA_L_2_Random,random,sub-35,0.3434,0.6659,0.5205,0.8639,8,"MLP (activation=tanh, alpha=0.1, hidden=[])","SVM (kernel=poly, C=0.1, gamma=auto)"
ANOVA_L_2_Random,random,sub-50,0.0768,0.5464,0.5205,0.5973,4,"MLP (activation=tanh, alpha=0.1, hidden=[])","KNN (n_neighbors=unknown, metric=euclidean, weights=uniform)"
ANOVA_L_2_Random,random,sub-11,0.5244,0.6559,0.4002,0.9246,7,"SVM (kernel=rbf, C=0.1, gamma=auto)","MLP (activation=tanh, alpha=0.1, hidden=[])"
ANOVA_L_2_Random,random,sub-59,0.2604,0.4586,0.3145,0.5749,10,"XGBoost (learning_rate=unknown, max_depth=unknown, n_estimators=unknown)","KNN (n_neighbors=unknown, metric=euclidean, weights=uniform)"
ANOVA_L_2_Random,random,sub-24,0.1645,0.8622,0.7648,0.9293,11,"SVM (kernel=poly, C=0.1, gamma=auto)","XGBoost (learning_rate=unknown, max_depth=unknown, n_estimators=unknown)"
ANOVA_L_2_Random,random,sub-55,0.0203,0.9193,0.9089,0.9293,4,"KNN (n_neighbors=unknown, metric=euclidean, weights=uniform)","XGBoost (learning_rate=unknown, max_depth=unknown, n_estimators=unknown)"
ANOVA_L_2_Random,random,sub-7,0.1743,0.8344,0.7695,0.9438,11,"SVM (kernel=poly, C=0.1, gamma=auto)","XGBoost (learning_rate=unknown, max_depth=unknown, n_estimators=unknown)"
ANOVA_L_2_Random,random,sub-58,0.2174,0.7999,0.7265,0.9438,8,"KNN (n_neighbors=unknown, metric=euclidean, weights=uniform)","XGBoost (learning_rate=unknown, max_depth=unknown, n_estimators=unknown)"
ANOVA_L_2_Random,random,sub-2,0.1491,0.6878,0.6239,0.7730,7,"XGBoost (learning_rate=unknown, max_depth=unknown, n_estimators=unknown)","MLP (activation=tanh, alpha=0.1, hidden=[])"
ANOVA_L_2_Random,random,sub-39,0.2347,0.7222,0.6292,0.8639,8,"MLP (activation=tanh, alpha=0.1, hidden=[])","SVM (kernel=poly, C=0.1, gamma=auto)"
ANOVA_L_2_Random,random,sub-48,0.0748,0.8164,0.7695,0.8443,8,"SVM (kernel=poly, C=0.1, gamma=auto)","MLP (activation=tanh, alpha=0.1, hidden=[])"
ANOVA_L_2_Random,random,sub-54,0.3716,0.7464,0.5530,0.9246,11,"SVM (kernel=poly, C=0.1, gamma=auto)","MLP (activation=tanh, alpha=0.1, hidden=[])"
ANOVA_L_2_Random,random,sub-15,0.4434,0.6511,0.4873,0.9307,12,"SVM (kernel=poly, C=0.1, gamma=auto)","MLP (activation=tanh, alpha=0.1, hidden=[])"
ANOVA_L_2_Random,random,sub-51,0.2566,0.6397,0.4879,0.7445,8,"SVM (kernel=rbf, C=0.1, gamma=auto)","KNN (n_neighbors=unknown, metric=euclidean, weights=uniform)"
ANOVA_L_2_Random,random,sub-1,0.2777,0.5949,0.4804,0.7581,7,"MLP (activation=tanh, alpha=0.1, hidden=[])","MLP (activation=tanh, alpha=0.1, hidden=[])"
ANOVA_L_2_Random,random,sub-61,0.1435,0.5475,0.4804,0.6239,9,"MLP (activation=tanh, alpha=0.1, hidden=[])","KNN (n_neighbors=unknown, metric=euclidean, weights=uniform)"
ANOVA_L_2_Random,random,sub-18,0.4460,0.7133,0.4649,0.9109,12,"XGBoost (learning_rate=unknown, max_depth=unknown, n_estimators=unknown)","MLP (activation=tanh, alpha=0.1, hidden=[])"
ANOVA_L_2_Random,random,sub-62,0.1637,0.8363,0.7456,0.9093,9,"SVM (kernel=poly, C=0.1, gamma=auto)","XGBoost (learning_rate=unknown, max_depth=unknown, n_estimators=unknown)"
ANOVA_L_2_Random,random,sub-41,0.3319,0.7420,0.5790,0.9109,8,"SVM (kernel=poly, C=0.1, gamma=auto)","MLP (activation=tanh, alpha=0.1, hidden=[])"
ANOVA_L_2_Random,random,sub-5,0.3010,0.6803,0.5448,0.8458,8,"MLP (activation=tanh, alpha=0.1, hidden=[])","SVM (kernel=poly, C=0.1, gamma=auto)"
ANOVA_L_2_Random,random,sub-38,0.2190,0.6246,0.5088,0.7278,8,"MLP (activation=tanh, alpha=0.1, hidden=[])","KNN (n_neighbors=unknown, metric=euclidean, weights=uniform)"
ANOVA_L_2_Random,random,sub-16,0.1951,0.8857,0.7657,0.9608,4,"KNN (n_neighbors=unknown, metric=euclidean, weights=uniform)","MLP (activation=tanh, alpha=0.1, hidden=[])"
ANOVA_L_2_Random,random,sub-42,0.1960,0.8661,0.7648,0.9608,8,"SVM (kernel=poly, C=0.1, gamma=auto)","MLP (activation=tanh, alpha=0.1, hidden=[])"
ANOVA_L_2_Random,random,sub-36,0.2353,0.6049,0.4846,0.7199,4,"XGBoost (learning_rate=unknown, max_depth=unknown, n_estimators=unknown)","MLP (activation=tanh, alpha=0.1, hidden=[])"
ANOVA_L_2_Random,random,sub-44,0.3138,0.6868,0.4846,0.7984,12,"XGBoost (learning_rate=unknown, max_depth=unknown, n_estimators=unknown)","MLP (activation=tanh, alpha=0.1, hidden=[])"
ANOVA_L_2_Random,random,sub-49,0.3801,0.8074,0.5658,0.9459,9,"MLP (activation=tanh, alpha=0.1, hidden=[])","XGBoost (learning_rate=unknown, max_depth=unknown, n_estimators=unknown)"
ANOVA_L_2_Random,random,sub-17,0.1249,0.8472,0.7748,0.8997,4,"MLP (activation=tanh, alpha=0.1, hidden=[])","KNN (n_neighbors=unknown, metric=euclidean, weights=uniform)"
ANOVA_L_2_Random,random,sub-4,0.1475,0.7334,0.6355,0.7830,4,"XGBoost (learning_rate=unknown, max_depth=unknown, n_estimators=unknown)","KNN (n_neighbors=unknown, metric=euclidean, weights=uniform)"
ANOVA_L_2_Random,random,sub-65,0.1742,0.6602,0.5839,0.7581,4,"XGBoost (learning_rate=unknown, max_depth=unknown, n_estimators=unknown)","MLP (activation=tanh, alpha=0.1, hidden=[])"
ANOVA_L_2_Random,random,sub-30,0.1904,0.8236,0.7541,0.9445,5,"SVM (kernel=poly, C=0.1, gamma=auto)","XGBoost (learning_rate=unknown, max_depth=unknown, n_estimators=unknown)"
ANOVA_L_2_Random,random,sub-56,0.3341,0.7234,0.5448,0.8789,4,"MLP (activation=tanh, alpha=0.1, hidden=[])","MLP (activation=tanh, alpha=0.1, hidden=[])"
ANOVA_L_2_Random,random,sub-8,0.2542,0.8264,0.6917,0.9459,5,"KNN (n_neighbors=unknown, metric=euclidean, weights=uniform)","XGBoost (learning_rate=unknown, max_depth=unknown, n_estimators=unknown)"
ANOVA_L_2_Random,random,sub-37,0.1377,0.7728,0.6917,0.8294,4,"KNN (n_neighbors=unknown, metric=euclidean, weights=uniform)","MLP (activation=tanh, alpha=0.1, hidden=[])"
ANOVA_L_2_Random,random,sub-28,0.3083,0.6852,0.5088,0.8170,5,"MLP (activation=tanh, alpha=0.1, hidden=[])","KNN (n_neighbors=unknown, metric=euclidean, weights=uniform)"
ANOVA_L_2_Random,random,sub-13,0.2138,0.4250,0.3145,0.5283,4,"XGBoost (learning_rate=unknown, max_depth=unknown, n_estimators=unknown)","KNN (n_neighbors=unknown, metric=euclidean, weights=uniform)"
ANOVA_L_2_Random,random,sub-6,0.0776,0.5873,0.5530,0.6306,5,"SVM (kernel=poly, C=0.1, gamma=auto)","MLP (activation=tanh, alpha=0.1, hidden=[])"
ANOVA_L_2_Random,random,sub-33,0.2843,0.7599,0.5946,0.8789,4,"KNN (n_neighbors=unknown, metric=euclidean, weights=uniform)","MLP (activation=tanh, alpha=0.1, hidden=[])"
ANOVA_L_2_Random,random,sub-3,0.7407,0.6899,0.1686,0.9093,5,"SVM (kernel=poly, C=0.1, gamma=auto)","XGBoost (learning_rate=unknown, max_depth=unknown, n_estimators=unknown)"
ANOVA_L_2_Random,random,sub-60,0.6109,0.5518,0.1686,0.7796,4,"SVM (kernel=poly, C=0.1, gamma=auto)","MLP (activation=tanh, alpha=0.1, hidden=[])"
ANOVA_L_2_Random,random,sub-23,0.2812,0.7118,0.5600,0.8412,4,"KNN (n_neighbors=unknown, metric=euclidean, weights=uniform)","SVM (kernel=poly, C=0.1, gamma=auto)"
ANOVA_L_2_Random,random,sub-21,0.2469,0.7059,0.5942,0.8412,4,"SVM (kernel=poly, C=0.1, gamma=auto)","MLP (activation=tanh, alpha=0.1, hidden=[])"
ANOVA_L_2_Random,random,sub-63,0.3219,0.6288,0.5193,0.8412,4,"XGBoost (learning_rate=unknown, max_depth=unknown, n_estimators=unknown)","MLP (activation=tanh, alpha=0.1, hidden=[])"
ANOVA_L_2_Random,random,sub-14,0.2914,0.6834,0.5397,0.8311,5,"MLP (activation=tanh, alpha=0.1, hidden=[])","MLP (activation=tanh, alpha=0.1, hidden=[])"
ANOVA_L_2_Random,random,sub-19,0.3429,0.6586,0.5193,0.8622,5,"XGBoost (learning_rate=unknown, max_depth=unknown, n_estimators=unknown)","SVM (kernel=poly, C=0.1, gamma=auto)"
ANOVA_L_2_Random,random,sub-57,0.0880,0.7810,0.7370,0.8250,4,"SVM (kernel=poly, C=0.1, gamma=auto)","XGBoost (learning_rate=unknown, max_depth=unknown, n_estimators=unknown)"
ANOVA_L_2_Random,random,sub-22,0.2312,0.7038,0.5568,0.7879,4,"MLP (activation=tanh, alpha=0.1, hidden=[])","SVM (kernel=poly, C=0.1, gamma=auto)"
ANOVA_L_2_Random,random,sub-40,0.2312,0.7038,0.5568,0.7879,4,"MLP (activation=tanh, alpha=0.1, hidden=[])","SVM (kernel=poly, C=0.1, gamma=auto)"
ANOVA_L_2_Random,random,sub-47,0.1820,0.7456,0.6350,0.8170,4,"MLP (activation=tanh, alpha=0.1, hidden=[])","KNN (n_neighbors=unknown, metric=euclidean, weights=uniform)"
ANOVA_L_2_Random,random,sub-64,0.1535,0.8463,0.7772,0.9307,4,"KNN (n_neighbors=unknown, metric=euclidean, weights=uniform)","MLP (activation=tanh, alpha=0.1, hidden=[])"
PCA_L_6_Random,random,sub-2,0.2102,0.5345,0.4706,0.6808,11,"SVM (kernel=rbf, C=0.1, gamma=auto)","MLP (activation=tanh, alpha=0.1, hidden=[])"
PCA_L_6_Random,random,sub-6,0.3079,0.5330,0.4329,0.7408,10,"XGBoost (learning_rate=unknown, max_depth=unknown, n_estimators=unknown)","SVM (kernel=rbf, C=0.1, gamma=auto)"
PCA_L_6_Random,random,sub-14,0.2101,0.5199,0.4707,0.6808,11,"MLP (activation=tanh, alpha=0.1, hidden=[])","MLP (activation=tanh, alpha=0.1, hidden=[])"
PCA_L_6_Random,random,sub-44,0.2365,0.5500,0.4727,0.7091,12,"XGBoost (learning_rate=unknown, max_depth=unknown, n_estimators=unknown)","SVM (kernel=rbf, C=0.1, gamma=auto)"
PCA_L_6_Random,random,sub-53,0.2021,0.5546,0.4910,0.6931,6,"SVM (kernel=poly, C=0.1, gamma=auto)","KNN (n_neighbors=unknown, metric=euclidean, weights=uniform)"
PCA_L_6_Random,random,sub-56,0.2101,0.5438,0.4707,0.6808,9,"KNN (n_neighbors=unknown, metric=euclidean, weights=uniform)","MLP (activation=tanh, alpha=0.1, hidden=[])"
PCA_L_6_Random,random,sub-15,0.2621,0.5548,0.4786,0.7408,11,"MLP (activation=tanh, alpha=0.1, hidden=[])","SVM (kernel=rbf, C=0.1, gamma=auto)"
PCA_L_6_Random,random,sub-19,0.3231,0.5880,0.4773,0.8004,10,"SVM (kernel=poly, C=0.1, gamma=auto)","MLP (activation=tanh, alpha=0.1, hidden=[])"
PCA_L_6_Random,random,sub-40,0.2580,0.5837,0.4828,0.7408,11,"SVM (kernel=poly, C=0.1, gamma=auto)","SVM (kernel=rbf, C=0.1, gamma=auto)"
PCA_L_6_Random,random,sub-49,0.2814,0.5656,0.4594,0.7408,11,"SVM (kernel=linear, C=0.1, gamma=auto)","SVM (kernel=rbf, C=0.1, gamma=auto)"
PCA_L_6_Random,random,sub-64,0.2918,0.6029,0.4518,0.7436,10,"SVM (kernel=poly, C=0.1, gamma=auto)","MLP (activation=tanh, alpha=0.1, hidden=[])"
PCA_L_6_Random,random,sub-3,0.1707,0.5482,0.4728,0.6435,8,"SVM (kernel=poly, C=0.1, gamma=auto)","SVM (kernel=rbf, C=0.1, gamma=auto)"
PCA_L_6_Random,random,sub-17,0.2509,0.5530,0.4728,0.7237,11,"SVM (kernel=poly, C=0.1, gamma=auto)","KNN (n_neighbors=unknown, metric=euclidean, weights=uniform)"
PCA_L_6_Random,random,sub-23,0.2708,0.5816,0.4728,0.7436,7,"SVM (kernel=poly, C=0.1, gamma=auto)","MLP (activation=tanh, alpha=0.1, hidden=[])"
PCA_L_6_Random,random,sub-51,0.3276,0.5922,0.4728,0.8004,12,"SVM (kernel=poly, C=0.1, gamma=auto)","MLP (activation=tanh, alpha=0.1, hidden=[])"
PCA_L_6_Random,random,sub-54,0.3182,0.5258,0.4441,0.7623,8,"SVM (kernel=linear, C=0.1, gamma=auto)","MLP (activation=tanh, alpha=0.1, hidden=[])"
PCA_L_6_Random,random,sub-60,0.2729,0.5448,0.4707,0.7436,12,"MLP (activation=tanh, alpha=0.1, hidden=[])","MLP (activation=tanh, alpha=0.1, hidden=[])"
PCA_L_6_Random,random,sub-4,0.2734,0.5286,0.4329,0.7063,11,"XGBoost (learning_rate=unknown, max_depth=unknown, n_estimators=unknown)","XGBoost (learning_rate=unknown, max_depth=unknown, n_estimators=unknown)"
PCA_L_6_Random,random,sub-8,0.3675,0.5312,0.4329,0.8004,11,"XGBoost (learning_rate=unknown, max_depth=unknown, n_estimators=unknown)","MLP (activation=tanh, alpha=0.1, hidden=[])"
PCA_L_6_Random,random,sub-41,0.2473,0.5303,0.4329,0.6802,12,"XGBoost (learning_rate=unknown, max_depth=unknown, n_estimators=unknown)","XGBoost (learning_rate=unknown, max_depth=unknown, n_estimators=unknown)"
PCA_L_6_Random,random,sub-42,0.3675,0.5484,0.4329,0.8004,10,"XGBoost (learning_rate=unknown, max_depth=unknown, n_estimators=unknown)","MLP (activation=tanh, alpha=0.1, hidden=[])"
PCA_L_6_Random,random,sub-57,0.2433,0.5232,0.3794,0.6227,10,"XGBoost (learning_rate=unknown, max_depth=unknown, n_estimators=unknown)","XGBoost (learning_rate=unknown, max_depth=unknown, n_estimators=unknown)"
PCA_L_6_Random,random,sub-18,0.1593,0.5141,0.4634,0.6227,9,"MLP (activation=tanh, alpha=0.1, hidden=[])","XGBoost (learning_rate=unknown, max_depth=unknown, n_estimators=unknown)"
PCA_L_6_Random,random,sub-35,0.1921,0.5285,0.4707,0.6628,12,"KNN (n_neighbors=unknown, metric=euclidean, weights=uniform)","SVM (kernel=rbf, C=0.1, gamma=auto)"
PCA_L_6_Random,random,sub-47,0.2550,0.5537,0.4541,0.7091,10,"SVM (kernel=linear, C=0.1, gamma=auto)","SVM (kernel=rbf, C=0.1, gamma=auto)"
PCA_L_6_Random,random,sub-61,0.2360,0.5360,0.4441,0.6802,10,"SVM (kernel=linear, C=0.1, gamma=auto)","XGBoost (learning_rate=unknown, max_depth=unknown, n_estimators=unknown)"
PCA_L_6_Random,random,sub-27,0.2918,0.5936,0.4518,0.7436,9,"SVM (kernel=poly, C=0.1, gamma=auto)","MLP (activation=tanh, alpha=0.1, hidden=[])"
PCA_L_6_Random,random,sub-28,0.3463,0.5591,0.4541,0.8004,12,"SVM (kernel=linear, C=0.1, gamma=auto)","MLP (activation=tanh, alpha=0.1, hidden=[])"
PCA_L_6_Random,random,sub-11,0.2895,0.5347,0.3794,0.6689,9,"XGBoost (learning_rate=unknown, max_depth=unknown, n_estimators=unknown)","MLP (activation=tanh, alpha=0.1, hidden=[])"
PCA_L_6_Random,random,sub-26,0.2469,0.5536,0.4594,0.7063,9,"SVM (kernel=linear, C=0.1, gamma=auto)","XGBoost (learning_rate=unknown, max_depth=unknown, n_estimators=unknown)"
PCA_L_6_Random,random,sub-37,0.3410,0.5871,0.4594,0.8004,10,"SVM (kernel=linear, C=0.1, gamma=auto)","MLP (activation=tanh, alpha=0.1, hidden=[])"
PCA_L_6_Random,random,sub-45,0.2895,0.5418,0.3794,0.6689,11,"XGBoost (learning_rate=unknown, max_depth=unknown, n_estimators=unknown)","MLP (activation=tanh, alpha=0.1, hidden=[])"
PCA_L_6_Random,random,sub-7,0.2887,0.5750,0.4736,0.7623,10,"XGBoost (learning_rate=unknown, max_depth=unknown, n_estimators=unknown)","MLP (activation=tanh, alpha=0.1, hidden=[])"
PCA_L_6_Random,random,sub-22,0.1411,0.5523,0.4907,0.6318,7,"MLP (activation=tanh, alpha=0.1, hidden=[])","KNN (n_neighbors=unknown, metric=euclidean, weights=uniform)"
PCA_L_6_Random,random,sub-39,0.2305,0.5382,0.4786,0.7091,9,"MLP (activation=tanh, alpha=0.1, hidden=[])","SVM (kernel=rbf, C=0.1, gamma=auto)"
PCA_L_6_Random,random,sub-25,0.1897,0.5004,0.3794,0.5691,8,"XGBoost (learning_rate=unknown, max_depth=unknown, n_estimators=unknown)","SVM (kernel=rbf, C=0.1, gamma=auto)"
PCA_L_6_Random,random,sub-30,0.2576,0.5029,0.3794,0.6370,10,"XGBoost (learning_rate=unknown, max_depth=unknown, n_estimators=unknown)","MLP (activation=tanh, alpha=0.1, hidden=[])"
PCA_L_6_Random,random,sub-59,0.2566,0.4949,0.3794,0.6360,8,"XGBoost (learning_rate=unknown, max_depth=unknown, n_estimators=unknown)","XGBoost (learning_rate=unknown, max_depth=unknown, n_estimators=unknown)"
PCA_L_6_Random,random,sub-24,0.1241,0.5110,0.4634,0.5874,9,"MLP (activation=tanh, alpha=0.1, hidden=[])","MLP (activation=tanh, alpha=0.1, hidden=[])"
PCA_L_6_Random,random,sub-43,0.3105,0.5564,0.4518,0.7623,9,"SVM (kernel=poly, C=0.1, gamma=auto)","MLP (activation=tanh, alpha=0.1, hidden=[])"
PCA_L_6_Random,random,sub-48,0.2168,0.5238,0.4634,0.6802,7,"MLP (activation=tanh, alpha=0.1, hidden=[])","XGBoost (learning_rate=unknown, max_depth=unknown, n_estimators=unknown)"
PCA_L_6_Random,random,sub-9,0.0529,0.5230,0.4927,0.5456,6,"KNN (n_neighbors=unknown, metric=euclidean, weights=uniform)","KNN (n_neighbors=unknown, metric=euclidean, weights=uniform)"
PCA_L_6_Random,random,sub-12,0.1977,0.5447,0.4954,0.6931,7,"XGBoost (learning_rate=unknown, max_depth=unknown, n_estimators=unknown)","KNN (n_neighbors=unknown, metric=euclidean, weights=uniform)"
PCA_L_6_Random,random,sub-38,0.1346,0.5247,0.4733,0.6079,12,"KNN (n_neighbors=unknown, metric=euclidean, weights=uniform)","MLP (activation=tanh, alpha=0.1, hidden=[])"
PCA_L_6_Random,random,sub-50,0.0863,0.5234,0.4736,0.5600,4,"XGBoost (learning_rate=unknown, max_depth=unknown, n_estimators=unknown)","KNN (n_neighbors=unknown, metric=euclidean, weights=uniform)"
PCA_L_6_Random,random,sub-55,0.1650,0.5422,0.4736,0.6386,10,"XGBoost (learning_rate=unknown, max_depth=unknown, n_estimators=unknown)","XGBoost (learning_rate=unknown, max_depth=unknown, n_estimators=unknown)"
PCA_L_6_Random,random,sub-32,0.2231,0.5377,0.4441,0.6672,12,"SVM (kernel=linear, C=0.1, gamma=auto)","MLP (activation=tanh, alpha=0.1, hidden=[])"
PCA_L_6_Random,random,sub-52,0.2154,0.5549,0.4518,0.6672,5,"SVM (kernel=poly, C=0.1, gamma=auto)","MLP (activation=tanh, alpha=0.1, hidden=[])"
PCA_L_6_Random,random,sub-5,0.1877,0.5307,0.4441,0.6318,12,"SVM (kernel=linear, C=0.1, gamma=auto)","KNN (n_neighbors=unknown, metric=euclidean, weights=uniform)"
PCA_L_6_Random,random,sub-13,0.2844,0.5566,0.4779,0.7623,9,"KNN (n_neighbors=unknown, metric=euclidean, weights=uniform)","MLP (activation=tanh, alpha=0.1, hidden=[])"
PCA_L_6_Random,random,sub-20,0.1922,0.5510,0.4880,0.6802,5,"MLP (activation=tanh, alpha=0.1, hidden=[])","XGBoost (learning_rate=unknown, max_depth=unknown, n_estimators=unknown)"
PCA_L_6_Random,random,sub-58,0.2357,0.5711,0.4880,0.7237,11,"MLP (activation=tanh, alpha=0.1, hidden=[])","KNN (n_neighbors=unknown, metric=euclidean, weights=uniform)"
PCA_L_6_Random,random,sub-33,0.1962,0.5747,0.4969,0.6931,10,"SVM (kernel=poly, C=0.1, gamma=auto)","KNN (n_neighbors=unknown, metric=euclidean, weights=uniform)"
PCA_L_6_Random,random,sub-31,0.0791,0.5397,0.4927,0.5718,6,"KNN (n_neighbors=unknown, metric=euclidean, weights=uniform)","MLP (activation=tanh, alpha=0.1, hidden=[])"
PCA_L_6_Random,random,sub-36,0.2504,0.5484,0.4733,0.7237,12,"KNN (n_neighbors=unknown, metric=euclidean, weights=uniform)","KNN (n_neighbors=unknown, metric=euclidean, weights=uniform)"
PCA_L_6_Random,random,sub-29,0.2264,0.5659,0.4828,0.7091,9,"SVM (kernel=poly, C=0.1, gamma=auto)","SVM (kernel=rbf, C=0.1, gamma=auto)"
PCA_L_6_Random,random,sub-62,0.2304,0.5637,0.4758,0.7063,8,"SVM (kernel=linear, C=0.1, gamma=auto)","XGBoost (learning_rate=unknown, max_depth=unknown, n_estimators=unknown)"
PCA_L_6_Random,random,sub-1,0.2087,0.5328,0.4541,0.6628,8,"SVM (kernel=linear, C=0.1, gamma=auto)","SVM (kernel=rbf, C=0.1, gamma=auto)"
PCA_L_6_Random,random,sub-21,0.1467,0.5455,0.4968,0.6435,8,"SVM (kernel=linear, C=0.1, gamma=auto)","SVM (kernel=rbf, C=0.1, gamma=auto)"
PCA_L_6_Random,random,sub-65,0.1362,0.5213,0.4706,0.6068,8,"SVM (kernel=rbf, C=0.1, gamma=auto)","MLP (activation=tanh, alpha=0.1, hidden=[])"
PCA_L_6_Random,random,sub-16,0.2712,0.5715,0.4911,0.7623,6,"MLP (activation=tanh, alpha=0.1, hidden=[])","MLP (activation=tanh, alpha=0.1, hidden=[])"
PCA_L_6_Random,random,sub-34,0.2530,0.5914,0.4707,0.7237,8,"KNN (n_neighbors=unknown, metric=euclidean, weights=uniform)","KNN (n_neighbors=unknown, metric=euclidean, weights=uniform)"
PCA_L_6_Random,random,sub-10,0.1637,0.5620,0.4733,0.6370,6,"KNN (n_neighbors=unknown, metric=euclidean, weights=uniform)","MLP (activation=tanh, alpha=0.1, hidden=[])"
PCA_L_6_Random,random,sub-63,0.1007,0.5016,0.4538,0.5544,7,"SVM (kernel=linear, C=0.1, gamma=auto)","MLP (activation=tanh, alpha=0.1, hidden=[])"
PCA_L_6_Random,random,sub-46,0.1541,0.5234,0.4538,0.6079,7,"SVM (kernel=linear, C=0.1, gamma=auto)","MLP (activation=tanh, alpha=0.1, hidden=[])"
PCA_L_2_Random,random,sub-35,0.3478,0.5335,0.4698,0.8176,5,"MLP (activation=tanh, alpha=0.1, hidden=[])","SVM (kernel=rbf, C=0.1, gamma=auto)"
PCA_L_2_Random,random,sub-50,0.0318,0.5074,0.4867,0.5184,4,"KNN (n_neighbors=unknown, metric=euclidean, weights=uniform)","MLP (activation=tanh, alpha=0.1, hidden=[])"
PCA_L_2_Random,random,sub-30,0.5209,0.5681,0.3834,0.9044,8,"SVM (kernel=linear, C=0.1, gamma=auto)","MLP (activation=tanh, alpha=0.1, hidden=[])"
PCA_L_2_Random,random,sub-49,0.4439,0.6270,0.4605,0.9044,11,"SVM (kernel=poly, C=0.1, gamma=auto)","MLP (activation=tanh, alpha=0.1, hidden=[])"
PCA_L_2_Random,random,sub-22,0.1558,0.5784,0.5136,0.6693,4,"KNN (n_neighbors=unknown, metric=euclidean, weights=uniform)","SVM (kernel=rbf, C=0.1, gamma=auto)"
PCA_L_2_Random,random,sub-40,0.1558,0.5784,0.5136,0.6693,4,"KNN (n_neighbors=unknown, metric=euclidean, weights=uniform)","SVM (kernel=rbf, C=0.1, gamma=auto)"
PCA_L_2_Random,random,sub-11,0.1398,0.4950,0.4226,0.5624,5,"SVM (kernel=rbf, C=0.1, gamma=auto)","KNN (n_neighbors=unknown, metric=euclidean, weights=uniform)"
PCA_L_2_Random,random,sub-59,0.1398,0.4976,0.4226,0.5624,9,"SVM (kernel=rbf, C=0.1, gamma=auto)","KNN (n_neighbors=unknown, metric=euclidean, weights=uniform)"
PCA_L_2_Random,random,sub-8,0.1746,0.5523,0.4605,0.6351,8,"SVM (kernel=poly, C=0.1, gamma=auto)","XGBoost (learning_rate=unknown, max_depth=unknown, n_estimators=unknown)"
PCA_L_2_Random,random,sub-37,0.1356,0.5347,0.4841,0.6197,4,"XGBoost (learning_rate=unknown, max_depth=unknown, n_estimators=unknown)","SVM (kernel=rbf, C=0.1, gamma=auto)"
PCA_L_2_Random,random,sub-28,0.0901,0.5214,0.5014,0.5915,8,"SVM (kernel=rbf, C=0.1, gamma=auto)","XGBoost (learning_rate=unknown, max_depth=unknown, n_estimators=unknown)"
PCA_L_2_Random,random,sub-38,0.1590,0.5173,0.4537,0.6127,6,"SVM (kernel=poly, C=0.1, gamma=auto)","KNN (n_neighbors=unknown, metric=euclidean, weights=uniform)"
PCA_L_2_Random,random,sub-24,0.2409,0.5922,0.4770,0.7179,11,"SVM (kernel=linear, C=0.1, gamma=auto)","KNN (n_neighbors=unknown, metric=euclidean, weights=uniform)"
PCA_L_2_Random,random,sub-55,0.1948,0.5824,0.5010,0.6957,4,"KNN (n_neighbors=unknown, metric=euclidean, weights=uniform)","XGBoost (learning_rate=unknown, max_depth=unknown, n_estimators=unknown)"
PCA_L_2_Random,random,sub-7,0.3886,0.6170,0.4897,0.8783,11,"KNN (n_neighbors=unknown, metric=euclidean, weights=uniform)","XGBoost (learning_rate=unknown, max_depth=unknown, n_estimators=unknown)"
PCA_L_2_Random,random,sub-58,0.1508,0.5551,0.4827,0.6335,6,"KNN (n_neighbors=unknown, metric=euclidean, weights=uniform)","XGBoost (learning_rate=unknown, max_depth=unknown, n_estimators=unknown)"
PCA_L_2_Random,random,sub-6,0.1566,0.5088,0.4145,0.5711,5,"SVM (kernel=rbf, C=0.1, gamma=auto)","SVM (kernel=rbf, C=0.1, gamma=auto)"
PCA_L_2_Random,random,sub-54,0.2925,0.5115,0.3834,0.6760,10,"SVM (kernel=linear, C=0.1, gamma=auto)","KNN (n_neighbors=unknown, metric=euclidean, weights=uniform)"
PCA_L_2_Random,random,sub-2,0.1227,0.5374,0.4825,0.6052,8,"SVM (kernel=poly, C=0.1, gamma=auto)","MLP (activation=tanh, alpha=0.1, hidden=[])"
PCA_L_2_Random,random,sub-15,0.4017,0.5418,0.4386,0.8404,12,"KNN (n_neighbors=unknown, metric=euclidean, weights=uniform)","SVM (kernel=rbf, C=0.1, gamma=auto)"
PCA_L_2_Random,random,sub-61,0.1680,0.5160,0.4423,0.6103,9,"SVM (kernel=linear, C=0.1, gamma=auto)","XGBoost (learning_rate=unknown, max_depth=unknown, n_estimators=unknown)"
PCA_L_2_Random,random,sub-23,0.3635,0.6271,0.4024,0.7659,4,"KNN (n_neighbors=unknown, metric=euclidean, weights=uniform)","SVM (kernel=rbf, C=0.1, gamma=auto)"
PCA_L_2_Random,random,sub-56,0.3635,0.6037,0.4024,0.7659,10,"KNN (n_neighbors=unknown, metric=euclidean, weights=uniform)","SVM (kernel=rbf, C=0.1, gamma=auto)"
PCA_L_2_Random,random,sub-39,0.3588,0.5680,0.4698,0.8286,7,"MLP (activation=tanh, alpha=0.1, hidden=[])","SVM (kernel=rbf, C=0.1, gamma=auto)"
PCA_L_2_Random,random,sub-16,0.1176,0.5412,0.4861,0.6037,4,"KNN (n_neighbors=unknown, metric=euclidean, weights=uniform)","SVM (kernel=rbf, C=0.1, gamma=auto)"
PCA_L_2_Random,random,sub-42,0.2409,0.5867,0.4770,0.7179,8,"SVM (kernel=linear, C=0.1, gamma=auto)","KNN (n_neighbors=unknown, metric=euclidean, weights=uniform)"
PCA_L_2_Random,random,sub-3,0.4794,0.4937,0.2825,0.7620,8,"KNN (n_neighbors=unknown, metric=euclidean, weights=uniform)","KNN (n_neighbors=unknown, metric=euclidean, weights=uniform)"
PCA_L_2_Random,random,sub-62,0.3020,0.6201,0.4852,0.7872,8,"SVM (kernel=poly, C=0.1, gamma=auto)","SVM (kernel=rbf, C=0.1, gamma=auto)"
PCA_L_2_Random,random,sub-17,0.2920,0.5789,0.4952,0.7872,4,"MLP (activation=tanh, alpha=0.1, hidden=[])","SVM (kernel=rbf, C=0.1, gamma=auto)"
PCA_L_2_Random,random,sub-14,0.1251,0.5482,0.4781,0.6032,7,"MLP (activation=tanh, alpha=0.1, hidden=[])","XGBoost (learning_rate=unknown, max_depth=unknown, n_estimators=unknown)"
PCA_L_2_Random,random,sub-18,0.4960,0.5441,0.3743,0.8704,12,"KNN (n_neighbors=unknown, metric=euclidean, weights=uniform)","MLP (activation=tanh, alpha=0.1, hidden=[])"
PCA_L_2_Random,random,sub-51,0.2252,0.5374,0.3743,0.5996,8,"KNN (n_neighbors=unknown, metric=euclidean, weights=uniform)","SVM (kernel=rbf, C=0.1, gamma=auto)"
PCA_L_2_Random,random,sub-19,0.3383,0.5780,0.4903,0.8286,5,"KNN (n_neighbors=unknown, metric=euclidean, weights=uniform)","SVM (kernel=rbf, C=0.1, gamma=auto)"
PCA_L_2_Random,random,sub-4,0.2295,0.5504,0.4446,0.6741,4,"MLP (activation=tanh, alpha=0.1, hidden=[])","SVM (kernel=rbf, C=0.1, gamma=auto)"
PCA_L_2_Random,random,sub-44,0.2295,0.5687,0.4446,0.6741,11,"MLP (activation=tanh, alpha=0.1, hidden=[])","SVM (kernel=rbf, C=0.1, gamma=auto)"
PCA_L_2_Random,random,sub-63,0.0969,0.5406,0.4903,0.5873,8,"KNN (n_neighbors=unknown, metric=euclidean, weights=uniform)","XGBoost (learning_rate=unknown, max_depth=unknown, n_estimators=unknown)"
PCA_L_2_Random,random,sub-1,0.1985,0.5015,0.4118,0.6103,7,"SVM (kernel=poly, C=0.1, gamma=auto)","XGBoost (learning_rate=unknown, max_depth=unknown, n_estimators=unknown)"
PCA_L_2_Random,random,sub-65,0.1720,0.4605,0.4118,0.5839,4,"SVM (kernel=poly, C=0.1, gamma=auto)","KNN (n_neighbors=unknown, metric=euclidean, weights=uniform)"
PCA_L_2_Random,random,sub-57,0.3954,0.6234,0.4750,0.8704,4,"KNN (n_neighbors=unknown, metric=euclidean, weights=uniform)","MLP (activation=tanh, alpha=0.1, hidden=[])"
PCA_L_2_Random,random,sub-64,0.3184,0.6625,0.5219,0.8404,4,"KNN (n_neighbors=unknown, metric=euclidean, weights=uniform)","SVM (kernel=rbf, C=0.1, gamma=auto)"
PCA_L_2_Random,random,sub-5,0.2267,0.5594,0.4537,0.6803,7,"SVM (kernel=poly, C=0.1, gamma=auto)","MLP (activation=tanh, alpha=0.1, hidden=[])"
PCA_L_2_Random,random,sub-41,0.0782,0.5092,0.4752,0.5534,7,"XGBoost (learning_rate=unknown, max_depth=unknown, n_estimators=unknown)","KNN (n_neighbors=unknown, metric=euclidean, weights=uniform)"
PCA_L_2_Random,random,sub-13,0.0547,0.5103,0.4966,0.5513,4,"XGBoost (learning_rate=unknown, max_depth=unknown, n_estimators=unknown)","KNN (n_neighbors=unknown, metric=euclidean, weights=uniform)"
PCA_L_2_Random,random,sub-47,0.0852,0.5329,0.5063,0.5915,4,"MLP (activation=tanh, alpha=0.1, hidden=[])","XGBoost (learning_rate=unknown, max_depth=unknown, n_estimators=unknown)"
PCA_L_2_Random,random,sub-36,0.0386,0.5641,0.5522,0.5909,4,"KNN (n_neighbors=unknown, metric=euclidean, weights=uniform)","MLP (activation=tanh, alpha=0.1, hidden=[])"
PCA_L_2_Random,random,sub-48,0.2282,0.6064,0.4884,0.7166,5,"SVM (kernel=poly, C=0.1, gamma=auto)","XGBoost (learning_rate=unknown, max_depth=unknown, n_estimators=unknown)"
PCA_L_2_Random,random,sub-33,0.0890,0.6020,0.5562,0.6452,4,"KNN (n_neighbors=unknown, metric=euclidean, weights=uniform)","MLP (activation=tanh, alpha=0.1, hidden=[])"
PCA_L_2_Random,random,sub-60,0.0281,0.2984,0.2825,0.3107,4,"KNN (n_neighbors=unknown, metric=euclidean, weights=uniform)","XGBoost (learning_rate=unknown, max_depth=unknown, n_estimators=unknown)"
PCA_L_2_Random,random,sub-21,0.0567,0.5476,0.5305,0.5873,4,"SVM (kernel=poly, C=0.1, gamma=auto)","XGBoost (learning_rate=unknown, max_depth=unknown, n_estimators=unknown)"
ANOVA_L_6_Uniform,uniform,sub-7,0.0965,0.6072,0.5563,0.6528,4,"SVM (kernel=rbf, C=0.1, gamma=auto)","MLP (activation=tanh, alpha=0.1, hidden=[])"
ANOVA_L_6_Uniform,uniform,sub-8,0.0965,0.6072,0.5563,0.6528,4,"SVM (kernel=rbf, C=0.1, gamma=auto)","MLP (activation=tanh, alpha=0.1, hidden=[])"
ANOVA_L_6_Uniform,uniform,sub-9,0.0965,0.6072,0.5563,0.6528,4,"SVM (kernel=rbf, C=0.1, gamma=auto)","MLP (activation=tanh, alpha=0.1, hidden=[])"
ANOVA_L_6_Uniform,uniform,sub-43,0.1524,0.6358,0.5563,0.7087,8,"SVM (kernel=rbf, C=0.1, gamma=auto)","XGBoost (learning_rate=unknown, max_depth=unknown, n_estimators=unknown)"
ANOVA_L_6_Uniform,uniform,sub-44,0.0965,0.6072,0.5563,0.6528,4,"SVM (kernel=rbf, C=0.1, gamma=auto)","MLP (activation=tanh, alpha=0.1, hidden=[])"
ANOVA_L_6_Uniform,uniform,sub-45,0.0965,0.6072,0.5563,0.6528,4,"SVM (kernel=rbf, C=0.1, gamma=auto)","MLP (activation=tanh, alpha=0.1, hidden=[])"
ANOVA_L_6_Uniform,uniform,sub-13,0.1002,0.6684,0.6227,0.7228,4,"KNN (n_neighbors=unknown, metric=euclidean, weights=uniform)","MLP (activation=tanh, alpha=0.1, hidden=[])"
ANOVA_L_6_Uniform,uniform,sub-14,0.1002,0.6684,0.6227,0.7228,4,"KNN (n_neighbors=unknown, metric=euclidean, weights=uniform)","MLP (activation=tanh, alpha=0.1, hidden=[])"
ANOVA_L_6_Uniform,uniform,sub-15,0.1002,0.6684,0.6227,0.7228,4,"KNN (n_neighbors=unknown, metric=euclidean, weights=uniform)","MLP (activation=tanh, alpha=0.1, hidden=[])"
ANOVA_L_6_Uniform,uniform,sub-49,0.1002,0.6684,0.6227,0.7228,4,"KNN (n_neighbors=unknown, metric=euclidean, weights=uniform)","MLP (activation=tanh, alpha=0.1, hidden=[])"
ANOVA_L_6_Uniform,uniform,sub-50,0.1002,0.6684,0.6227,0.7228,4,"KNN (n_neighbors=unknown, metric=euclidean, weights=uniform)","MLP (activation=tanh, alpha=0.1, hidden=[])"
ANOVA_L_6_Uniform,uniform,sub-51,0.1002,0.6684,0.6227,0.7228,4,"KNN (n_neighbors=unknown, metric=euclidean, weights=uniform)","MLP (activation=tanh, alpha=0.1, hidden=[])"
ANOVA_L_6_Uniform,uniform,sub-28,0.1257,0.6776,0.6092,0.7349,4,"XGBoost (learning_rate=unknown, max_depth=unknown, n_estimators=unknown)","SVM (kernel=rbf, C=0.1, gamma=auto)"
ANOVA_L_6_Uniform,uniform,sub-29,0.1257,0.6776,0.6092,0.7349,4,"XGBoost (learning_rate=unknown, max_depth=unknown, n_estimators=unknown)","SVM (kernel=rbf, C=0.1, gamma=auto)"
ANOVA_L_6_Uniform,uniform,sub-30,0.1257,0.6776,0.6092,0.7349,4,"XGBoost (learning_rate=unknown, max_depth=unknown, n_estimators=unknown)","SVM (kernel=rbf, C=0.1, gamma=auto)"
ANOVA_L_6_Uniform,uniform,sub-37,0.1257,0.6967,0.6092,0.7349,8,"XGBoost (learning_rate=unknown, max_depth=unknown, n_estimators=unknown)","SVM (kernel=rbf, C=0.1, gamma=auto)"
ANOVA_L_6_Uniform,uniform,sub-64,0.1257,0.6776,0.6092,0.7349,4,"XGBoost (learning_rate=unknown, max_depth=unknown, n_estimators=unknown)","SVM (kernel=rbf, C=0.1, gamma=auto)"
ANOVA_L_6_Uniform,uniform,sub-65,0.1257,0.6776,0.6092,0.7349,4,"XGBoost (learning_rate=unknown, max_depth=unknown, n_estimators=unknown)","SVM (kernel=rbf, C=0.1, gamma=auto)"
ANOVA_L_6_Uniform,uniform,sub-31,0.0461,0.6569,0.6353,0.6814,4,"XGBoost (learning_rate=unknown, max_depth=unknown, n_estimators=unknown)","SVM (kernel=linear, C=0.1, gamma=auto)"
ANOVA_L_6_Uniform,uniform,sub-32,0.0461,0.6569,0.6353,0.6814,4,"XGBoost (learning_rate=unknown, max_depth=unknown, n_estimators=unknown)","SVM (kernel=linear, C=0.1, gamma=auto)"
ANOVA_L_6_Uniform,uniform,sub-33,0.0461,0.6569,0.6353,0.6814,4,"XGBoost (learning_rate=unknown, max_depth=unknown, n_estimators=unknown)","SVM (kernel=linear, C=0.1, gamma=auto)"
ANOVA_L_6_Uniform,uniform,sub-38,0.0919,0.6864,0.6353,0.7272,4,"XGBoost (learning_rate=unknown, max_depth=unknown, n_estimators=unknown)","SVM (kernel=linear, C=0.1, gamma=auto)"
ANOVA_L_6_Uniform,uniform,sub-39,0.0919,0.6864,0.6353,0.7272,4,"XGBoost (learning_rate=unknown, max_depth=unknown, n_estimators=unknown)","SVM (kernel=linear, C=0.1, gamma=auto)"
ANOVA_L_6_Uniform,uniform,sub-40,0.1188,0.6700,0.6093,0.7282,8,"SVM (kernel=rbf, C=0.1, gamma=auto)","MLP (activation=tanh, alpha=0.1, hidden=[])"
ANOVA_L_6_Uniform,uniform,sub-19,0.1102,0.8407,0.7897,0.8999,4,"SVM (kernel=poly, C=0.1, gamma=auto)","MLP (activation=tanh, alpha=0.1, hidden=[])"
ANOVA_L_6_Uniform,uniform,sub-20,0.1102,0.8407,0.7897,0.8999,4,"SVM (kernel=poly, C=0.1, gamma=auto)","MLP (activation=tanh, alpha=0.1, hidden=[])"
ANOVA_L_6_Uniform,uniform,sub-21,0.1102,0.8407,0.7897,0.8999,4,"SVM (kernel=poly, C=0.1, gamma=auto)","MLP (activation=tanh, alpha=0.1, hidden=[])"
ANOVA_L_6_Uniform,uniform,sub-55,0.1102,0.8407,0.7897,0.8999,4,"SVM (kernel=poly, C=0.1, gamma=auto)","MLP (activation=tanh, alpha=0.1, hidden=[])"
ANOVA_L_6_Uniform,uniform,sub-56,0.1102,0.8407,0.7897,0.8999,4,"SVM (kernel=poly, C=0.1, gamma=auto)","MLP (activation=tanh, alpha=0.1, hidden=[])"
ANOVA_L_6_Uniform,uniform,sub-57,0.1102,0.8407,0.7897,0.8999,4,"SVM (kernel=poly, C=0.1, gamma=auto)","MLP (activation=tanh, alpha=0.1, hidden=[])"
ANOVA_L_6_Uniform,uniform,sub-16,0.1220,0.7614,0.6814,0.8033,4,"XGBoost (learning_rate=unknown, max_depth=unknown, n_estimators=unknown)","SVM (kernel=linear, C=0.1, gamma=auto)"
ANOVA_L_6_Uniform,uniform,sub-17,0.1220,0.7614,0.6814,0.8033,4,"XGBoost (learning_rate=unknown, max_depth=unknown, n_estimators=unknown)","SVM (kernel=linear, C=0.1, gamma=auto)"
ANOVA_L_6_Uniform,uniform,sub-18,0.1220,0.7614,0.6814,0.8033,4,"XGBoost (learning_rate=unknown, max_depth=unknown, n_estimators=unknown)","SVM (kernel=linear, C=0.1, gamma=auto)"
ANOVA_L_6_Uniform,uniform,sub-52,0.1220,0.7614,0.6814,0.8033,4,"XGBoost (learning_rate=unknown, max_depth=unknown, n_estimators=unknown)","SVM (kernel=linear, C=0.1, gamma=auto)"
ANOVA_L_6_Uniform,uniform,sub-53,0.1220,0.7614,0.6814,0.8033,4,"XGBoost (learning_rate=unknown, max_depth=unknown, n_estimators=unknown)","SVM (kernel=linear, C=0.1, gamma=auto)"
ANOVA_L_6_Uniform,uniform,sub-54,0.1220,0.7614,0.6814,0.8033,4,"XGBoost (learning_rate=unknown, max_depth=unknown, n_estimators=unknown)","SVM (kernel=linear, C=0.1, gamma=auto)"
ANOVA_L_6_Uniform,uniform,sub-22,0.1556,0.5236,0.4441,0.5997,4,"MLP (activation=tanh, alpha=0.1, hidden=[])","KNN (n_neighbors=unknown, metric=euclidean, weights=uniform)"
ANOVA_L_6_Uniform,uniform,sub-23,0.1556,0.5236,0.4441,0.5997,4,"MLP (activation=tanh, alpha=0.1, hidden=[])","KNN (n_neighbors=unknown, metric=euclidean, weights=uniform)"
ANOVA_L_6_Uniform,uniform,sub-24,0.1556,0.5236,0.4441,0.5997,4,"MLP (activation=tanh, alpha=0.1, hidden=[])","KNN (n_neighbors=unknown, metric=euclidean, weights=uniform)"
ANOVA_L_6_Uniform,uniform,sub-58,0.1556,0.5236,0.4441,0.5997,4,"MLP (activation=tanh, alpha=0.1, hidden=[])","KNN (n_neighbors=unknown, metric=euclidean, weights=uniform)"
ANOVA_L_6_Uniform,uniform,sub-59,0.1556,0.5236,0.4441,0.5997,4,"MLP (activation=tanh, alpha=0.1, hidden=[])","KNN (n_neighbors=unknown, metric=euclidean, weights=uniform)"
ANOVA_L_6_Uniform,uniform,sub-60,0.1556,0.5236,0.4441,0.5997,4,"MLP (activation=tanh, alpha=0.1, hidden=[])","KNN (n_neighbors=unknown, metric=euclidean, weights=uniform)"
ANOVA_L_6_Uniform,uniform,sub-34,0.1503,0.6645,0.5584,0.7087,4,"SVM (kernel=poly, C=0.1, gamma=auto)","XGBoost (learning_rate=unknown, max_depth=unknown, n_estimators=unknown)"
ANOVA_L_6_Uniform,uniform,sub-35,0.1503,0.6645,0.5584,0.7087,4,"SVM (kernel=poly, C=0.1, gamma=auto)","XGBoost (learning_rate=unknown, max_depth=unknown, n_estimators=unknown)"
ANOVA_L_6_Uniform,uniform,sub-36,0.1503,0.6645,0.5584,0.7087,4,"SVM (kernel=poly, C=0.1, gamma=auto)","XGBoost (learning_rate=unknown, max_depth=unknown, n_estimators=unknown)"
ANOVA_L_6_Uniform,uniform,sub-41,0.1698,0.6738,0.5584,0.7282,8,"SVM (kernel=poly, C=0.1, gamma=auto)","MLP (activation=tanh, alpha=0.1, hidden=[])"
ANOVA_L_6_Uniform,uniform,sub-42,0.1698,0.6738,0.5584,0.7282,8,"SVM (kernel=poly, C=0.1, gamma=auto)","MLP (activation=tanh, alpha=0.1, hidden=[])"
ANOVA_L_6_Uniform,uniform,sub-1,0.0308,0.7158,0.6964,0.7272,4,"KNN (n_neighbors=unknown, metric=euclidean, weights=uniform)","SVM (kernel=linear, C=0.1, gamma=auto)"
ANOVA_L_6_Uniform,uniform,sub-2,0.0308,0.7158,0.6964,0.7272,4,"KNN (n_neighbors=unknown, metric=euclidean, weights=uniform)","SVM (kernel=linear, C=0.1, gamma=auto)"
ANOVA_L_6_Uniform,uniform,sub-3,0.0308,0.7158,0.6964,0.7272,4,"KNN (n_neighbors=unknown, metric=euclidean, weights=uniform)","SVM (kernel=linear, C=0.1, gamma=auto)"
ANOVA_L_6_Uniform,uniform,sub-25,0.0868,0.6031,0.5634,0.6502,4,"SVM (kernel=rbf, C=0.1, gamma=auto)","KNN (n_neighbors=unknown, metric=euclidean, weights=uniform)"
ANOVA_L_6_Uniform,uniform,sub-26,0.0868,0.6031,0.5634,0.6502,4,"SVM (kernel=rbf, C=0.1, gamma=auto)","KNN (n_neighbors=unknown, metric=euclidean, weights=uniform)"
ANOVA_L_6_Uniform,uniform,sub-27,0.0868,0.6031,0.5634,0.6502,4,"SVM (kernel=rbf, C=0.1, gamma=auto)","KNN (n_neighbors=unknown, metric=euclidean, weights=uniform)"
ANOVA_L_6_Uniform,uniform,sub-61,0.0868,0.6031,0.5634,0.6502,4,"SVM (kernel=rbf, C=0.1, gamma=auto)","KNN (n_neighbors=unknown, metric=euclidean, weights=uniform)"
ANOVA_L_6_Uniform,uniform,sub-62,0.0868,0.6031,0.5634,0.6502,4,"SVM (kernel=rbf, C=0.1, gamma=auto)","KNN (n_neighbors=unknown, metric=euclidean, weights=uniform)"
ANOVA_L_6_Uniform,uniform,sub-63,0.0868,0.6031,0.5634,0.6502,4,"SVM (kernel=rbf, C=0.1, gamma=auto)","KNN (n_neighbors=unknown, metric=euclidean, weights=uniform)"
ANOVA_L_6_Uniform,uniform,sub-10,0.1303,0.6786,0.6164,0.7467,4,"KNN (n_neighbors=unknown, metric=euclidean, weights=uniform)","SVM (kernel=rbf, C=0.1, gamma=auto)"
ANOVA_L_6_Uniform,uniform,sub-11,0.1303,0.6786,0.6164,0.7467,4,"KNN (n_neighbors=unknown, metric=euclidean, weights=uniform)","SVM (kernel=rbf, C=0.1, gamma=auto)"
ANOVA_L_6_Uniform,uniform,sub-12,0.1303,0.6786,0.6164,0.7467,4,"KNN (n_neighbors=unknown, metric=euclidean, weights=uniform)","SVM (kernel=rbf, C=0.1, gamma=auto)"
ANOVA_L_6_Uniform,uniform,sub-46,0.1303,0.6786,0.6164,0.7467,4,"KNN (n_neighbors=unknown, metric=euclidean, weights=uniform)","SVM (kernel=rbf, C=0.1, gamma=auto)"
ANOVA_L_6_Uniform,uniform,sub-47,0.1303,0.6786,0.6164,0.7467,4,"KNN (n_neighbors=unknown, metric=euclidean, weights=uniform)","SVM (kernel=rbf, C=0.1, gamma=auto)"
ANOVA_L_6_Uniform,uniform,sub-48,0.1303,0.6786,0.6164,0.7467,4,"KNN (n_neighbors=unknown, metric=euclidean, weights=uniform)","SVM (kernel=rbf, C=0.1, gamma=auto)"
ANOVA_L_6_Uniform,uniform,sub-4,0.1188,0.6831,0.6093,0.7282,4,"SVM (kernel=rbf, C=0.1, gamma=auto)","MLP (activation=tanh, alpha=0.1, hidden=[])"
ANOVA_L_6_Uniform,uniform,sub-5,0.1188,0.6831,0.6093,0.7282,4,"SVM (kernel=rbf, C=0.1, gamma=auto)","MLP (activation=tanh, alpha=0.1, hidden=[])"
ANOVA_L_6_Uniform,uniform,sub-6,0.1188,0.6831,0.6093,0.7282,4,"SVM (kernel=rbf, C=0.1, gamma=auto)","MLP (activation=tanh, alpha=0.1, hidden=[])"
PCA_L_6_Uniform,uniform,sub-7,0.1392,0.5280,0.4785,0.6177,4,"SVM (kernel=linear, C=0.1, gamma=auto)","MLP (activation=tanh, alpha=0.1, hidden=[])"
PCA_L_6_Uniform,uniform,sub-8,0.1392,0.5280,0.4785,0.6177,4,"SVM (kernel=linear, C=0.1, gamma=auto)","MLP (activation=tanh, alpha=0.1, hidden=[])"
PCA_L_6_Uniform,uniform,sub-9,0.1392,0.5280,0.4785,0.6177,4,"SVM (kernel=linear, C=0.1, gamma=auto)","MLP (activation=tanh, alpha=0.1, hidden=[])"
PCA_L_6_Uniform,uniform,sub-43,0.1392,0.5339,0.4785,0.6177,7,"SVM (kernel=linear, C=0.1, gamma=auto)","MLP (activation=tanh, alpha=0.1, hidden=[])"
PCA_L_6_Uniform,uniform,sub-44,0.1392,0.5280,0.4785,0.6177,4,"SVM (kernel=linear, C=0.1, gamma=auto)","MLP (activation=tanh, alpha=0.1, hidden=[])"
PCA_L_6_Uniform,uniform,sub-45,0.1392,0.5280,0.4785,0.6177,4,"SVM (kernel=linear, C=0.1, gamma=auto)","MLP (activation=tanh, alpha=0.1, hidden=[])"
PCA_L_6_Uniform,uniform,sub-10,0.1637,0.5788,0.4876,0.6513,4,"KNN (n_neighbors=unknown, metric=euclidean, weights=uniform)","MLP (activation=tanh, alpha=0.1, hidden=[])"
PCA_L_6_Uniform,uniform,sub-11,0.1637,0.5788,0.4876,0.6513,4,"KNN (n_neighbors=unknown, metric=euclidean, weights=uniform)","MLP (activation=tanh, alpha=0.1, hidden=[])"
PCA_L_6_Uniform,uniform,sub-12,0.1637,0.5788,0.4876,0.6513,4,"KNN (n_neighbors=unknown, metric=euclidean, weights=uniform)","MLP (activation=tanh, alpha=0.1, hidden=[])"
PCA_L_6_Uniform,uniform,sub-46,0.1637,0.5788,0.4876,0.6513,4,"KNN (n_neighbors=unknown, metric=euclidean, weights=uniform)","MLP (activation=tanh, alpha=0.1, hidden=[])"
PCA_L_6_Uniform,uniform,sub-47,0.1637,0.5788,0.4876,0.6513,4,"KNN (n_neighbors=unknown, metric=euclidean, weights=uniform)","MLP (activation=tanh, alpha=0.1, hidden=[])"
PCA_L_6_Uniform,uniform,sub-48,0.1637,0.5788,0.4876,0.6513,4,"KNN (n_neighbors=unknown, metric=euclidean, weights=uniform)","MLP (activation=tanh, alpha=0.1, hidden=[])"
PCA_L_6_Uniform,uniform,sub-13,0.1297,0.5646,0.4897,0.6194,4,"KNN (n_neighbors=unknown, metric=euclidean, weights=uniform)","MLP (activation=tanh, alpha=0.1, hidden=[])"
PCA_L_6_Uniform,uniform,sub-14,0.1297,0.5646,0.4897,0.6194,4,"KNN (n_neighbors=unknown, metric=euclidean, weights=uniform)","MLP (activation=tanh, alpha=0.1, hidden=[])"
PCA_L_6_Uniform,uniform,sub-15,0.1297,0.5646,0.4897,0.6194,4,"KNN (n_neighbors=unknown, metric=euclidean, weights=uniform)","MLP (activation=tanh, alpha=0.1, hidden=[])"
PCA_L_6_Uniform,uniform,sub-49,0.1297,0.5646,0.4897,0.6194,4,"KNN (n_neighbors=unknown, metric=euclidean, weights=uniform)","MLP (activation=tanh, alpha=0.1, hidden=[])"
PCA_L_6_Uniform,uniform,sub-50,0.1297,0.5646,0.4897,0.6194,4,"KNN (n_neighbors=unknown, metric=euclidean, weights=uniform)","MLP (activation=tanh, alpha=0.1, hidden=[])"
PCA_L_6_Uniform,uniform,sub-51,0.1297,0.5646,0.4897,0.6194,4,"KNN (n_neighbors=unknown, metric=euclidean, weights=uniform)","MLP (activation=tanh, alpha=0.1, hidden=[])"
PCA_L_6_Uniform,uniform,sub-4,0.1369,0.5123,0.4526,0.5896,4,"SVM (kernel=linear, C=0.1, gamma=auto)","XGBoost (learning_rate=unknown, max_depth=unknown, n_estimators=unknown)"
PCA_L_6_Uniform,uniform,sub-5,0.1369,0.5123,0.4526,0.5896,4,"SVM (kernel=linear, C=0.1, gamma=auto)","XGBoost (learning_rate=unknown, max_depth=unknown, n_estimators=unknown)"
PCA_L_6_Uniform,uniform,sub-6,0.1369,0.5123,0.4526,0.5896,4,"SVM (kernel=linear, C=0.1, gamma=auto)","XGBoost (learning_rate=unknown, max_depth=unknown, n_estimators=unknown)"
PCA_L_6_Uniform,uniform,sub-40,0.2106,0.5405,0.4526,0.6632,7,"SVM (kernel=linear, C=0.1, gamma=auto)","MLP (activation=tanh, alpha=0.1, hidden=[])"
PCA_L_6_Uniform,uniform,sub-41,0.1369,0.5268,0.4526,0.5896,7,"SVM (kernel=linear, C=0.1, gamma=auto)","XGBoost (learning_rate=unknown, max_depth=unknown, n_estimators=unknown)"
PCA_L_6_Uniform,uniform,sub-42,0.1369,0.5268,0.4526,0.5896,7,"SVM (kernel=linear, C=0.1, gamma=auto)","XGBoost (learning_rate=unknown, max_depth=unknown, n_estimators=unknown)"
PCA_L_6_Uniform,uniform,sub-31,0.1588,0.5559,0.5044,0.6632,4,"KNN (n_neighbors=unknown, metric=euclidean, weights=uniform)","MLP (activation=tanh, alpha=0.1, hidden=[])"
PCA_L_6_Uniform,uniform,sub-32,0.1588,0.5559,0.5044,0.6632,4,"KNN (n_neighbors=unknown, metric=euclidean, weights=uniform)","MLP (activation=tanh, alpha=0.1, hidden=[])"
PCA_L_6_Uniform,uniform,sub-33,0.1588,0.5559,0.5044,0.6632,4,"KNN (n_neighbors=unknown, metric=euclidean, weights=uniform)","MLP (activation=tanh, alpha=0.1, hidden=[])"
PCA_L_6_Uniform,uniform,sub-38,0.2344,0.5260,0.4288,0.6632,4,"SVM (kernel=linear, C=0.1, gamma=auto)","MLP (activation=tanh, alpha=0.1, hidden=[])"
PCA_L_6_Uniform,uniform,sub-39,0.2344,0.5260,0.4288,0.6632,4,"SVM (kernel=linear, C=0.1, gamma=auto)","MLP (activation=tanh, alpha=0.1, hidden=[])"
PCA_L_6_Uniform,uniform,sub-19,0.2305,0.5820,0.4566,0.6871,4,"KNN (n_neighbors=unknown, metric=euclidean, weights=uniform)","SVM (kernel=rbf, C=0.1, gamma=auto)"
PCA_L_6_Uniform,uniform,sub-20,0.2305,0.5820,0.4566,0.6871,4,"KNN (n_neighbors=unknown, metric=euclidean, weights=uniform)","SVM (kernel=rbf, C=0.1, gamma=auto)"
PCA_L_6_Uniform,uniform,sub-21,0.2305,0.5820,0.4566,0.6871,4,"KNN (n_neighbors=unknown, metric=euclidean, weights=uniform)","SVM (kernel=rbf, C=0.1, gamma=auto)"
PCA_L_6_Uniform,uniform,sub-55,0.2305,0.5820,0.4566,0.6871,4,"KNN (n_neighbors=unknown, metric=euclidean, weights=uniform)","SVM (kernel=rbf, C=0.1, gamma=auto)"
PCA_L_6_Uniform,uniform,sub-56,0.2305,0.5820,0.4566,0.6871,4,"KNN (n_neighbors=unknown, metric=euclidean, weights=uniform)","SVM (kernel=rbf, C=0.1, gamma=auto)"
PCA_L_6_Uniform,uniform,sub-57,0.2305,0.5820,0.4566,0.6871,4,"KNN (n_neighbors=unknown, metric=euclidean, weights=uniform)","SVM (kernel=rbf, C=0.1, gamma=auto)"
PCA_L_6_Uniform,uniform,sub-16,0.0516,0.5258,0.4941,0.5457,4,"KNN (n_neighbors=unknown, metric=euclidean, weights=uniform)","MLP (activation=tanh, alpha=0.1, hidden=[])"
PCA_L_6_Uniform,uniform,sub-17,0.0516,0.5258,0.4941,0.5457,4,"KNN (n_neighbors=unknown, metric=euclidean, weights=uniform)","MLP (activation=tanh, alpha=0.1, hidden=[])"
PCA_L_6_Uniform,uniform,sub-18,0.0516,0.5258,0.4941,0.5457,4,"KNN (n_neighbors=unknown, metric=euclidean, weights=uniform)","MLP (activation=tanh, alpha=0.1, hidden=[])"
PCA_L_6_Uniform,uniform,sub-52,0.0516,0.5258,0.4941,0.5457,4,"KNN (n_neighbors=unknown, metric=euclidean, weights=uniform)","MLP (activation=tanh, alpha=0.1, hidden=[])"
PCA_L_6_Uniform,uniform,sub-53,0.0516,0.5258,0.4941,0.5457,4,"KNN (n_neighbors=unknown, metric=euclidean, weights=uniform)","MLP (activation=tanh, alpha=0.1, hidden=[])"
PCA_L_6_Uniform,uniform,sub-54,0.0516,0.5258,0.4941,0.5457,4,"KNN (n_neighbors=unknown, metric=euclidean, weights=uniform)","MLP (activation=tanh, alpha=0.1, hidden=[])"
PCA_L_6_Uniform,uniform,sub-22,0.0113,0.4984,0.4914,0.5027,4,"KNN (n_neighbors=unknown, metric=euclidean, weights=uniform)","SVM (kernel=linear, C=0.1, gamma=auto)"
PCA_L_6_Uniform,uniform,sub-23,0.0113,0.4984,0.4914,0.5027,4,"KNN (n_neighbors=unknown, metric=euclidean, weights=uniform)","SVM (kernel=linear, C=0.1, gamma=auto)"
PCA_L_6_Uniform,uniform,sub-24,0.0113,0.4984,0.4914,0.5027,4,"KNN (n_neighbors=unknown, metric=euclidean, weights=uniform)","SVM (kernel=linear, C=0.1, gamma=auto)"
PCA_L_6_Uniform,uniform,sub-58,0.0113,0.4984,0.4914,0.5027,4,"KNN (n_neighbors=unknown, metric=euclidean, weights=uniform)","SVM (kernel=linear, C=0.1, gamma=auto)"
PCA_L_6_Uniform,uniform,sub-59,0.0113,0.4984,0.4914,0.5027,4,"KNN (n_neighbors=unknown, metric=euclidean, weights=uniform)","SVM (kernel=linear, C=0.1, gamma=auto)"
PCA_L_6_Uniform,uniform,sub-60,0.0113,0.4984,0.4914,0.5027,4,"KNN (n_neighbors=unknown, metric=euclidean, weights=uniform)","SVM (kernel=linear, C=0.1, gamma=auto)"
PCA_L_6_Uniform,uniform,sub-34,0.0603,0.5293,0.5014,0.5617,4,"XGBoost (learning_rate=unknown, max_depth=unknown, n_estimators=unknown)","MLP (activation=tanh, alpha=0.1, hidden=[])"
PCA_L_6_Uniform,uniform,sub-35,0.0603,0.5293,0.5014,0.5617,4,"XGBoost (learning_rate=unknown, max_depth=unknown, n_estimators=unknown)","MLP (activation=tanh, alpha=0.1, hidden=[])"
PCA_L_6_Uniform,uniform,sub-36,0.0603,0.5293,0.5014,0.5617,4,"XGBoost (learning_rate=unknown, max_depth=unknown, n_estimators=unknown)","MLP (activation=tanh, alpha=0.1, hidden=[])"
PCA_L_6_Uniform,uniform,sub-1,0.1468,0.4962,0.4288,0.5756,4,"SVM (kernel=linear, C=0.1, gamma=auto)","KNN (n_neighbors=unknown, metric=euclidean, weights=uniform)"
PCA_L_6_Uniform,uniform,sub-2,0.1468,0.4962,0.4288,0.5756,4,"SVM (kernel=linear, C=0.1, gamma=auto)","KNN (n_neighbors=unknown, metric=euclidean, weights=uniform)"
PCA_L_6_Uniform,uniform,sub-3,0.1468,0.4962,0.4288,0.5756,4,"SVM (kernel=linear, C=0.1, gamma=auto)","KNN (n_neighbors=unknown, metric=euclidean, weights=uniform)"
PCA_L_6_Uniform,uniform,sub-37,0.2419,0.5463,0.4288,0.6707,8,"SVM (kernel=linear, C=0.1, gamma=auto)","XGBoost (learning_rate=unknown, max_depth=unknown, n_estimators=unknown)"
PCA_L_6_Uniform,uniform,sub-25,0.0911,0.4829,0.4529,0.5441,4,"SVM (kernel=poly, C=0.1, gamma=auto)","KNN (n_neighbors=unknown, metric=euclidean, weights=uniform)"
PCA_L_6_Uniform,uniform,sub-26,0.0911,0.4829,0.4529,0.5441,4,"SVM (kernel=poly, C=0.1, gamma=auto)","KNN (n_neighbors=unknown, metric=euclidean, weights=uniform)"
PCA_L_6_Uniform,uniform,sub-27,0.0911,0.4829,0.4529,0.5441,4,"SVM (kernel=poly, C=0.1, gamma=auto)","KNN (n_neighbors=unknown, metric=euclidean, weights=uniform)"
PCA_L_6_Uniform,uniform,sub-61,0.0911,0.4829,0.4529,0.5441,4,"SVM (kernel=poly, C=0.1, gamma=auto)","KNN (n_neighbors=unknown, metric=euclidean, weights=uniform)"
PCA_L_6_Uniform,uniform,sub-62,0.0911,0.4829,0.4529,0.5441,4,"SVM (kernel=poly, C=0.1, gamma=auto)","KNN (n_neighbors=unknown, metric=euclidean, weights=uniform)"
PCA_L_6_Uniform,uniform,sub-63,0.0911,0.4829,0.4529,0.5441,4,"SVM (kernel=poly, C=0.1, gamma=auto)","KNN (n_neighbors=unknown, metric=euclidean, weights=uniform)"
PCA_L_6_Uniform,uniform,sub-28,0.2012,0.5965,0.4694,0.6707,4,"MLP (activation=tanh, alpha=0.1, hidden=[])","XGBoost (learning_rate=unknown, max_depth=unknown, n_estimators=unknown)"
PCA_L_6_Uniform,uniform,sub-29,0.2012,0.5965,0.4694,0.6707,4,"MLP (activation=tanh, alpha=0.1, hidden=[])","XGBoost (learning_rate=unknown, max_depth=unknown, n_estimators=unknown)"
PCA_L_6_Uniform,uniform,sub-30,0.2012,0.5965,0.4694,0.6707,4,"MLP (activation=tanh, alpha=0.1, hidden=[])","XGBoost (learning_rate=unknown, max_depth=unknown, n_estimators=unknown)"
PCA_L_6_Uniform,uniform,sub-64,0.2012,0.5965,0.4694,0.6707,4,"MLP (activation=tanh, alpha=0.1, hidden=[])","XGBoost (learning_rate=unknown, max_depth=unknown, n_estimators=unknown)"
PCA_L_6_Uniform,uniform,sub-65,0.2012,0.5965,0.4694,0.6707,4,"MLP (activation=tanh, alpha=0.1, hidden=[])","XGBoost (learning_rate=unknown, max_depth=unknown, n_estimators=unknown)"
