experiment,subject_id,model,median_accuracy,mean_accuracy,n_folds
ANOVA_L_2_Random,sub-1,KNN,0.8198,0.8198,2
ANOVA_L_2_Random,sub-1,MLP_(Neural_Network),0.8276,0.8276,2
ANOVA_L_2_Random,sub-1,SVM,1.0,1.0,2
ANOVA_L_2_Random,sub-1,XGBoost,0.906,0.906,2
ANOVA_L_2_Random,sub-2,KNN,0.5058,0.5058,2
ANOVA_L_2_Random,sub-2,MLP_(Neural_Network),0.4637,0.4637,2
ANOVA_L_2_Random,sub-2,SVM,0.7112,0.7112,2
ANOVA_L_2_Random,sub-2,XGBoost,0.5525,0.5525,2
ANOVA_L_2_Random,sub-3,KNN,0.5837,0.5837,2
ANOVA_L_2_Random,sub-3,MLP_(Neural_Network),0.9458,0.9458,2
ANOVA_L_2_Random,sub-3,SVM,0.7685,0.7685,2
ANOVA_L_2_Random,sub-3,XGBoost,0.9138,0.9138,2
ANOVA_L_2_Random,sub-4,KNN,0.7638,0.7638,1
ANOVA_L_2_Random,sub-4,MLP_(Neural_Network),0.9647,0.9647,1
ANOVA_L_2_Random,sub-4,SVM,0.9978,0.9978,1
ANOVA_L_2_Random,sub-4,XGBoost,0.9227,0.9227,1
ANOVA_L_2_Random,sub-5,KNN,0.7957,0.7957,2
ANOVA_L_2_Random,sub-5,MLP_(Neural_Network),0.8279,0.8279,2
ANOVA_L_2_Random,sub-5,SVM,0.9925,0.9925,2
ANOVA_L_2_Random,sub-5,XGBoost,0.6581,0.6581,2
ANOVA_L_2_Random,sub-6,KNN,0.266,0.266,2
ANOVA_L_2_Random,sub-6,MLP_(Neural_Network),0.4291,0.4291,2
ANOVA_L_2_Random,sub-6,SVM,0.474,0.474,2
ANOVA_L_2_Random,sub-6,XGBoost,0.3156,0.3156,2
ANOVA_L_2_Random,sub-7,KNN,0.8189,0.794,3
ANOVA_L_2_Random,sub-7,MLP_(Neural_Network),0.8898,0.8924,3
ANOVA_L_2_Random,sub-7,SVM,0.998,0.9941,3
ANOVA_L_2_Random,sub-7,XGBoost,0.9606,0.9521,3
ANOVA_L_2_Random,sub-8,KNN,0.9233,0.9233,2
ANOVA_L_2_Random,sub-8,MLP_(Neural_Network),0.9921,0.9921,2
ANOVA_L_2_Random,sub-8,SVM,0.9899,0.9899,2
ANOVA_L_2_Random,sub-8,XGBoost,0.9888,0.9888,2
ANOVA_L_2_Random,sub-11,KNN,0.6262,0.6262,2
ANOVA_L_2_Random,sub-11,MLP_(Neural_Network),0.8908,0.8908,2
ANOVA_L_2_Random,sub-11,SVM,0.8908,0.8908,2
ANOVA_L_2_Random,sub-11,XGBoost,0.8968,0.8968,2
ANOVA_L_2_Random,sub-13,KNN,0.778,0.778,1
ANOVA_L_2_Random,sub-13,MLP_(Neural_Network),0.6583,0.6583,1
ANOVA_L_2_Random,sub-13,SVM,0.8649,0.8649,1
ANOVA_L_2_Random,sub-13,XGBoost,0.5946,0.5946,1
ANOVA_L_2_Random,sub-14,KNN,0.8505,0.8181,3
ANOVA_L_2_Random,sub-14,MLP_(Neural_Network),0.9178,0.9016,3
ANOVA_L_2_Random,sub-14,SVM,0.9925,0.9863,3
ANOVA_L_2_Random,sub-14,XGBoost,0.7458,0.7458,3
ANOVA_L_2_Random,sub-15,KNN,0.5938,0.5984,4
ANOVA_L_2_Random,sub-15,MLP_(Neural_Network),0.8049,0.8116,4
ANOVA_L_2_Random,sub-15,SVM,0.7348,0.7344,4
ANOVA_L_2_Random,sub-15,XGBoost,0.7964,0.7961,4
ANOVA_L_2_Random,sub-16,KNN,0.8089,0.8089,1
ANOVA_L_2_Random,sub-16,MLP_(Neural_Network),0.8328,0.8328,1
ANOVA_L_2_Random,sub-16,SVM,1.0,1.0,1
ANOVA_L_2_Random,sub-16,XGBoost,0.9283,0.9283,1
ANOVA_L_2_Random,sub-17,KNN,0.8352,0.8352,1
ANOVA_L_2_Random,sub-17,MLP_(Neural_Network),0.8645,0.8645,1
ANOVA_L_2_Random,sub-17,SVM,0.9963,0.9963,1
ANOVA_L_2_Random,sub-17,XGBoost,0.9084,0.9084,1
ANOVA_L_2_Random,sub-18,KNN,0.8151,0.8157,6
ANOVA_L_2_Random,sub-18,MLP_(Neural_Network),0.8816,0.8968,6
ANOVA_L_2_Random,sub-18,SVM,0.965,0.9692,6
ANOVA_L_2_Random,sub-18,XGBoost,0.9139,0.9165,6
ANOVA_L_2_Random,sub-19,KNN,0.6442,0.6442,2
ANOVA_L_2_Random,sub-19,MLP_(Neural_Network),0.93,0.93,2
ANOVA_L_2_Random,sub-19,SVM,0.9533,0.9533,2
ANOVA_L_2_Random,sub-19,XGBoost,0.7683,0.7683,2
ANOVA_L_2_Random,sub-21,KNN,0.75,0.75,1
ANOVA_L_2_Random,sub-21,MLP_(Neural_Network),0.926,0.926,1
ANOVA_L_2_Random,sub-21,SVM,0.9984,0.9984,1
ANOVA_L_2_Random,sub-21,XGBoost,0.9901,0.9901,1
ANOVA_L_2_Random,sub-22,KNN,0.7125,0.7125,1
ANOVA_L_2_Random,sub-22,MLP_(Neural_Network),0.7207,0.7207,1
ANOVA_L_2_Random,sub-22,SVM,0.883,0.883,1
ANOVA_L_2_Random,sub-22,XGBoost,0.6735,0.6735,1
ANOVA_L_2_Random,sub-23,KNN,0.5734,0.5734,1
ANOVA_L_2_Random,sub-23,MLP_(Neural_Network),0.683,0.683,1
ANOVA_L_2_Random,sub-23,SVM,0.9648,0.9648,1
ANOVA_L_2_Random,sub-23,XGBoost,0.5812,0.5812,1
ANOVA_L_2_Random,sub-24,KNN,0.9228,0.9063,3
ANOVA_L_2_Random,sub-24,MLP_(Neural_Network),0.9228,0.9353,3
ANOVA_L_2_Random,sub-24,SVM,1.0,0.996,3
ANOVA_L_2_Random,sub-24,XGBoost,0.8931,0.903,3
ANOVA_L_2_Random,sub-28,KNN,0.8662,0.8662,2
ANOVA_L_2_Random,sub-28,MLP_(Neural_Network),0.827,0.827,2
ANOVA_L_2_Random,sub-28,SVM,0.9933,0.9933,2
ANOVA_L_2_Random,sub-28,XGBoost,0.5726,0.5726,2
ANOVA_L_2_Random,sub-30,KNN,0.8826,0.8826,2
ANOVA_L_2_Random,sub-30,MLP_(Neural_Network),0.7409,0.7409,2
ANOVA_L_2_Random,sub-30,SVM,0.8399,0.8399,2
ANOVA_L_2_Random,sub-30,XGBoost,0.9848,0.9848,2
ANOVA_L_2_Random,sub-33,KNN,0.6234,0.6234,1
ANOVA_L_2_Random,sub-33,MLP_(Neural_Network),0.9277,0.9277,1
ANOVA_L_2_Random,sub-33,SVM,0.9787,0.9787,1
ANOVA_L_2_Random,sub-33,XGBoost,0.6128,0.6128,1
ANOVA_L_2_Random,sub-35,KNN,0.836,0.836,2
ANOVA_L_2_Random,sub-35,MLP_(Neural_Network),0.8088,0.8088,2
ANOVA_L_2_Random,sub-35,SVM,0.9849,0.9849,2
ANOVA_L_2_Random,sub-35,XGBoost,0.8018,0.8018,2
ANOVA_L_2_Random,sub-36,KNN,0.3477,0.3477,1
ANOVA_L_2_Random,sub-36,MLP_(Neural_Network),0.7189,0.7189,1
ANOVA_L_2_Random,sub-36,SVM,0.5117,0.5117,1
ANOVA_L_2_Random,sub-36,XGBoost,0.4901,0.4901,1
ANOVA_L_2_Random,sub-37,KNN,0.6387,0.6387,1
ANOVA_L_2_Random,sub-37,MLP_(Neural_Network),0.7585,0.7585,1
ANOVA_L_2_Random,sub-37,SVM,0.5589,0.5589,1
ANOVA_L_2_Random,sub-37,XGBoost,0.6747,0.6747,1
ANOVA_L_2_Random,sub-38,KNN,0.6715,0.6715,2
ANOVA_L_2_Random,sub-38,MLP_(Neural_Network),0.7581,0.7581,2
ANOVA_L_2_Random,sub-38,SVM,0.2509,0.2509,2
ANOVA_L_2_Random,sub-38,XGBoost,0.5938,0.5938,2
ANOVA_L_2_Random,sub-39,KNN,0.738,0.738,3
ANOVA_L_2_Random,sub-39,MLP_(Neural_Network),0.7237,0.7059,3
ANOVA_L_2_Random,sub-39,SVM,0.7326,0.7374,3
ANOVA_L_2_Random,sub-39,XGBoost,0.6364,0.6393,3
ANOVA_L_2_Random,sub-40,KNN,0.7638,0.7638,1
ANOVA_L_2_Random,sub-40,MLP_(Neural_Network),0.8012,0.8012,1
ANOVA_L_2_Random,sub-40,SVM,0.6909,0.6909,1
ANOVA_L_2_Random,sub-40,XGBoost,0.7579,0.7579,1
ANOVA_L_2_Random,sub-41,KNN,0.7665,0.7665,2
ANOVA_L_2_Random,sub-41,MLP_(Neural_Network),0.5234,0.5234,2
ANOVA_L_2_Random,sub-41,SVM,0.4879,0.4879,2
ANOVA_L_2_Random,sub-41,XGBoost,0.5347,0.5347,2
ANOVA_L_2_Random,sub-42,KNN,0.799,0.799,2
ANOVA_L_2_Random,sub-42,MLP_(Neural_Network),0.8755,0.8755,2
ANOVA_L_2_Random,sub-42,SVM,0.7144,0.7144,2
ANOVA_L_2_Random,sub-42,XGBoost,0.8301,0.8301,2
ANOVA_L_2_Random,sub-44,KNN,0.7132,0.7029,4
ANOVA_L_2_Random,sub-44,MLP_(Neural_Network),0.6199,0.6194,4
ANOVA_L_2_Random,sub-44,SVM,0.5556,0.5599,4
ANOVA_L_2_Random,sub-44,XGBoost,0.4872,0.4859,4
ANOVA_L_2_Random,sub-47,KNN,0.7137,0.7137,1
ANOVA_L_2_Random,sub-47,MLP_(Neural_Network),0.6902,0.6902,1
ANOVA_L_2_Random,sub-47,SVM,0.749,0.749,1
ANOVA_L_2_Random,sub-47,XGBoost,0.8745,0.8745,1
ANOVA_L_2_Random,sub-48,KNN,0.7174,0.7174,2
ANOVA_L_2_Random,sub-48,MLP_(Neural_Network),0.7382,0.7382,2
ANOVA_L_2_Random,sub-48,SVM,0.6493,0.6493,2
ANOVA_L_2_Random,sub-48,XGBoost,0.7609,0.7609,2
ANOVA_L_2_Random,sub-49,KNN,0.7852,0.7615,4
ANOVA_L_2_Random,sub-49,MLP_(Neural_Network),0.9711,0.9485,4
ANOVA_L_2_Random,sub-49,SVM,0.8458,0.8444,4
ANOVA_L_2_Random,sub-49,XGBoost,0.9325,0.9253,4
ANOVA_L_2_Random,sub-50,KNN,0.3674,0.3674,1
ANOVA_L_2_Random,sub-50,MLP_(Neural_Network),0.2025,0.2025,1
ANOVA_L_2_Random,sub-50,SVM,0.0814,0.0814,1
ANOVA_L_2_Random,sub-50,XGBoost,0.2484,0.2484,1
ANOVA_L_2_Random,sub-51,KNN,0.6157,0.6157,2
ANOVA_L_2_Random,sub-51,MLP_(Neural_Network),0.4814,0.4814,2
ANOVA_L_2_Random,sub-51,SVM,0.2388,0.2388,2
ANOVA_L_2_Random,sub-51,XGBoost,0.4926,0.4926,2
ANOVA_L_2_Random,sub-54,KNN,0.8358,0.8302,4
ANOVA_L_2_Random,sub-54,MLP_(Neural_Network),0.7934,0.7566,4
ANOVA_L_2_Random,sub-54,SVM,0.6368,0.6651,4
ANOVA_L_2_Random,sub-54,XGBoost,0.7227,0.7236,4
ANOVA_L_2_Random,sub-55,KNN,0.9051,0.9051,1
ANOVA_L_2_Random,sub-55,MLP_(Neural_Network),0.888,0.888,1
ANOVA_L_2_Random,sub-55,SVM,0.4915,0.4915,1
ANOVA_L_2_Random,sub-55,XGBoost,0.9583,0.9583,1
ANOVA_L_2_Random,sub-56,KNN,0.7257,0.7306,3
ANOVA_L_2_Random,sub-56,MLP_(Neural_Network),0.826,0.8181,3
ANOVA_L_2_Random,sub-56,SVM,0.6136,0.6146,3
ANOVA_L_2_Random,sub-56,XGBoost,0.9292,0.9223,3
ANOVA_L_2_Random,sub-57,KNN,0.8279,0.8279,1
ANOVA_L_2_Random,sub-57,MLP_(Neural_Network),0.7572,0.7572,1
ANOVA_L_2_Random,sub-57,SVM,0.5067,0.5067,1
ANOVA_L_2_Random,sub-57,XGBoost,0.7208,0.7208,1
ANOVA_L_2_Random,sub-58,KNN,0.7712,0.7712,2
ANOVA_L_2_Random,sub-58,MLP_(Neural_Network),0.5907,0.5907,2
ANOVA_L_2_Random,sub-58,SVM,0.496,0.496,2
ANOVA_L_2_Random,sub-58,XGBoost,0.9013,0.9013,2
ANOVA_L_2_Random,sub-59,KNN,0.2819,0.2946,3
ANOVA_L_2_Random,sub-59,MLP_(Neural_Network),0.0495,0.12,3
ANOVA_L_2_Random,sub-59,SVM,0.0057,0.0171,3
ANOVA_L_2_Random,sub-59,XGBoost,0.0457,0.0425,3
ANOVA_L_2_Random,sub-60,KNN,0.5856,0.5856,1
ANOVA_L_2_Random,sub-60,MLP_(Neural_Network),0.1564,0.1564,1
ANOVA_L_2_Random,sub-60,SVM,0.0085,0.0085,1
ANOVA_L_2_Random,sub-60,XGBoost,0.5412,0.5412,1
ANOVA_L_2_Random,sub-61,KNN,0.3725,0.3732,3
ANOVA_L_2_Random,sub-61,MLP_(Neural_Network),0.2098,0.2183,3
ANOVA_L_2_Random,sub-61,SVM,0.1922,0.2007,3
ANOVA_L_2_Random,sub-61,XGBoost,0.3373,0.3346,3
ANOVA_L_2_Random,sub-62,KNN,0.775,0.8133,3
ANOVA_L_2_Random,sub-62,MLP_(Neural_Network),0.8088,0.8291,3
ANOVA_L_2_Random,sub-62,SVM,0.802,0.8099,3
ANOVA_L_2_Random,sub-62,XGBoost,0.8782,0.881,3
ANOVA_L_2_Random,sub-63,KNN,0.5846,0.5846,2
ANOVA_L_2_Random,sub-63,MLP_(Neural_Network),0.421,0.421,2
ANOVA_L_2_Random,sub-63,SVM,0.1468,0.1468,2
ANOVA_L_2_Random,sub-63,XGBoost,0.4591,0.4591,2
ANOVA_L_2_Random,sub-64,KNN,0.9617,0.9617,1
ANOVA_L_2_Random,sub-64,MLP_(Neural_Network),0.9562,0.9562,1
ANOVA_L_2_Random,sub-64,SVM,0.938,0.938,1
ANOVA_L_2_Random,sub-64,XGBoost,0.9051,0.9051,1
ANOVA_L_2_Random,sub-65,KNN,0.5539,0.5539,1
ANOVA_L_2_Random,sub-65,MLP_(Neural_Network),0.5795,0.5795,1
ANOVA_L_2_Random,sub-65,SVM,0.075,0.075,1
ANOVA_L_2_Random,sub-65,XGBoost,0.6069,0.6069,1
ANOVA_L_6_Random,sub-1,KNN,0.8067,0.8067,2
ANOVA_L_6_Random,sub-1,MLP_(Neural_Network),0.9178,0.9178,2
ANOVA_L_6_Random,sub-1,SVM,0.9921,0.9921,2
ANOVA_L_6_Random,sub-1,XGBoost,0.8368,0.8368,2
ANOVA_L_6_Random,sub-2,KNN,0.5143,0.5094,5
ANOVA_L_6_Random,sub-2,MLP_(Neural_Network),0.608,0.5885,5
ANOVA_L_6_Random,sub-2,SVM,0.7113,0.7132,5
ANOVA_L_6_Random,sub-2,XGBoost,0.457,0.4864,5
ANOVA_L_6_Random,sub-3,KNN,0.5689,0.5689,2
ANOVA_L_6_Random,sub-3,MLP_(Neural_Network),0.803,0.803,2
ANOVA_L_6_Random,sub-3,SVM,0.7635,0.7635,2
ANOVA_L_6_Random,sub-3,XGBoost,0.8153,0.8153,2
ANOVA_L_6_Random,sub-4,KNN,0.83,0.8278,5
ANOVA_L_6_Random,sub-4,MLP_(Neural_Network),0.979,0.9801,4
ANOVA_L_6_Random,sub-4,SVM,1.0,0.9956,5
ANOVA_L_6_Random,sub-4,XGBoost,0.9735,0.9501,5
ANOVA_L_6_Random,sub-5,KNN,0.7591,0.7493,7
ANOVA_L_6_Random,sub-5,MLP_(Neural_Network),0.8377,0.7366,6
ANOVA_L_6_Random,sub-5,SVM,0.9914,0.9843,7
ANOVA_L_6_Random,sub-5,XGBoost,0.6731,0.647,7
ANOVA_L_6_Random,sub-6,KNN,0.2742,0.2925,7
ANOVA_L_6_Random,sub-6,MLP_(Neural_Network),0.2931,0.2704,5
ANOVA_L_6_Random,sub-6,SVM,0.4681,0.4698,7
ANOVA_L_6_Random,sub-6,XGBoost,0.3073,0.2986,7
ANOVA_L_6_Random,sub-7,KNN,0.7834,0.7884,4
ANOVA_L_6_Random,sub-7,MLP_(Neural_Network),0.9606,0.9685,3
ANOVA_L_6_Random,sub-7,SVM,0.998,0.998,4
ANOVA_L_6_Random,sub-7,XGBoost,0.9527,0.9582,4
ANOVA_L_6_Random,sub-8,KNN,0.833,0.8584,7
ANOVA_L_6_Random,sub-8,MLP_(Neural_Network),0.9797,0.9793,6
ANOVA_L_6_Random,sub-8,SVM,0.9932,0.9919,7
ANOVA_L_6_Random,sub-8,XGBoost,0.9639,0.9665,7
ANOVA_L_6_Random,sub-9,KNN,0.564,0.564,2
ANOVA_L_6_Random,sub-9,MLP_(Neural_Network),0.9729,0.9729,1
ANOVA_L_6_Random,sub-9,SVM,0.888,0.888,2
ANOVA_L_6_Random,sub-9,XGBoost,0.8609,0.8609,2
ANOVA_L_6_Random,sub-10,KNN,0.3028,0.3028,2
ANOVA_L_6_Random,sub-10,MLP_(Neural_Network),0.5117,0.5117,2
ANOVA_L_6_Random,sub-10,SVM,0.7333,0.7333,2
ANOVA_L_6_Random,sub-10,XGBoost,0.4172,0.4172,2
ANOVA_L_6_Random,sub-11,KNN,0.625,0.6161,6
ANOVA_L_6_Random,sub-11,MLP_(Neural_Network),0.9769,0.9749,6
ANOVA_L_6_Random,sub-11,SVM,0.9078,0.909,6
ANOVA_L_6_Random,sub-11,XGBoost,0.8932,0.8904,6
ANOVA_L_6_Random,sub-12,KNN,0.6038,0.6038,2
ANOVA_L_6_Random,sub-12,MLP_(Neural_Network),0.6774,0.6774,1
ANOVA_L_6_Random,sub-12,SVM,0.9294,0.9294,2
ANOVA_L_6_Random,sub-12,XGBoost,0.6724,0.6724,2
ANOVA_L_6_Random,sub-13,KNN,0.7722,0.7556,5
ANOVA_L_6_Random,sub-13,MLP_(Neural_Network),0.7297,0.749,5
ANOVA_L_6_Random,sub-13,SVM,0.9961,0.949,5
ANOVA_L_6_Random,sub-13,XGBoost,0.6236,0.6093,5
ANOVA_L_6_Random,sub-14,KNN,0.843,0.8378,5
ANOVA_L_6_Random,sub-14,MLP_(Neural_Network),0.957,0.9589,4
ANOVA_L_6_Random,sub-14,SVM,0.985,0.9843,5
ANOVA_L_6_Random,sub-14,XGBoost,0.886,0.8923,5
ANOVA_L_6_Random,sub-15,KNN,0.6064,0.603,7
ANOVA_L_6_Random,sub-15,MLP_(Neural_Network),0.6512,0.6968,6
ANOVA_L_6_Random,sub-15,SVM,0.7416,0.7408,7
ANOVA_L_6_Random,sub-15,XGBoost,0.8463,0.8277,7
ANOVA_L_6_Random,sub-16,KNN,0.8055,0.822,3
ANOVA_L_6_Random,sub-16,MLP_(Neural_Network),0.9795,0.9681,3
ANOVA_L_6_Random,sub-16,SVM,1.0,1.0,3
ANOVA_L_6_Random,sub-16,XGBoost,0.9522,0.9539,3
ANOVA_L_6_Random,sub-17,KNN,0.9286,0.8927,5
ANOVA_L_6_Random,sub-17,MLP_(Neural_Network),0.9286,0.922,5
ANOVA_L_6_Random,sub-17,SVM,0.9963,0.9934,5
ANOVA_L_6_Random,sub-17,XGBoost,0.8919,0.8835,5
ANOVA_L_6_Random,sub-18,KNN,0.807,0.7994,4
ANOVA_L_6_Random,sub-18,MLP_(Neural_Network),0.9623,0.9075,4
ANOVA_L_6_Random,sub-18,SVM,0.9829,0.9623,4
ANOVA_L_6_Random,sub-18,XGBoost,0.8708,0.8752,4
ANOVA_L_6_Random,sub-19,KNN,0.53,0.6272,3
ANOVA_L_6_Random,sub-19,MLP_(Neural_Network),0.9342,0.9342,2
ANOVA_L_6_Random,sub-19,SVM,0.9783,0.9772,3
ANOVA_L_6_Random,sub-19,XGBoost,0.9033,0.8422,3
ANOVA_L_6_Random,sub-20,KNN,0.7932,0.8015,3
ANOVA_L_6_Random,sub-20,MLP_(Neural_Network),0.7273,0.7243,3
ANOVA_L_6_Random,sub-20,SVM,0.9412,0.9341,3
ANOVA_L_6_Random,sub-20,XGBoost,0.7772,0.7618,3
ANOVA_L_6_Random,sub-21,KNN,0.6809,0.7352,3
ANOVA_L_6_Random,sub-21,MLP_(Neural_Network),0.9178,0.9096,3
ANOVA_L_6_Random,sub-21,SVM,0.9934,0.9901,3
ANOVA_L_6_Random,sub-21,XGBoost,0.9803,0.9781,3
ANOVA_L_6_Random,sub-22,KNN,0.7053,0.7053,2
ANOVA_L_6_Random,sub-22,SVM,0.9609,0.9609,2
ANOVA_L_6_Random,sub-22,XGBoost,0.5729,0.5729,2
ANOVA_L_6_Random,sub-23,KNN,0.6164,0.6164,2
ANOVA_L_6_Random,sub-23,MLP_(Neural_Network),0.7828,0.7828,2
ANOVA_L_6_Random,sub-23,SVM,0.8875,0.8875,2
ANOVA_L_6_Random,sub-23,XGBoost,0.7006,0.7006,2
ANOVA_L_6_Random,sub-24,KNN,0.9267,0.9115,3
ANOVA_L_6_Random,sub-24,MLP_(Neural_Network),0.8812,0.8805,3
ANOVA_L_6_Random,sub-24,SVM,0.998,0.9947,3
ANOVA_L_6_Random,sub-24,XGBoost,0.9228,0.9036,3
ANOVA_L_6_Random,sub-25,KNN,0.2046,0.2069,3
ANOVA_L_6_Random,sub-25,MLP_(Neural_Network),0.1494,0.1287,3
ANOVA_L_6_Random,sub-25,SVM,0.2552,0.2521,3
ANOVA_L_6_Random,sub-25,XGBoost,0.1931,0.177,3
ANOVA_L_6_Random,sub-26,KNN,0.8412,0.8251,4
ANOVA_L_6_Random,sub-26,MLP_(Neural_Network),0.8387,0.8319,4
ANOVA_L_6_Random,sub-26,SVM,0.9975,0.969,4
ANOVA_L_6_Random,sub-26,XGBoost,0.8524,0.8548,4
ANOVA_L_6_Random,sub-27,KNN,0.9259,0.9239,4
ANOVA_L_6_Random,sub-27,MLP_(Neural_Network),0.9807,0.9682,4
ANOVA_L_6_Random,sub-27,SVM,1.0,0.9976,4
ANOVA_L_6_Random,sub-27,XGBoost,0.8758,0.8868,4
ANOVA_L_6_Random,sub-28,KNN,0.7801,0.8309,7
ANOVA_L_6_Random,sub-28,MLP_(Neural_Network),0.9341,0.8862,6
ANOVA_L_6_Random,sub-28,SVM,1.0,0.9992,7
ANOVA_L_6_Random,sub-28,XGBoost,0.3881,0.5897,7
ANOVA_L_6_Random,sub-29,KNN,0.7527,0.7556,3
ANOVA_L_6_Random,sub-29,MLP_(Neural_Network),0.8645,0.7692,3
ANOVA_L_6_Random,sub-29,SVM,0.9978,0.9985,3
ANOVA_L_6_Random,sub-29,XGBoost,0.5742,0.5606,3
ANOVA_L_6_Random,sub-30,KNN,0.9192,0.9169,4
ANOVA_L_6_Random,sub-30,MLP_(Neural_Network),0.7607,0.766,4
ANOVA_L_6_Random,sub-30,SVM,0.8567,0.8178,4
ANOVA_L_6_Random,sub-30,XGBoost,0.9848,0.9825,4
ANOVA_L_6_Random,sub-31,KNN,0.323,0.323,2
ANOVA_L_6_Random,sub-31,MLP_(Neural_Network),0.4224,0.4224,2
ANOVA_L_6_Random,sub-31,SVM,0.7355,0.7355,2
ANOVA_L_6_Random,sub-31,XGBoost,0.3307,0.3307,2
ANOVA_L_6_Random,sub-32,KNN,0.7354,0.7566,6
ANOVA_L_6_Random,sub-32,MLP_(Neural_Network),0.959,0.9524,6
ANOVA_L_6_Random,sub-32,SVM,0.9802,0.9696,6
ANOVA_L_6_Random,sub-32,XGBoost,0.959,0.9581,6
ANOVA_L_6_Random,sub-33,KNN,0.6426,0.6263,3
ANOVA_L_6_Random,sub-33,MLP_(Neural_Network),0.8075,0.8075,2
ANOVA_L_6_Random,sub-33,SVM,0.9553,0.9468,3
ANOVA_L_6_Random,sub-33,XGBoost,0.8064,0.783,3
ANOVA_L_6_Random,sub-34,KNN,0.7166,0.7315,3
ANOVA_L_6_Random,sub-34,MLP_(Neural_Network),0.9143,0.9247,3
ANOVA_L_6_Random,sub-34,SVM,0.9967,0.9973,3
ANOVA_L_6_Random,sub-34,XGBoost,0.8105,0.794,3
ANOVA_L_6_Random,sub-35,KNN,0.9074,0.8807,7
ANOVA_L_6_Random,sub-35,MLP_(Neural_Network),0.7928,0.829,7
ANOVA_L_6_Random,sub-35,SVM,1.0,0.9868,7
ANOVA_L_6_Random,sub-35,XGBoost,0.7746,0.7844,7
ANOVA_L_6_Random,sub-36,KNN,0.4486,0.4297,8
ANOVA_L_6_Random,sub-36,MLP_(Neural_Network),0.6415,0.646,8
ANOVA_L_6_Random,sub-36,SVM,0.5666,0.5991,8
ANOVA_L_6_Random,sub-36,XGBoost,0.5036,0.5119,8
ANOVA_L_6_Random,sub-37,KNN,0.5788,0.5896,5
ANOVA_L_6_Random,sub-37,MLP_(Neural_Network),0.6487,0.6535,5
ANOVA_L_6_Random,sub-37,SVM,0.5549,0.5573,5
ANOVA_L_6_Random,sub-37,XGBoost,0.6307,0.6232,5
ANOVA_L_6_Random,sub-38,KNN,0.6572,0.6622,6
ANOVA_L_6_Random,sub-38,MLP_(Neural_Network),0.6107,0.6229,6
ANOVA_L_6_Random,sub-38,SVM,0.2634,0.3301,6
ANOVA_L_6_Random,sub-38,XGBoost,0.5884,0.592,6
ANOVA_L_6_Random,sub-39,KNN,0.7041,0.6992,4
ANOVA_L_6_Random,sub-39,MLP_(Neural_Network),0.7255,0.7029,3
ANOVA_L_6_Random,sub-39,SVM,0.7255,0.7242,4
ANOVA_L_6_Random,sub-39,XGBoost,0.598,0.574,4
ANOVA_L_6_Random,sub-40,KNN,0.7323,0.7193,5
ANOVA_L_6_Random,sub-40,MLP_(Neural_Network),0.6831,0.689,3
ANOVA_L_6_Random,sub-40,SVM,0.626,0.6173,5
ANOVA_L_6_Random,sub-40,XGBoost,0.689,0.702,5
ANOVA_L_6_Random,sub-41,KNN,0.7543,0.7611,8
ANOVA_L_6_Random,sub-41,MLP_(Neural_Network),0.7188,0.714,7
ANOVA_L_6_Random,sub-41,SVM,0.1962,0.3655,8
ANOVA_L_6_Random,sub-41,XGBoost,0.507,0.5065,8
ANOVA_L_6_Random,sub-42,KNN,0.7678,0.7429,4
ANOVA_L_6_Random,sub-42,MLP_(Neural_Network),0.8719,0.8861,3
ANOVA_L_6_Random,sub-42,SVM,0.5623,0.6214,4
ANOVA_L_6_Random,sub-42,XGBoost,0.8647,0.8621,4
ANOVA_L_6_Random,sub-43,KNN,0.4049,0.4067,5
ANOVA_L_6_Random,sub-43,MLP_(Neural_Network),0.0951,0.1186,5
ANOVA_L_6_Random,sub-43,SVM,0.0261,0.0455,5
ANOVA_L_6_Random,sub-43,XGBoost,0.2351,0.2567,5
ANOVA_L_6_Random,sub-44,KNN,0.6832,0.6795,11
ANOVA_L_6_Random,sub-44,MLP_(Neural_Network),0.6147,0.6003,9
ANOVA_L_6_Random,sub-44,SVM,0.5514,0.5641,11
ANOVA_L_6_Random,sub-44,XGBoost,0.4795,0.4527,11
ANOVA_L_6_Random,sub-45,KNN,0.4595,0.4628,8
ANOVA_L_6_Random,sub-45,MLP_(Neural_Network),0.5068,0.5341,6
ANOVA_L_6_Random,sub-45,SVM,0.0444,0.0719,8
ANOVA_L_6_Random,sub-45,XGBoost,0.4179,0.4184,8
ANOVA_L_6_Random,sub-46,KNN,0.7193,0.7193,2
ANOVA_L_6_Random,sub-46,MLP_(Neural_Network),0.6505,0.6505,2
ANOVA_L_6_Random,sub-46,SVM,0.6505,0.6505,2
ANOVA_L_6_Random,sub-46,XGBoost,0.6806,0.6806,2
ANOVA_L_6_Random,sub-47,KNN,0.6725,0.6863,5
ANOVA_L_6_Random,sub-47,MLP_(Neural_Network),0.7196,0.7235,5
ANOVA_L_6_Random,sub-47,SVM,0.4216,0.4224,5
ANOVA_L_6_Random,sub-47,XGBoost,0.7784,0.758,5
ANOVA_L_6_Random,sub-48,KNN,0.8138,0.8119,4
ANOVA_L_6_Random,sub-48,MLP_(Neural_Network),0.8317,0.8299,4
ANOVA_L_6_Random,sub-48,SVM,0.7637,0.7174,4
ANOVA_L_6_Random,sub-48,XGBoost,0.8072,0.8081,4
ANOVA_L_6_Random,sub-49,KNN,0.7187,0.7283,6
ANOVA_L_6_Random,sub-49,MLP_(Neural_Network),0.974,0.9726,4
ANOVA_L_6_Random,sub-49,SVM,0.7467,0.7688,6
ANOVA_L_6_Random,sub-49,XGBoost,0.9297,0.9351,6
ANOVA_L_6_Random,sub-50,KNN,0.3444,0.3444,2
ANOVA_L_6_Random,sub-50,MLP_(Neural_Network),0.2306,0.2306,2
ANOVA_L_6_Random,sub-50,SVM,0.0814,0.0814,2
ANOVA_L_6_Random,sub-50,XGBoost,0.3184,0.3184,2
ANOVA_L_6_Random,sub-51,KNN,0.5647,0.5618,6
ANOVA_L_6_Random,sub-51,MLP_(Neural_Network),0.2363,0.3015,5
ANOVA_L_6_Random,sub-51,SVM,0.1132,0.1497,6
ANOVA_L_6_Random,sub-51,XGBoost,0.3731,0.4349,6
ANOVA_L_6_Random,sub-52,KNN,0.5942,0.5942,2
ANOVA_L_6_Random,sub-52,MLP_(Neural_Network),0.5754,0.5754,2
ANOVA_L_6_Random,sub-52,SVM,0.376,0.376,2
ANOVA_L_6_Random,sub-52,XGBoost,0.4028,0.4028,2
ANOVA_L_6_Random,sub-53,KNN,0.6885,0.6832,4
ANOVA_L_6_Random,sub-53,MLP_(Neural_Network),0.6305,0.6363,4
ANOVA_L_6_Random,sub-53,SVM,0.4326,0.4363,4
ANOVA_L_6_Random,sub-53,XGBoost,0.6463,0.6421,4
ANOVA_L_6_Random,sub-54,KNN,0.8,0.7944,6
ANOVA_L_6_Random,sub-54,MLP_(Neural_Network),0.8085,0.822,6
ANOVA_L_6_Random,sub-54,SVM,0.5849,0.6035,6
ANOVA_L_6_Random,sub-54,XGBoost,0.6877,0.6774,6
ANOVA_L_6_Random,sub-55,KNN,0.8767,0.8751,5
ANOVA_L_6_Random,sub-55,MLP_(Neural_Network),0.9241,0.9302,5
ANOVA_L_6_Random,sub-55,SVM,0.5332,0.6361,5
ANOVA_L_6_Random,sub-55,XGBoost,0.9507,0.9393,5
ANOVA_L_6_Random,sub-56,KNN,0.6991,0.7208,3
ANOVA_L_6_Random,sub-56,MLP_(Neural_Network),0.9263,0.8771,3
ANOVA_L_6_Random,sub-56,SVM,0.6195,0.6323,3
ANOVA_L_6_Random,sub-56,XGBoost,0.8909,0.8997,3
ANOVA_L_6_Random,sub-57,KNN,0.8356,0.8317,7
ANOVA_L_6_Random,sub-57,MLP_(Neural_Network),0.8422,0.7944,6
ANOVA_L_6_Random,sub-57,SVM,0.4837,0.5474,7
ANOVA_L_6_Random,sub-57,XGBoost,0.7992,0.8033,7
ANOVA_L_6_Random,sub-58,KNN,0.7456,0.7377,5
ANOVA_L_6_Random,sub-58,MLP_(Neural_Network),0.6548,0.6568,4
ANOVA_L_6_Random,sub-58,SVM,0.4359,0.4588,5
ANOVA_L_6_Random,sub-58,XGBoost,0.927,0.9065,5
ANOVA_L_6_Random,sub-59,KNN,0.3228,0.3147,4
ANOVA_L_6_Random,sub-59,MLP_(Neural_Network),0.0886,0.1167,4
ANOVA_L_6_Random,sub-59,SVM,0.0038,0.0047,4
ANOVA_L_6_Random,sub-59,XGBoost,0.0438,0.0419,4
ANOVA_L_6_Random,sub-60,KNN,0.5169,0.5218,10
ANOVA_L_6_Random,sub-60,MLP_(Neural_Network),0.407,0.4251,10
ANOVA_L_6_Random,sub-60,SVM,0.0127,0.118,10
ANOVA_L_6_Random,sub-60,XGBoost,0.612,0.6302,10
ANOVA_L_6_Random,sub-61,KNN,0.3412,0.3519,6
ANOVA_L_6_Random,sub-61,MLP_(Neural_Network),0.2353,0.2454,6
ANOVA_L_6_Random,sub-61,SVM,0.1843,0.1886,6
ANOVA_L_6_Random,sub-61,XGBoost,0.3176,0.3079,6
ANOVA_L_6_Random,sub-62,KNN,0.7631,0.8048,3
ANOVA_L_6_Random,sub-62,MLP_(Neural_Network),0.9255,0.8917,3
ANOVA_L_6_Random,sub-62,SVM,0.7868,0.7784,3
ANOVA_L_6_Random,sub-62,XGBoost,0.9154,0.9097,3
ANOVA_L_6_Random,sub-63,KNN,0.539,0.5489,3
ANOVA_L_6_Random,sub-63,MLP_(Neural_Network),0.4777,0.4845,3
ANOVA_L_6_Random,sub-63,SVM,0.1468,0.1419,3
ANOVA_L_6_Random,sub-63,XGBoost,0.3866,0.3748,3
ANOVA_L_6_Random,sub-64,KNN,0.9097,0.9213,6
ANOVA_L_6_Random,sub-64,MLP_(Neural_Network),0.9507,0.9504,5
ANOVA_L_6_Random,sub-64,SVM,0.9407,0.9413,6
ANOVA_L_6_Random,sub-64,XGBoost,0.937,0.9337,6
ANOVA_L_6_Random,sub-65,KNN,0.5612,0.5678,5
ANOVA_L_6_Random,sub-65,MLP_(Neural_Network),0.6892,0.6413,5
ANOVA_L_6_Random,sub-65,SVM,0.3035,0.2307,5
ANOVA_L_6_Random,sub-65,XGBoost,0.3199,0.3967,5
ANOVA_L_6_Uniform,sub-1,KNN,0.7676,0.7676,1
ANOVA_L_6_Uniform,sub-1,MLP_(Neural_Network),0.9556,0.9556,1
ANOVA_L_6_Uniform,sub-1,SVM,1.0,1.0,1
ANOVA_L_6_Uniform,sub-1,XGBoost,0.9295,0.9295,1
ANOVA_L_6_Uniform,sub-2,KNN,0.5335,0.5335,1
ANOVA_L_6_Uniform,sub-2,MLP_(Neural_Network),0.5927,0.5927,1
ANOVA_L_6_Uniform,sub-2,SVM,0.7495,0.7495,1
ANOVA_L_6_Uniform,sub-2,XGBoost,0.7189,0.7189,1
ANOVA_L_6_Uniform,sub-3,KNN,0.4877,0.4877,1
ANOVA_L_6_Uniform,sub-3,MLP_(Neural_Network),0.803,0.803,1
ANOVA_L_6_Uniform,sub-3,SVM,0.6453,0.6453,1
ANOVA_L_6_Uniform,sub-3,XGBoost,0.8719,0.8719,1
ANOVA_L_6_Uniform,sub-4,KNN,0.9249,0.9249,1
ANOVA_L_6_Uniform,sub-4,MLP_(Neural_Network),0.9845,0.9845,1
ANOVA_L_6_Uniform,sub-4,SVM,0.9868,0.9868,1
ANOVA_L_6_Uniform,sub-4,XGBoost,0.8477,0.8477,1
ANOVA_L_6_Uniform,sub-5,KNN,0.7226,0.7226,1
ANOVA_L_6_Uniform,sub-5,MLP_(Neural_Network),0.8839,0.8839,1
ANOVA_L_6_Uniform,sub-5,SVM,0.9333,0.9333,1
ANOVA_L_6_Uniform,sub-5,XGBoost,0.7527,0.7527,1
ANOVA_L_6_Uniform,sub-6,KNN,0.2931,0.2931,1
ANOVA_L_6_Uniform,sub-6,MLP_(Neural_Network),0.4019,0.4019,1
ANOVA_L_6_Uniform,sub-6,SVM,0.4894,0.4894,1
ANOVA_L_6_Uniform,sub-6,XGBoost,0.3759,0.3759,1
ANOVA_L_6_Uniform,sub-7,KNN,0.8917,0.8917,1
ANOVA_L_6_Uniform,sub-7,MLP_(Neural_Network),0.9508,0.9508,1
ANOVA_L_6_Uniform,sub-7,SVM,0.998,0.998,1
ANOVA_L_6_Uniform,sub-7,XGBoost,0.9961,0.9961,1
ANOVA_L_6_Uniform,sub-8,KNN,0.912,0.912,1
ANOVA_L_6_Uniform,sub-8,MLP_(Neural_Network),0.93,0.93,1
ANOVA_L_6_Uniform,sub-8,SVM,0.991,0.991,1
ANOVA_L_6_Uniform,sub-8,XGBoost,0.9865,0.9865,1
ANOVA_L_6_Uniform,sub-9,KNN,0.6084,0.6084,1
ANOVA_L_6_Uniform,sub-9,MLP_(Neural_Network),0.7266,0.7266,1
ANOVA_L_6_Uniform,sub-9,SVM,0.8596,0.8596,1
ANOVA_L_6_Uniform,sub-9,XGBoost,0.9212,0.9212,1
ANOVA_L_6_Uniform,sub-10,KNN,0.259,0.259,1
ANOVA_L_6_Uniform,sub-10,MLP_(Neural_Network),0.7643,0.7643,1
ANOVA_L_6_Uniform,sub-10,SVM,0.7433,0.7433,1
ANOVA_L_6_Uniform,sub-10,XGBoost,0.4761,0.4761,1
ANOVA_L_6_Uniform,sub-11,KNN,0.6917,0.6917,1
ANOVA_L_6_Uniform,sub-11,MLP_(Neural_Network),0.9345,0.9345,1
ANOVA_L_6_Uniform,sub-11,SVM,0.9709,0.9709,1
ANOVA_L_6_Uniform,sub-11,XGBoost,0.9029,0.9029,1
ANOVA_L_6_Uniform,sub-12,KNN,0.7077,0.7077,1
ANOVA_L_6_Uniform,sub-12,MLP_(Neural_Network),0.6774,0.6774,1
ANOVA_L_6_Uniform,sub-12,SVM,0.7056,0.7056,1
ANOVA_L_6_Uniform,sub-12,XGBoost,0.627,0.627,1
ANOVA_L_6_Uniform,sub-13,KNN,0.8012,0.8012,1
ANOVA_L_6_Uniform,sub-13,MLP_(Neural_Network),0.8456,0.8456,1
ANOVA_L_6_Uniform,sub-13,SVM,0.9961,0.9961,1
ANOVA_L_6_Uniform,sub-13,XGBoost,0.6525,0.6525,1
ANOVA_L_6_Uniform,sub-14,KNN,0.8019,0.8019,1
ANOVA_L_6_Uniform,sub-14,MLP_(Neural_Network),0.9701,0.9701,1
ANOVA_L_6_Uniform,sub-14,SVM,0.9776,0.9776,1
ANOVA_L_6_Uniform,sub-14,XGBoost,0.8112,0.8112,1
ANOVA_L_6_Uniform,sub-15,KNN,0.6318,0.6318,1
ANOVA_L_6_Uniform,sub-15,MLP_(Neural_Network),0.8851,0.8851,1
ANOVA_L_6_Uniform,sub-15,SVM,0.7652,0.7652,1
ANOVA_L_6_Uniform,sub-15,XGBoost,0.8767,0.8767,1
ANOVA_L_6_Uniform,sub-16,KNN,0.7287,0.7287,1
ANOVA_L_6_Uniform,sub-16,MLP_(Neural_Network),0.9164,0.9164,1
ANOVA_L_6_Uniform,sub-16,SVM,1.0,1.0,1
ANOVA_L_6_Uniform,sub-16,XGBoost,0.9181,0.9181,1
ANOVA_L_6_Uniform,sub-17,KNN,0.7894,0.7894,1
ANOVA_L_6_Uniform,sub-17,MLP_(Neural_Network),0.7619,0.7619,1
ANOVA_L_6_Uniform,sub-17,SVM,0.9963,0.9963,1
ANOVA_L_6_Uniform,sub-17,XGBoost,0.8004,0.8004,1
ANOVA_L_6_Uniform,sub-18,KNN,0.8061,0.8061,1
ANOVA_L_6_Uniform,sub-18,MLP_(Neural_Network),0.9192,0.9192,1
ANOVA_L_6_Uniform,sub-18,SVM,0.9874,0.9874,1
ANOVA_L_6_Uniform,sub-18,XGBoost,0.939,0.939,1
ANOVA_L_6_Uniform,sub-19,KNN,0.5667,0.5667,1
ANOVA_L_6_Uniform,sub-19,MLP_(Neural_Network),0.4517,0.4517,1
ANOVA_L_6_Uniform,sub-19,SVM,0.975,0.975,1
ANOVA_L_6_Uniform,sub-19,XGBoost,0.7983,0.7983,1
ANOVA_L_6_Uniform,sub-20,KNN,0.7594,0.7594,1
ANOVA_L_6_Uniform,sub-20,MLP_(Neural_Network),0.3708,0.3708,1
ANOVA_L_6_Uniform,sub-20,SVM,0.9947,0.9947,1
ANOVA_L_6_Uniform,sub-20,XGBoost,0.7879,0.7879,1
ANOVA_L_6_Uniform,sub-21,KNN,0.7648,0.7648,1
ANOVA_L_6_Uniform,sub-21,MLP_(Neural_Network),0.8849,0.8849,1
ANOVA_L_6_Uniform,sub-21,SVM,0.9984,0.9984,1
ANOVA_L_6_Uniform,sub-21,XGBoost,0.9901,0.9901,1
ANOVA_L_6_Uniform,sub-22,KNN,0.7351,0.7351,1
ANOVA_L_6_Uniform,sub-22,MLP_(Neural_Network),0.692,0.692,1
ANOVA_L_6_Uniform,sub-22,SVM,0.9548,0.9548,1
ANOVA_L_6_Uniform,sub-22,XGBoost,0.6509,0.6509,1
ANOVA_L_6_Uniform,sub-23,KNN,0.6888,0.6888,1
ANOVA_L_6_Uniform,sub-23,MLP_(Neural_Network),0.6556,0.6556,1
ANOVA_L_6_Uniform,sub-23,SVM,0.9628,0.9628,1
ANOVA_L_6_Uniform,sub-23,XGBoost,0.4834,0.4834,1
ANOVA_L_6_Uniform,sub-24,KNN,0.9485,0.9485,1
ANOVA_L_6_Uniform,sub-24,MLP_(Neural_Network),0.9109,0.9109,1
ANOVA_L_6_Uniform,sub-24,SVM,0.998,0.998,1
ANOVA_L_6_Uniform,sub-24,XGBoost,0.7842,0.7842,1
ANOVA_L_6_Uniform,sub-25,KNN,0.131,0.131,1
ANOVA_L_6_Uniform,sub-25,MLP_(Neural_Network),0.1218,0.1218,1
ANOVA_L_6_Uniform,sub-25,SVM,0.1632,0.1632,1
ANOVA_L_6_Uniform,sub-25,XGBoost,0.1977,0.1977,1
ANOVA_L_6_Uniform,sub-26,KNN,0.8933,0.8933,1
ANOVA_L_6_Uniform,sub-26,MLP_(Neural_Network),0.2779,0.2779,1
ANOVA_L_6_Uniform,sub-26,SVM,0.7792,0.7792,1
ANOVA_L_6_Uniform,sub-26,XGBoost,0.5261,0.5261,1
ANOVA_L_6_Uniform,sub-27,KNN,0.9865,0.9865,1
ANOVA_L_6_Uniform,sub-27,MLP_(Neural_Network),0.9364,0.9364,1
ANOVA_L_6_Uniform,sub-27,SVM,1.0,1.0,1
ANOVA_L_6_Uniform,sub-27,XGBoost,0.9846,0.9846,1
ANOVA_L_6_Uniform,sub-28,KNN,0.8987,0.8987,1
ANOVA_L_6_Uniform,sub-28,MLP_(Neural_Network),0.9732,0.9732,1
ANOVA_L_6_Uniform,sub-28,SVM,1.0,1.0,1
ANOVA_L_6_Uniform,sub-28,XGBoost,0.218,0.218,1
ANOVA_L_6_Uniform,sub-29,KNN,0.7484,0.7484,1
ANOVA_L_6_Uniform,sub-29,MLP_(Neural_Network),0.8086,0.8086,1
ANOVA_L_6_Uniform,sub-29,SVM,0.9978,0.9978,1
ANOVA_L_6_Uniform,sub-29,XGBoost,0.3269,0.3269,1
ANOVA_L_6_Uniform,sub-30,KNN,0.8872,0.8872,1
ANOVA_L_6_Uniform,sub-30,MLP_(Neural_Network),0.7378,0.7378,1
ANOVA_L_6_Uniform,sub-30,SVM,0.9909,0.9909,1
ANOVA_L_6_Uniform,sub-30,XGBoost,0.9512,0.9512,1
ANOVA_L_6_Uniform,sub-31,KNN,0.3343,0.3343,1
ANOVA_L_6_Uniform,sub-31,MLP_(Neural_Network),0.3329,0.3329,1
ANOVA_L_6_Uniform,sub-31,SVM,0.7179,0.7179,1
ANOVA_L_6_Uniform,sub-31,XGBoost,0.4147,0.4147,1
ANOVA_L_6_Uniform,sub-32,KNN,0.6614,0.6614,1
ANOVA_L_6_Uniform,sub-32,MLP_(Neural_Network),0.9603,0.9603,1
ANOVA_L_6_Uniform,sub-32,SVM,0.9841,0.9841,1
ANOVA_L_6_Uniform,sub-32,XGBoost,0.9868,0.9868,1
ANOVA_L_6_Uniform,sub-33,KNN,0.6064,0.6064,1
ANOVA_L_6_Uniform,sub-33,MLP_(Neural_Network),0.8681,0.8681,1
ANOVA_L_6_Uniform,sub-33,SVM,0.983,0.983,1
ANOVA_L_6_Uniform,sub-33,XGBoost,0.8043,0.8043,1
ANOVA_L_6_Uniform,sub-34,KNN,0.8221,0.8221,1
ANOVA_L_6_Uniform,sub-34,MLP_(Neural_Network),0.9885,0.9885,1
ANOVA_L_6_Uniform,sub-34,SVM,0.9967,0.9967,1
ANOVA_L_6_Uniform,sub-34,XGBoost,0.8731,0.8731,1
ANOVA_L_6_Uniform,sub-35,KNN,0.9276,0.9276,1
ANOVA_L_6_Uniform,sub-35,MLP_(Neural_Network),0.8753,0.8753,1
ANOVA_L_6_Uniform,sub-35,SVM,1.0,1.0,1
ANOVA_L_6_Uniform,sub-35,XGBoost,0.8008,0.8008,1
ANOVA_L_6_Uniform,sub-36,KNN,0.4523,0.4523,1
ANOVA_L_6_Uniform,sub-36,MLP_(Neural_Network),0.636,0.636,1
ANOVA_L_6_Uniform,sub-36,SVM,0.6414,0.6414,1
ANOVA_L_6_Uniform,sub-36,XGBoost,0.5135,0.5135,1
ANOVA_L_6_Uniform,sub-37,KNN,0.6228,0.6228,2
ANOVA_L_6_Uniform,sub-37,MLP_(Neural_Network),0.6118,0.6118,2
ANOVA_L_6_Uniform,sub-37,SVM,0.5688,0.5688,2
ANOVA_L_6_Uniform,sub-37,XGBoost,0.6876,0.6876,2
ANOVA_L_6_Uniform,sub-38,KNN,0.6518,0.6518,2
ANOVA_L_6_Uniform,sub-38,MLP_(Neural_Network),0.6358,0.6358,2
ANOVA_L_6_Uniform,sub-38,SVM,0.2608,0.2608,2
ANOVA_L_6_Uniform,sub-38,XGBoost,0.6295,0.6295,2
ANOVA_L_6_Uniform,sub-39,KNN,0.6881,0.6881,2
ANOVA_L_6_Uniform,sub-39,MLP_(Neural_Network),0.6916,0.6916,2
ANOVA_L_6_Uniform,sub-39,SVM,0.7219,0.7219,2
ANOVA_L_6_Uniform,sub-39,XGBoost,0.6167,0.6167,2
ANOVA_L_6_Uniform,sub-40,KNN,0.7323,0.7323,2
ANOVA_L_6_Uniform,sub-40,MLP_(Neural_Network),0.7146,0.7146,2
ANOVA_L_6_Uniform,sub-40,SVM,0.6525,0.6525,2
ANOVA_L_6_Uniform,sub-40,XGBoost,0.7372,0.7372,2
ANOVA_L_6_Uniform,sub-41,KNN,0.7977,0.7977,2
ANOVA_L_6_Uniform,sub-41,MLP_(Neural_Network),0.704,0.704,2
ANOVA_L_6_Uniform,sub-41,SVM,0.4071,0.4071,2
ANOVA_L_6_Uniform,sub-41,XGBoost,0.6762,0.6762,2
ANOVA_L_6_Uniform,sub-42,KNN,0.798,0.798,2
ANOVA_L_6_Uniform,sub-42,MLP_(Neural_Network),0.8808,0.8808,2
ANOVA_L_6_Uniform,sub-42,SVM,0.6859,0.6859,2
ANOVA_L_6_Uniform,sub-42,XGBoost,0.8532,0.8532,2
ANOVA_L_6_Uniform,sub-43,KNN,0.3833,0.3833,2
ANOVA_L_6_Uniform,sub-43,MLP_(Neural_Network),0.3367,0.3367,2
ANOVA_L_6_Uniform,sub-43,SVM,0.0233,0.0233,2
ANOVA_L_6_Uniform,sub-43,XGBoost,0.2519,0.2519,2
ANOVA_L_6_Uniform,sub-44,KNN,0.726,0.726,1
ANOVA_L_6_Uniform,sub-44,MLP_(Neural_Network),0.637,0.637,1
ANOVA_L_6_Uniform,sub-44,SVM,0.5497,0.5497,1
ANOVA_L_6_Uniform,sub-44,XGBoost,0.3493,0.3493,1
ANOVA_L_6_Uniform,sub-45,KNN,0.3919,0.3919,1
ANOVA_L_6_Uniform,sub-45,MLP_(Neural_Network),0.3147,0.3147,1
ANOVA_L_6_Uniform,sub-45,SVM,0.0444,0.0444,1
ANOVA_L_6_Uniform,sub-45,XGBoost,0.2703,0.2703,1
ANOVA_L_6_Uniform,sub-46,KNN,0.8129,0.8129,1
ANOVA_L_6_Uniform,sub-46,MLP_(Neural_Network),0.5269,0.5269,1
ANOVA_L_6_Uniform,sub-46,SVM,0.6667,0.6667,1
ANOVA_L_6_Uniform,sub-46,XGBoost,0.6559,0.6559,1
ANOVA_L_6_Uniform,sub-47,KNN,0.7804,0.7804,1
ANOVA_L_6_Uniform,sub-47,MLP_(Neural_Network),0.8216,0.8216,1
ANOVA_L_6_Uniform,sub-47,SVM,0.7667,0.7667,1
ANOVA_L_6_Uniform,sub-47,XGBoost,0.898,0.898,1
ANOVA_L_6_Uniform,sub-48,KNN,0.8015,0.8015,1
ANOVA_L_6_Uniform,sub-48,MLP_(Neural_Network),0.7316,0.7316,1
ANOVA_L_6_Uniform,sub-48,SVM,0.7864,0.7864,1
ANOVA_L_6_Uniform,sub-48,XGBoost,0.7618,0.7618,1
ANOVA_L_6_Uniform,sub-49,KNN,0.8035,0.8035,1
ANOVA_L_6_Uniform,sub-49,MLP_(Neural_Network),0.9942,0.9942,1
ANOVA_L_6_Uniform,sub-49,SVM,0.7264,0.7264,1
ANOVA_L_6_Uniform,sub-49,XGBoost,0.9865,0.9865,1
ANOVA_L_6_Uniform,sub-50,KNN,0.3633,0.3633,1
ANOVA_L_6_Uniform,sub-50,MLP_(Neural_Network),0.1294,0.1294,1
ANOVA_L_6_Uniform,sub-50,SVM,0.0877,0.0877,1
ANOVA_L_6_Uniform,sub-50,XGBoost,0.3507,0.3507,1
ANOVA_L_6_Uniform,sub-51,KNN,0.5124,0.5124,1
ANOVA_L_6_Uniform,sub-51,MLP_(Neural_Network),0.1791,0.1791,1
ANOVA_L_6_Uniform,sub-51,SVM,0.1119,0.1119,1
ANOVA_L_6_Uniform,sub-51,XGBoost,0.3881,0.3881,1
ANOVA_L_6_Uniform,sub-52,KNN,0.5456,0.5456,1
ANOVA_L_6_Uniform,sub-52,MLP_(Neural_Network),0.4802,0.4802,1
ANOVA_L_6_Uniform,sub-52,SVM,0.375,0.375,1
ANOVA_L_6_Uniform,sub-52,XGBoost,0.4206,0.4206,1
ANOVA_L_6_Uniform,sub-53,KNN,0.6358,0.6358,1
ANOVA_L_6_Uniform,sub-53,MLP_(Neural_Network),0.4884,0.4884,1
ANOVA_L_6_Uniform,sub-53,SVM,0.4189,0.4189,1
ANOVA_L_6_Uniform,sub-53,XGBoost,0.4568,0.4568,1
ANOVA_L_6_Uniform,sub-54,KNN,0.7396,0.7396,1
ANOVA_L_6_Uniform,sub-54,MLP_(Neural_Network),0.6943,0.6943,1
ANOVA_L_6_Uniform,sub-54,SVM,0.5528,0.5528,1
ANOVA_L_6_Uniform,sub-54,XGBoost,0.5189,0.5189,1
ANOVA_L_6_Uniform,sub-55,KNN,0.9051,0.9051,1
ANOVA_L_6_Uniform,sub-55,MLP_(Neural_Network),0.9867,0.9867,1
ANOVA_L_6_Uniform,sub-55,SVM,0.4915,0.4915,1
ANOVA_L_6_Uniform,sub-55,XGBoost,0.9469,0.9469,1
ANOVA_L_6_Uniform,sub-56,KNN,0.7434,0.7434,1
ANOVA_L_6_Uniform,sub-56,MLP_(Neural_Network),0.9351,0.9351,1
ANOVA_L_6_Uniform,sub-56,SVM,0.6077,0.6077,1
ANOVA_L_6_Uniform,sub-56,XGBoost,0.9381,0.9381,1
ANOVA_L_6_Uniform,sub-57,KNN,0.8929,0.8929,1
ANOVA_L_6_Uniform,sub-57,MLP_(Neural_Network),0.9694,0.9694,1
ANOVA_L_6_Uniform,sub-57,SVM,0.5124,0.5124,1
ANOVA_L_6_Uniform,sub-57,XGBoost,0.8337,0.8337,1
ANOVA_L_6_Uniform,sub-58,KNN,0.6706,0.6706,1
ANOVA_L_6_Uniform,sub-58,MLP_(Neural_Network),0.5661,0.5661,1
ANOVA_L_6_Uniform,sub-58,SVM,0.3905,0.3905,1
ANOVA_L_6_Uniform,sub-58,XGBoost,0.7278,0.7278,1
ANOVA_L_6_Uniform,sub-59,KNN,0.2533,0.2533,1
ANOVA_L_6_Uniform,sub-59,MLP_(Neural_Network),0.12,0.12,1
ANOVA_L_6_Uniform,sub-59,SVM,0.0038,0.0038,1
ANOVA_L_6_Uniform,sub-59,XGBoost,0.0152,0.0152,1
ANOVA_L_6_Uniform,sub-60,KNN,0.3087,0.3087,1
ANOVA_L_6_Uniform,sub-60,MLP_(Neural_Network),0.3552,0.3552,1
ANOVA_L_6_Uniform,sub-60,SVM,0.0085,0.0085,1
ANOVA_L_6_Uniform,sub-60,XGBoost,0.1818,0.1818,1
ANOVA_L_6_Uniform,sub-61,KNN,0.3863,0.3863,1
ANOVA_L_6_Uniform,sub-61,MLP_(Neural_Network),0.5588,0.5588,1
ANOVA_L_6_Uniform,sub-61,SVM,0.2588,0.2588,1
ANOVA_L_6_Uniform,sub-61,XGBoost,0.3922,0.3922,1
ANOVA_L_6_Uniform,sub-62,KNN,0.9255,0.9255,1
ANOVA_L_6_Uniform,sub-62,MLP_(Neural_Network),0.9797,0.9797,1
ANOVA_L_6_Uniform,sub-62,SVM,0.9222,0.9222,1
ANOVA_L_6_Uniform,sub-62,XGBoost,0.9289,0.9289,1
ANOVA_L_6_Uniform,sub-63,KNN,0.5465,0.5465,1
ANOVA_L_6_Uniform,sub-63,MLP_(Neural_Network),0.6208,0.6208,1
ANOVA_L_6_Uniform,sub-63,SVM,0.2937,0.2937,1
ANOVA_L_6_Uniform,sub-63,XGBoost,0.3885,0.3885,1
ANOVA_L_6_Uniform,sub-64,KNN,0.9544,0.9544,1
ANOVA_L_6_Uniform,sub-64,MLP_(Neural_Network),0.9161,0.9161,1
ANOVA_L_6_Uniform,sub-64,SVM,0.9343,0.9343,1
ANOVA_L_6_Uniform,sub-64,XGBoost,0.8449,0.8449,1
ANOVA_L_6_Uniform,sub-65,KNN,0.6015,0.6015,1
ANOVA_L_6_Uniform,sub-65,MLP_(Neural_Network),0.4077,0.4077,1
ANOVA_L_6_Uniform,sub-65,SVM,0.0786,0.0786,1
ANOVA_L_6_Uniform,sub-65,XGBoost,0.5484,0.5484,1
PCA_L_2_Random,sub-1,KNN,0.2794,0.2794,2
PCA_L_2_Random,sub-1,MLP_(Neural_Network),1.0,1.0,2
PCA_L_2_Random,sub-1,SVM,1.0,1.0,2
PCA_L_2_Random,sub-1,XGBoost,0.9243,0.9243,2
PCA_L_2_Random,sub-2,KNN,0.1328,0.1328,2
PCA_L_2_Random,sub-2,MLP_(Neural_Network),0.9924,0.9924,2
PCA_L_2_Random,sub-2,SVM,0.9025,0.9025,2
PCA_L_2_Random,sub-2,XGBoost,0.6884,0.6884,2
PCA_L_2_Random,sub-3,KNN,0.1379,0.1379,2
PCA_L_2_Random,sub-3,MLP_(Neural_Network),0.9285,0.9285,2
PCA_L_2_Random,sub-3,SVM,0.9803,0.9803,2
PCA_L_2_Random,sub-3,XGBoost,0.968,0.968,2
PCA_L_2_Random,sub-4,KNN,0.34,0.34,1
PCA_L_2_Random,sub-4,MLP_(Neural_Network),1.0,1.0,1
PCA_L_2_Random,sub-4,SVM,1.0,1.0,1
PCA_L_2_Random,sub-4,XGBoost,0.9404,0.9404,1
PCA_L_2_Random,sub-5,KNN,0.0033,0.0033,2
PCA_L_2_Random,sub-5,MLP_(Neural_Network),1.0,1.0,2
PCA_L_2_Random,sub-5,SVM,1.0,1.0,2
PCA_L_2_Random,sub-5,XGBoost,0.6892,0.6892,2
PCA_L_2_Random,sub-6,KNN,0.0874,0.0874,2
PCA_L_2_Random,sub-6,MLP_(Neural_Network),0.9952,0.9952,2
PCA_L_2_Random,sub-6,SVM,0.9929,0.9929,2
PCA_L_2_Random,sub-6,XGBoost,0.961,0.961,2
PCA_L_2_Random,sub-7,KNN,0.0039,0.1365,3
PCA_L_2_Random,sub-7,MLP_(Neural_Network),1.0,1.0,3
PCA_L_2_Random,sub-7,SVM,1.0,1.0,3
PCA_L_2_Random,sub-7,XGBoost,0.4606,0.6069,3
PCA_L_2_Random,sub-8,KNN,0.1636,0.1636,2
PCA_L_2_Random,sub-8,MLP_(Neural_Network),1.0,1.0,2
PCA_L_2_Random,sub-8,SVM,1.0,1.0,2
PCA_L_2_Random,sub-8,XGBoost,0.9876,0.9876,2
PCA_L_2_Random,sub-11,KNN,0.2427,0.2427,2
PCA_L_2_Random,sub-11,MLP_(Neural_Network),0.9879,0.9879,2
PCA_L_2_Random,sub-11,SVM,0.9927,0.9927,2
PCA_L_2_Random,sub-11,XGBoost,0.892,0.892,2
PCA_L_2_Random,sub-13,KNN,0.0097,0.0097,1
PCA_L_2_Random,sub-13,MLP_(Neural_Network),1.0,1.0,1
PCA_L_2_Random,sub-13,SVM,1.0,1.0,1
PCA_L_2_Random,sub-13,XGBoost,1.0,1.0,1
PCA_L_2_Random,sub-14,KNN,0.043,0.1128,3
PCA_L_2_Random,sub-14,MLP_(Neural_Network),0.9981,0.9888,3
PCA_L_2_Random,sub-14,SVM,1.0,0.9994,3
PCA_L_2_Random,sub-14,XGBoost,0.9028,0.8704,3
PCA_L_2_Random,sub-15,KNN,0.0541,0.1964,4
PCA_L_2_Random,sub-15,MLP_(Neural_Network),0.9527,0.9426,4
PCA_L_2_Random,sub-15,SVM,0.929,0.9261,4
PCA_L_2_Random,sub-15,XGBoost,0.9087,0.88,4
PCA_L_2_Random,sub-16,KNN,0.3328,0.3328,1
PCA_L_2_Random,sub-16,MLP_(Neural_Network),1.0,1.0,1
PCA_L_2_Random,sub-16,SVM,1.0,1.0,1
PCA_L_2_Random,sub-16,XGBoost,1.0,1.0,1
PCA_L_2_Random,sub-17,KNN,0.2949,0.2949,1
PCA_L_2_Random,sub-17,MLP_(Neural_Network),1.0,1.0,1
PCA_L_2_Random,sub-17,SVM,1.0,1.0,1
PCA_L_2_Random,sub-17,XGBoost,1.0,1.0,1
PCA_L_2_Random,sub-18,KNN,0.0395,0.1736,6
PCA_L_2_Random,sub-18,MLP_(Neural_Network),1.0,1.0,6
PCA_L_2_Random,sub-18,SVM,1.0,0.9991,6
PCA_L_2_Random,sub-18,XGBoost,0.9982,0.9979,6
PCA_L_2_Random,sub-19,KNN,0.3591,0.3591,2
PCA_L_2_Random,sub-19,MLP_(Neural_Network),1.0,1.0,2
PCA_L_2_Random,sub-19,SVM,1.0,1.0,2
PCA_L_2_Random,sub-19,XGBoost,0.9941,0.9941,2
PCA_L_2_Random,sub-21,KNN,0.1036,0.1036,1
PCA_L_2_Random,sub-21,MLP_(Neural_Network),0.9984,0.9984,1
PCA_L_2_Random,sub-21,SVM,1.0,1.0,1
PCA_L_2_Random,sub-21,XGBoost,1.0,1.0,1
PCA_L_2_Random,sub-22,KNN,0.2279,0.2279,1
PCA_L_2_Random,sub-22,MLP_(Neural_Network),0.9979,0.9979,1
PCA_L_2_Random,sub-22,SVM,1.0,1.0,1
PCA_L_2_Random,sub-22,XGBoost,0.9959,0.9959,1
PCA_L_2_Random,sub-23,KNN,0.1194,0.1194,1
PCA_L_2_Random,sub-23,MLP_(Neural_Network),1.0,1.0,1
PCA_L_2_Random,sub-23,SVM,1.0,1.0,1
PCA_L_2_Random,sub-23,XGBoost,0.9198,0.9198,1
PCA_L_2_Random,sub-24,KNN,0.0139,0.1202,3
PCA_L_2_Random,sub-24,MLP_(Neural_Network),1.0,1.0,3
PCA_L_2_Random,sub-24,SVM,1.0,1.0,3
PCA_L_2_Random,sub-24,XGBoost,0.9307,0.664,3
PCA_L_2_Random,sub-28,KNN,0.3996,0.3996,2
PCA_L_2_Random,sub-28,MLP_(Neural_Network),0.999,0.999,2
PCA_L_2_Random,sub-28,SVM,1.0,1.0,2
PCA_L_2_Random,sub-28,XGBoost,0.8834,0.8834,2
PCA_L_2_Random,sub-30,KNN,0.2728,0.2728,2
PCA_L_2_Random,sub-30,MLP_(Neural_Network),1.0,1.0,2
PCA_L_2_Random,sub-30,SVM,1.0,1.0,2
PCA_L_2_Random,sub-30,XGBoost,0.9909,0.9909,2
PCA_L_2_Random,sub-33,KNN,0.0128,0.0128,1
PCA_L_2_Random,sub-33,MLP_(Neural_Network),1.0,1.0,1
PCA_L_2_Random,sub-33,SVM,1.0,1.0,1
PCA_L_2_Random,sub-33,XGBoost,1.0,1.0,1
PCA_L_2_Random,sub-35,KNN,0.1991,0.1991,2
PCA_L_2_Random,sub-35,MLP_(Neural_Network),1.0,1.0,2
PCA_L_2_Random,sub-35,SVM,1.0,1.0,2
PCA_L_2_Random,sub-35,XGBoost,1.0,1.0,2
PCA_L_2_Random,sub-36,KNN,0.0613,0.0613,1
PCA_L_2_Random,sub-36,MLP_(Neural_Network),1.0,1.0,1
PCA_L_2_Random,sub-36,SVM,0.991,0.991,1
PCA_L_2_Random,sub-36,XGBoost,1.0,1.0,1
PCA_L_2_Random,sub-37,KNN,0.7924,0.7924,1
PCA_L_2_Random,sub-37,MLP_(Neural_Network),0.016,0.016,1
PCA_L_2_Random,sub-37,SVM,0.0,0.0,1
PCA_L_2_Random,sub-37,XGBoost,0.2834,0.2834,1
PCA_L_2_Random,sub-38,KNN,0.6875,0.6875,2
PCA_L_2_Random,sub-38,MLP_(Neural_Network),0.0169,0.0169,2
PCA_L_2_Random,sub-38,SVM,0.0152,0.0152,2
PCA_L_2_Random,sub-38,XGBoost,0.2205,0.2205,2
PCA_L_2_Random,sub-39,KNN,0.9144,0.9126,3
PCA_L_2_Random,sub-39,MLP_(Neural_Network),0.1034,0.1551,3
PCA_L_2_Random,sub-39,SVM,0.0,0.2181,3
PCA_L_2_Random,sub-39,XGBoost,0.0784,0.0879,3
PCA_L_2_Random,sub-40,KNN,0.8898,0.8898,1
PCA_L_2_Random,sub-40,MLP_(Neural_Network),0.1398,0.1398,1
PCA_L_2_Random,sub-40,SVM,0.0,0.0,1
PCA_L_2_Random,sub-40,XGBoost,0.1378,0.1378,1
PCA_L_2_Random,sub-41,KNN,0.9635,0.9635,2
PCA_L_2_Random,sub-41,MLP_(Neural_Network),0.0251,0.0251,2
PCA_L_2_Random,sub-41,SVM,0.1041,0.1041,2
PCA_L_2_Random,sub-41,XGBoost,0.1268,0.1268,2
PCA_L_2_Random,sub-42,KNN,0.7669,0.7669,2
PCA_L_2_Random,sub-42,MLP_(Neural_Network),0.0338,0.0338,2
PCA_L_2_Random,sub-42,SVM,0.0961,0.0961,2
PCA_L_2_Random,sub-42,XGBoost,0.0481,0.0481,2
PCA_L_2_Random,sub-44,KNN,0.9597,0.9567,4
PCA_L_2_Random,sub-44,MLP_(Neural_Network),0.2183,0.3026,4
PCA_L_2_Random,sub-44,SVM,0.3741,0.3292,4
PCA_L_2_Random,sub-44,XGBoost,0.3921,0.3621,4
PCA_L_2_Random,sub-47,KNN,0.9922,0.9922,1
PCA_L_2_Random,sub-47,MLP_(Neural_Network),0.4843,0.4843,1
PCA_L_2_Random,sub-47,SVM,0.1843,0.1843,1
PCA_L_2_Random,sub-47,XGBoost,0.7686,0.7686,1
PCA_L_2_Random,sub-48,KNN,0.9905,0.9905,2
PCA_L_2_Random,sub-48,MLP_(Neural_Network),0.138,0.138,2
PCA_L_2_Random,sub-48,SVM,0.31,0.31,2
PCA_L_2_Random,sub-48,XGBoost,0.2949,0.2949,2
PCA_L_2_Random,sub-49,KNN,0.9547,0.9147,4
PCA_L_2_Random,sub-49,MLP_(Neural_Network),0.1436,0.1797,4
PCA_L_2_Random,sub-49,SVM,0.2515,0.2697,4
PCA_L_2_Random,sub-49,XGBoost,0.0857,0.2621,4
PCA_L_2_Random,sub-50,KNN,0.8058,0.8058,1
PCA_L_2_Random,sub-50,MLP_(Neural_Network),0.0,0.0,1
PCA_L_2_Random,sub-50,SVM,0.0,0.0,1
PCA_L_2_Random,sub-50,XGBoost,0.0,0.0,1
PCA_L_2_Random,sub-51,KNN,0.6878,0.6878,2
PCA_L_2_Random,sub-51,MLP_(Neural_Network),0.0,0.0,2
PCA_L_2_Random,sub-51,SVM,0.0186,0.0186,2
PCA_L_2_Random,sub-51,XGBoost,0.005,0.005,2
PCA_L_2_Random,sub-54,KNN,0.9076,0.9,4
PCA_L_2_Random,sub-54,MLP_(Neural_Network),0.0566,0.0972,4
PCA_L_2_Random,sub-54,SVM,0.0019,0.0312,4
PCA_L_2_Random,sub-54,XGBoost,0.183,0.2986,4
PCA_L_2_Random,sub-55,KNN,0.7818,0.7818,1
PCA_L_2_Random,sub-55,MLP_(Neural_Network),0.0607,0.0607,1
PCA_L_2_Random,sub-55,SVM,0.0,0.0,1
PCA_L_2_Random,sub-55,XGBoost,0.9791,0.9791,1
PCA_L_2_Random,sub-56,KNN,0.9676,0.945,3
PCA_L_2_Random,sub-56,MLP_(Neural_Network),0.0295,0.0963,3
PCA_L_2_Random,sub-56,SVM,0.3835,0.2881,3
PCA_L_2_Random,sub-56,XGBoost,0.1386,0.1671,3
PCA_L_2_Random,sub-57,KNN,0.8929,0.8929,1
PCA_L_2_Random,sub-57,MLP_(Neural_Network),0.1377,0.1377,1
PCA_L_2_Random,sub-57,SVM,0.0,0.0,1
PCA_L_2_Random,sub-57,XGBoost,0.0459,0.0459,1
PCA_L_2_Random,sub-58,KNN,0.8728,0.8728,2
PCA_L_2_Random,sub-58,MLP_(Neural_Network),0.0059,0.0059,2
PCA_L_2_Random,sub-58,SVM,0.0119,0.0119,2
PCA_L_2_Random,sub-58,XGBoost,0.3462,0.3462,2
PCA_L_2_Random,sub-59,KNN,0.9486,0.7575,3
PCA_L_2_Random,sub-59,MLP_(Neural_Network),0.0,0.0,3
PCA_L_2_Random,sub-59,SVM,0.0,0.0,3
PCA_L_2_Random,sub-59,XGBoost,0.0,0.0,3
PCA_L_2_Random,sub-60,KNN,0.9894,0.9894,1
PCA_L_2_Random,sub-60,MLP_(Neural_Network),0.0,0.0,1
PCA_L_2_Random,sub-60,SVM,0.0,0.0,1
PCA_L_2_Random,sub-60,XGBoost,0.0,0.0,1
PCA_L_2_Random,sub-61,KNN,0.9882,0.9693,3
PCA_L_2_Random,sub-61,MLP_(Neural_Network),0.0824,0.0876,3
PCA_L_2_Random,sub-61,SVM,0.0294,0.0536,3
PCA_L_2_Random,sub-61,XGBoost,0.2412,0.1928,3
PCA_L_2_Random,sub-62,KNN,0.9239,0.9448,3
PCA_L_2_Random,sub-62,MLP_(Neural_Network),0.0,0.0479,3
PCA_L_2_Random,sub-62,SVM,0.066,0.2403,3
PCA_L_2_Random,sub-62,XGBoost,0.3299,0.2414,3
PCA_L_2_Random,sub-63,KNN,0.7314,0.7314,2
PCA_L_2_Random,sub-63,MLP_(Neural_Network),0.0707,0.0707,2
PCA_L_2_Random,sub-63,SVM,0.0223,0.0223,2
PCA_L_2_Random,sub-63,XGBoost,0.0427,0.0427,2
PCA_L_2_Random,sub-64,KNN,0.9069,0.9069,1
PCA_L_2_Random,sub-64,MLP_(Neural_Network),0.7226,0.7226,1
PCA_L_2_Random,sub-64,SVM,0.0,0.0,1
PCA_L_2_Random,sub-64,XGBoost,0.281,0.281,1
PCA_L_2_Random,sub-65,KNN,0.2761,0.2761,1
PCA_L_2_Random,sub-65,MLP_(Neural_Network),0.0,0.0,1
PCA_L_2_Random,sub-65,SVM,0.0037,0.0037,1
PCA_L_2_Random,sub-65,XGBoost,0.4278,0.4278,1
PCA_L_6_Random,sub-1,KNN,0.4008,0.4008,2
PCA_L_6_Random,sub-1,MLP_(Neural_Network),0.5013,0.5013,2
PCA_L_6_Random,sub-1,SVM,1.0,1.0,2
PCA_L_6_Random,sub-1,XGBoost,1.0,1.0,2
PCA_L_6_Random,sub-2,KNN,0.0306,0.1323,5
PCA_L_6_Random,sub-2,MLP_(Neural_Network),0.9809,0.9224,5
PCA_L_6_Random,sub-2,SVM,0.9082,0.9109,5
PCA_L_6_Random,sub-2,XGBoost,0.9579,0.961,5
PCA_L_6_Random,sub-3,KNN,0.1429,0.1429,2
PCA_L_6_Random,sub-3,MLP_(Neural_Network),1.0,1.0,2
PCA_L_6_Random,sub-3,SVM,0.9384,0.9384,2
PCA_L_6_Random,sub-3,XGBoost,0.9975,0.9975,2
PCA_L_6_Random,sub-4,KNN,0.6799,0.5205,5
PCA_L_6_Random,sub-4,MLP_(Neural_Network),1.0,1.0,5
PCA_L_6_Random,sub-4,SVM,1.0,1.0,5
PCA_L_6_Random,sub-4,XGBoost,0.9978,0.981,5
PCA_L_6_Random,sub-5,KNN,0.5871,0.5066,7
PCA_L_6_Random,sub-5,MLP_(Neural_Network),1.0,1.0,7
PCA_L_6_Random,sub-5,SVM,1.0,1.0,7
PCA_L_6_Random,sub-5,XGBoost,1.0,0.9349,7
PCA_L_6_Random,sub-6,KNN,0.0355,0.1385,7
PCA_L_6_Random,sub-6,MLP_(Neural_Network),0.8889,0.6805,7
PCA_L_6_Random,sub-6,SVM,0.8818,0.9017,7
PCA_L_6_Random,sub-6,XGBoost,0.8558,0.8234,7
PCA_L_6_Random,sub-7,KNN,0.4272,0.4375,4
PCA_L_6_Random,sub-7,MLP_(Neural_Network),0.997,0.7485,4
PCA_L_6_Random,sub-7,SVM,1.0,0.9995,4
PCA_L_6_Random,sub-7,XGBoost,0.9616,0.9591,4
PCA_L_6_Random,sub-8,KNN,0.2438,0.2535,7
PCA_L_6_Random,sub-8,MLP_(Neural_Network),1.0,1.0,7
PCA_L_6_Random,sub-8,SVM,1.0,0.9997,7
PCA_L_6_Random,sub-8,XGBoost,0.9639,0.9294,7
PCA_L_6_Random,sub-9,KNN,0.0751,0.0751,2
PCA_L_6_Random,sub-9,MLP_(Neural_Network),0.979,0.979,2
PCA_L_6_Random,sub-9,SVM,0.9901,0.9901,2
PCA_L_6_Random,sub-9,XGBoost,0.979,0.979,2
PCA_L_6_Random,sub-10,KNN,0.1371,0.1371,2
PCA_L_6_Random,sub-10,MLP_(Neural_Network),0.4941,0.4941,2
PCA_L_6_Random,sub-10,SVM,1.0,1.0,2
PCA_L_6_Random,sub-10,XGBoost,0.8226,0.8226,2
PCA_L_6_Random,sub-11,KNN,0.2464,0.2581,6
PCA_L_6_Random,sub-11,MLP_(Neural_Network),0.9976,0.8754,6
PCA_L_6_Random,sub-11,SVM,0.9564,0.9559,6
PCA_L_6_Random,sub-11,XGBoost,0.989,0.9838,6
PCA_L_6_Random,sub-12,KNN,0.4688,0.4688,2
PCA_L_6_Random,sub-12,MLP_(Neural_Network),0.9405,0.9405,2
PCA_L_6_Random,sub-12,SVM,0.9808,0.9808,2
PCA_L_6_Random,sub-12,XGBoost,0.999,0.999,2
PCA_L_6_Random,sub-13,KNN,0.471,0.5112,5
PCA_L_6_Random,sub-13,MLP_(Neural_Network),1.0,0.9973,5
PCA_L_6_Random,sub-13,SVM,1.0,1.0,5
PCA_L_6_Random,sub-13,XGBoost,0.8919,0.9247,5
PCA_L_6_Random,sub-14,KNN,0.0972,0.1757,5
PCA_L_6_Random,sub-14,MLP_(Neural_Network),1.0,0.9966,5
PCA_L_6_Random,sub-14,SVM,1.0,0.9996,5
PCA_L_6_Random,sub-14,XGBoost,0.957,0.7193,5
PCA_L_6_Random,sub-15,KNN,0.2297,0.3632,7
PCA_L_6_Random,sub-15,MLP_(Neural_Network),0.9932,0.9365,7
PCA_L_6_Random,sub-15,SVM,1.0,0.9585,7
PCA_L_6_Random,sub-15,XGBoost,0.9949,0.945,7
PCA_L_6_Random,sub-16,KNN,0.913,0.7742,3
PCA_L_6_Random,sub-16,MLP_(Neural_Network),1.0,0.9994,3
PCA_L_6_Random,sub-16,SVM,1.0,1.0,3
PCA_L_6_Random,sub-16,XGBoost,0.9573,0.9568,3
PCA_L_6_Random,sub-17,KNN,0.5733,0.5821,5
PCA_L_6_Random,sub-17,MLP_(Neural_Network),1.0,1.0,5
PCA_L_6_Random,sub-17,SVM,1.0,1.0,5
PCA_L_6_Random,sub-17,XGBoost,0.9982,0.9627,5
PCA_L_6_Random,sub-18,KNN,0.281,0.2805,4
PCA_L_6_Random,sub-18,MLP_(Neural_Network),1.0,1.0,4
PCA_L_6_Random,sub-18,SVM,1.0,0.9995,4
PCA_L_6_Random,sub-18,XGBoost,0.9874,0.8523,4
PCA_L_6_Random,sub-19,KNN,0.2817,0.3139,3
PCA_L_6_Random,sub-19,MLP_(Neural_Network),1.0,0.9989,3
PCA_L_6_Random,sub-19,SVM,1.0,0.9989,3
PCA_L_6_Random,sub-19,XGBoost,0.9967,0.9889,3
PCA_L_6_Random,sub-20,KNN,0.4831,0.473,3
PCA_L_6_Random,sub-20,MLP_(Neural_Network),1.0,0.9994,3
PCA_L_6_Random,sub-20,SVM,1.0,1.0,3
PCA_L_6_Random,sub-20,XGBoost,0.9162,0.9334,3
PCA_L_6_Random,sub-21,KNN,0.3832,0.4194,3
PCA_L_6_Random,sub-21,MLP_(Neural_Network),1.0,0.9989,3
PCA_L_6_Random,sub-21,SVM,1.0,1.0,3
PCA_L_6_Random,sub-21,XGBoost,0.9984,0.8158,3
PCA_L_6_Random,sub-22,KNN,0.2392,0.2392,2
PCA_L_6_Random,sub-22,MLP_(Neural_Network),0.999,0.999,2
PCA_L_6_Random,sub-22,SVM,0.9959,0.9959,2
PCA_L_6_Random,sub-22,XGBoost,0.9702,0.9702,2
PCA_L_6_Random,sub-23,KNN,0.274,0.274,2
PCA_L_6_Random,sub-23,MLP_(Neural_Network),1.0,1.0,2
PCA_L_6_Random,sub-23,SVM,0.9951,0.9951,2
PCA_L_6_Random,sub-23,XGBoost,1.0,1.0,2
PCA_L_6_Random,sub-24,KNN,0.7743,0.7895,3
PCA_L_6_Random,sub-24,MLP_(Neural_Network),1.0,1.0,3
PCA_L_6_Random,sub-24,SVM,1.0,1.0,3
PCA_L_6_Random,sub-24,XGBoost,0.9941,0.9901,3
PCA_L_6_Random,sub-25,KNN,0.0138,0.0996,3
PCA_L_6_Random,sub-25,MLP_(Neural_Network),0.8161,0.7548,3
PCA_L_6_Random,sub-25,SVM,0.6874,0.7847,3
PCA_L_6_Random,sub-25,XGBoost,0.6713,0.6276,3
PCA_L_6_Random,sub-26,KNN,0.1997,0.2916,4
PCA_L_6_Random,sub-26,MLP_(Neural_Network),1.0,1.0,4
PCA_L_6_Random,sub-26,SVM,1.0,1.0,4
PCA_L_6_Random,sub-26,XGBoost,0.9728,0.9504,4
PCA_L_6_Random,sub-27,KNN,0.2351,0.2678,4
PCA_L_6_Random,sub-27,MLP_(Neural_Network),1.0,0.8656,4
PCA_L_6_Random,sub-27,SVM,1.0,1.0,4
PCA_L_6_Random,sub-27,XGBoost,0.9798,0.9509,4
PCA_L_6_Random,sub-28,KNN,0.0363,0.1519,7
PCA_L_6_Random,sub-28,MLP_(Neural_Network),1.0,0.9997,7
PCA_L_6_Random,sub-28,SVM,1.0,1.0,7
PCA_L_6_Random,sub-28,XGBoost,0.9981,0.8727,7
PCA_L_6_Random,sub-29,KNN,0.2065,0.2774,3
PCA_L_6_Random,sub-29,MLP_(Neural_Network),1.0,1.0,3
PCA_L_6_Random,sub-29,SVM,1.0,1.0,3
PCA_L_6_Random,sub-29,XGBoost,0.9763,0.9763,3
PCA_L_6_Random,sub-30,KNN,0.6204,0.4947,4
PCA_L_6_Random,sub-30,MLP_(Neural_Network),1.0,1.0,4
PCA_L_6_Random,sub-30,SVM,1.0,1.0,4
PCA_L_6_Random,sub-30,XGBoost,0.9924,0.9642,4
PCA_L_6_Random,sub-31,KNN,0.1587,0.1587,2
PCA_L_6_Random,sub-31,MLP_(Neural_Network),0.9083,0.9083,2
PCA_L_6_Random,sub-31,SVM,0.8646,0.8646,2
PCA_L_6_Random,sub-31,XGBoost,0.7115,0.7115,2
PCA_L_6_Random,sub-32,KNN,0.2156,0.25,6
PCA_L_6_Random,sub-32,MLP_(Neural_Network),0.9723,0.7174,6
PCA_L_6_Random,sub-32,SVM,1.0,0.9996,6
PCA_L_6_Random,sub-32,XGBoost,0.9921,0.9176,6
PCA_L_6_Random,sub-33,KNN,0.3362,0.4234,3
PCA_L_6_Random,sub-33,MLP_(Neural_Network),1.0,1.0,3
PCA_L_6_Random,sub-33,SVM,1.0,1.0,3
PCA_L_6_Random,sub-33,XGBoost,1.0,0.9837,3
PCA_L_6_Random,sub-34,KNN,0.2883,0.4701,3
PCA_L_6_Random,sub-34,MLP_(Neural_Network),1.0,1.0,3
PCA_L_6_Random,sub-34,SVM,1.0,1.0,3
PCA_L_6_Random,sub-34,XGBoost,0.9572,0.9665,3
PCA_L_6_Random,sub-35,KNN,0.4004,0.4432,7
PCA_L_6_Random,sub-35,MLP_(Neural_Network),1.0,0.7151,7
PCA_L_6_Random,sub-35,SVM,1.0,1.0,7
PCA_L_6_Random,sub-35,XGBoost,0.994,0.8649,7
PCA_L_6_Random,sub-36,KNN,0.1919,0.1986,8
PCA_L_6_Random,sub-36,MLP_(Neural_Network),1.0,0.852,8
PCA_L_6_Random,sub-36,SVM,0.9982,0.9926,8
PCA_L_6_Random,sub-36,XGBoost,0.9865,0.9696,8
PCA_L_6_Random,sub-37,KNN,0.7425,0.8124,5
PCA_L_6_Random,sub-37,MLP_(Neural_Network),0.0599,0.1725,5
PCA_L_6_Random,sub-37,SVM,0.2774,0.2495,5
PCA_L_6_Random,sub-37,XGBoost,0.1397,0.1948,5
PCA_L_6_Random,sub-38,KNN,0.4786,0.5125,6
PCA_L_6_Random,sub-38,MLP_(Neural_Network),0.0152,0.3381,6
PCA_L_6_Random,sub-38,SVM,0.0,0.0045,6
PCA_L_6_Random,sub-38,XGBoost,0.0312,0.0464,6
PCA_L_6_Random,sub-39,KNN,0.9082,0.8008,4
PCA_L_6_Random,sub-39,MLP_(Neural_Network),0.1961,0.1974,4
PCA_L_6_Random,sub-39,SVM,0.074,0.1859,4
PCA_L_6_Random,sub-39,XGBoost,0.2861,0.2651,4
PCA_L_6_Random,sub-40,KNN,0.8642,0.7862,5
PCA_L_6_Random,sub-40,MLP_(Neural_Network),0.0197,0.0976,5
PCA_L_6_Random,sub-40,SVM,0.3169,0.2315,5
PCA_L_6_Random,sub-40,XGBoost,0.1732,0.2425,5
PCA_L_6_Random,sub-41,KNN,0.9002,0.7867,8
PCA_L_6_Random,sub-41,MLP_(Neural_Network),0.0564,0.054,8
PCA_L_6_Random,sub-41,SVM,0.0816,0.0614,8
PCA_L_6_Random,sub-41,XGBoost,0.0938,0.1374,8
PCA_L_6_Random,sub-42,KNN,0.7722,0.7847,4
PCA_L_6_Random,sub-42,MLP_(Neural_Network),0.0631,0.0592,4
PCA_L_6_Random,sub-42,SVM,0.0498,0.0903,4
PCA_L_6_Random,sub-42,XGBoost,0.1174,0.133,4
PCA_L_6_Random,sub-43,KNN,0.2201,0.3425,5
PCA_L_6_Random,sub-43,MLP_(Neural_Network),0.0317,0.3425,5
PCA_L_6_Random,sub-43,SVM,0.0037,0.0034,5
PCA_L_6_Random,sub-43,XGBoost,0.0093,0.0515,5
PCA_L_6_Random,sub-44,KNN,0.7842,0.8154,11
PCA_L_6_Random,sub-44,MLP_(Neural_Network),0.2397,0.3456,11
PCA_L_6_Random,sub-44,SVM,0.2979,0.2446,11
PCA_L_6_Random,sub-44,XGBoost,0.1678,0.2277,11
PCA_L_6_Random,sub-45,KNN,0.8002,0.7382,8
PCA_L_6_Random,sub-45,MLP_(Neural_Network),0.0009,0.008,8
PCA_L_6_Random,sub-45,SVM,0.0039,0.0036,8
PCA_L_6_Random,sub-45,XGBoost,0.0009,0.008,8
PCA_L_6_Random,sub-46,KNN,0.9334,0.9334,2
PCA_L_6_Random,sub-46,MLP_(Neural_Network),0.6441,0.6441,2
PCA_L_6_Random,sub-46,SVM,0.1226,0.1226,2
PCA_L_6_Random,sub-46,XGBoost,0.399,0.399,2
PCA_L_6_Random,sub-47,KNN,0.9294,0.9416,5
PCA_L_6_Random,sub-47,MLP_(Neural_Network),0.0,0.018,5
PCA_L_6_Random,sub-47,SVM,0.1373,0.1377,5
PCA_L_6_Random,sub-47,XGBoost,0.1157,0.2475,5
PCA_L_6_Random,sub-48,KNN,0.9395,0.8866,4
PCA_L_6_Random,sub-48,MLP_(Neural_Network),0.0558,0.1569,4
PCA_L_6_Random,sub-48,SVM,0.0085,0.009,4
PCA_L_6_Random,sub-48,XGBoost,0.31,0.3105,4
PCA_L_6_Random,sub-49,KNN,0.9586,0.964,6
PCA_L_6_Random,sub-49,MLP_(Neural_Network),0.1098,0.2861,6
PCA_L_6_Random,sub-49,SVM,0.1551,0.2097,6
PCA_L_6_Random,sub-49,XGBoost,0.1406,0.2749,6
PCA_L_6_Random,sub-50,KNN,0.4061,0.4061,2
PCA_L_6_Random,sub-50,MLP_(Neural_Network),0.501,0.501,2
PCA_L_6_Random,sub-50,SVM,0.0,0.0,2
PCA_L_6_Random,sub-50,XGBoost,0.0282,0.0282,2
PCA_L_6_Random,sub-51,KNN,0.8147,0.7367,6
PCA_L_6_Random,sub-51,MLP_(Neural_Network),0.0,0.0336,6
PCA_L_6_Random,sub-51,SVM,0.005,0.0116,6
PCA_L_6_Random,sub-51,XGBoost,0.0212,0.0879,6
PCA_L_6_Random,sub-52,KNN,0.5268,0.5268,2
PCA_L_6_Random,sub-52,MLP_(Neural_Network),0.4583,0.4583,2
PCA_L_6_Random,sub-52,SVM,0.2311,0.2311,2
PCA_L_6_Random,sub-52,XGBoost,0.1637,0.1637,2
PCA_L_6_Random,sub-53,KNN,0.7673,0.7174,4
PCA_L_6_Random,sub-53,MLP_(Neural_Network),0.0,0.0047,4
PCA_L_6_Random,sub-53,SVM,0.1663,0.1721,4
PCA_L_6_Random,sub-53,XGBoost,0.0568,0.0968,4
PCA_L_6_Random,sub-54,KNN,0.9066,0.8484,6
PCA_L_6_Random,sub-54,MLP_(Neural_Network),0.2066,0.2009,6
PCA_L_6_Random,sub-54,SVM,0.1386,0.1481,6
PCA_L_6_Random,sub-54,XGBoost,0.0406,0.1349,6
PCA_L_6_Random,sub-55,KNN,0.5427,0.5962,5
PCA_L_6_Random,sub-55,MLP_(Neural_Network),0.112,0.3465,5
PCA_L_6_Random,sub-55,SVM,0.0398,0.1199,5
PCA_L_6_Random,sub-55,XGBoost,0.1309,0.2118,5
PCA_L_6_Random,sub-56,KNN,0.9617,0.9676,3
PCA_L_6_Random,sub-56,MLP_(Neural_Network),0.0,0.0,3
PCA_L_6_Random,sub-56,SVM,0.2537,0.2222,3
PCA_L_6_Random,sub-56,XGBoost,0.3038,0.2163,3
PCA_L_6_Random,sub-57,KNN,0.8413,0.8022,7
PCA_L_6_Random,sub-57,MLP_(Neural_Network),0.0172,0.1603,7
PCA_L_6_Random,sub-57,SVM,0.0478,0.0519,7
PCA_L_6_Random,sub-57,XGBoost,0.413,0.4114,7
PCA_L_6_Random,sub-58,KNN,0.6746,0.7128,5
PCA_L_6_Random,sub-58,MLP_(Neural_Network),0.0178,0.1203,5
PCA_L_6_Random,sub-58,SVM,0.0454,0.073,5
PCA_L_6_Random,sub-58,XGBoost,0.1381,0.2091,5
PCA_L_6_Random,sub-59,KNN,0.5781,0.5591,4
PCA_L_6_Random,sub-59,MLP_(Neural_Network),0.0,0.0,4
PCA_L_6_Random,sub-59,SVM,0.0,0.0,4
PCA_L_6_Random,sub-59,XGBoost,0.0,0.2205,4
PCA_L_6_Random,sub-60,KNN,0.7473,0.7174,10
PCA_L_6_Random,sub-60,MLP_(Neural_Network),0.0,0.0,10
PCA_L_6_Random,sub-60,SVM,0.0,0.0,10
PCA_L_6_Random,sub-60,XGBoost,0.0021,0.1034,10
PCA_L_6_Random,sub-61,KNN,0.8471,0.7843,6
PCA_L_6_Random,sub-61,MLP_(Neural_Network),0.0255,0.1941,6
PCA_L_6_Random,sub-61,SVM,0.0461,0.0578,6
PCA_L_6_Random,sub-61,XGBoost,0.1784,0.3226,6
PCA_L_6_Random,sub-62,KNN,0.9306,0.9487,3
PCA_L_6_Random,sub-62,MLP_(Neural_Network),0.0034,0.0028,3
PCA_L_6_Random,sub-62,SVM,0.555,0.5229,3
PCA_L_6_Random,sub-62,XGBoost,0.3181,0.3959,3
PCA_L_6_Random,sub-63,KNN,0.961,0.8488,3
PCA_L_6_Random,sub-63,MLP_(Neural_Network),0.013,0.026,3
PCA_L_6_Random,sub-63,SVM,0.0,0.0062,3
PCA_L_6_Random,sub-63,XGBoost,0.052,0.0595,3
PCA_L_6_Random,sub-64,KNN,0.9334,0.924,6
PCA_L_6_Random,sub-64,MLP_(Neural_Network),0.1998,0.41,6
PCA_L_6_Random,sub-64,SVM,0.489,0.4267,6
PCA_L_6_Random,sub-64,XGBoost,0.313,0.3786,6
PCA_L_6_Random,sub-65,KNN,0.6124,0.5049,5
PCA_L_6_Random,sub-65,MLP_(Neural_Network),0.0018,0.0563,5
PCA_L_6_Random,sub-65,SVM,0.0,0.0004,5
PCA_L_6_Random,sub-65,XGBoost,0.0018,0.1583,5
PCA_L_6_Uniform,sub-1,KNN,0.3029,0.3029,1
PCA_L_6_Uniform,sub-1,MLP_(Neural_Network),1.0,1.0,1
PCA_L_6_Uniform,sub-1,SVM,1.0,1.0,1
PCA_L_6_Uniform,sub-1,XGBoost,0.9608,0.9608,1
PCA_L_6_Uniform,sub-2,KNN,0.0822,0.0822,1
PCA_L_6_Uniform,sub-2,MLP_(Neural_Network),1.0,1.0,1
PCA_L_6_Uniform,sub-2,SVM,0.912,0.912,1
PCA_L_6_Uniform,sub-2,XGBoost,0.8566,0.8566,1
PCA_L_6_Uniform,sub-3,KNN,0.069,0.069,1
PCA_L_6_Uniform,sub-3,MLP_(Neural_Network),1.0,1.0,1
PCA_L_6_Uniform,sub-3,SVM,0.9655,0.9655,1
PCA_L_6_Uniform,sub-3,XGBoost,0.7882,0.7882,1
PCA_L_6_Uniform,sub-4,KNN,0.0088,0.0088,1
PCA_L_6_Uniform,sub-4,MLP_(Neural_Network),1.0,1.0,1
PCA_L_6_Uniform,sub-4,SVM,1.0,1.0,1
PCA_L_6_Uniform,sub-4,XGBoost,1.0,1.0,1
PCA_L_6_Uniform,sub-5,KNN,0.0022,0.0022,1
PCA_L_6_Uniform,sub-5,MLP_(Neural_Network),1.0,1.0,1
PCA_L_6_Uniform,sub-5,SVM,1.0,1.0,1
PCA_L_6_Uniform,sub-5,XGBoost,1.0,1.0,1
PCA_L_6_Uniform,sub-6,KNN,0.0236,0.0236,1
PCA_L_6_Uniform,sub-6,MLP_(Neural_Network),0.9598,0.9598,1
PCA_L_6_Uniform,sub-6,SVM,1.0,1.0,1
PCA_L_6_Uniform,sub-6,XGBoost,0.9858,0.9858,1
PCA_L_6_Uniform,sub-7,KNN,0.0197,0.0197,1
PCA_L_6_Uniform,sub-7,MLP_(Neural_Network),0.998,0.998,1
PCA_L_6_Uniform,sub-7,SVM,1.0,1.0,1
PCA_L_6_Uniform,sub-7,XGBoost,0.1654,0.1654,1
PCA_L_6_Uniform,sub-8,KNN,0.0451,0.0451,1
PCA_L_6_Uniform,sub-8,MLP_(Neural_Network),0.9977,0.9977,1
PCA_L_6_Uniform,sub-8,SVM,0.9977,0.9977,1
PCA_L_6_Uniform,sub-8,XGBoost,0.088,0.088,1
PCA_L_6_Uniform,sub-9,KNN,0.0468,0.0468,1
PCA_L_6_Uniform,sub-9,MLP_(Neural_Network),0.9901,0.9901,1
PCA_L_6_Uniform,sub-9,SVM,0.9901,0.9901,1
PCA_L_6_Uniform,sub-9,XGBoost,0.2192,0.2192,1
PCA_L_6_Uniform,sub-10,KNN,0.0047,0.0047,1
PCA_L_6_Uniform,sub-10,MLP_(Neural_Network),0.986,0.986,1
PCA_L_6_Uniform,sub-10,SVM,0.9883,0.9883,1
PCA_L_6_Uniform,sub-10,XGBoost,0.9125,0.9125,1
PCA_L_6_Uniform,sub-11,KNN,0.0316,0.0316,1
PCA_L_6_Uniform,sub-11,MLP_(Neural_Network),0.9612,0.9612,1
PCA_L_6_Uniform,sub-11,SVM,0.9466,0.9466,1
PCA_L_6_Uniform,sub-11,XGBoost,0.7063,0.7063,1
PCA_L_6_Uniform,sub-12,KNN,0.006,0.006,1
PCA_L_6_Uniform,sub-12,MLP_(Neural_Network),0.9738,0.9738,1
PCA_L_6_Uniform,sub-12,SVM,0.9718,0.9718,1
PCA_L_6_Uniform,sub-12,XGBoost,0.9032,0.9032,1
PCA_L_6_Uniform,sub-13,KNN,0.0039,0.0039,1
PCA_L_6_Uniform,sub-13,MLP_(Neural_Network),0.0,0.0,1
PCA_L_6_Uniform,sub-13,SVM,1.0,1.0,1
PCA_L_6_Uniform,sub-13,XGBoost,0.9942,0.9942,1
PCA_L_6_Uniform,sub-14,KNN,0.0131,0.0131,1
PCA_L_6_Uniform,sub-14,MLP_(Neural_Network),0.0,0.0,1
PCA_L_6_Uniform,sub-14,SVM,1.0,1.0,1
PCA_L_6_Uniform,sub-14,XGBoost,0.9757,0.9757,1
PCA_L_6_Uniform,sub-15,KNN,0.0084,0.0084,1
PCA_L_6_Uniform,sub-15,MLP_(Neural_Network),0.0,0.0,1
PCA_L_6_Uniform,sub-15,SVM,1.0,1.0,1
PCA_L_6_Uniform,sub-15,XGBoost,0.8649,0.8649,1
PCA_L_6_Uniform,sub-16,KNN,0.3208,0.3208,1
PCA_L_6_Uniform,sub-16,MLP_(Neural_Network),1.0,1.0,1
PCA_L_6_Uniform,sub-16,SVM,1.0,1.0,1
PCA_L_6_Uniform,sub-16,XGBoost,0.9881,0.9881,1
PCA_L_6_Uniform,sub-17,KNN,0.3223,0.3223,1
PCA_L_6_Uniform,sub-17,MLP_(Neural_Network),1.0,1.0,1
PCA_L_6_Uniform,sub-17,SVM,1.0,1.0,1
PCA_L_6_Uniform,sub-17,XGBoost,0.9689,0.9689,1
PCA_L_6_Uniform,sub-18,KNN,0.3716,0.3716,1
PCA_L_6_Uniform,sub-18,MLP_(Neural_Network),1.0,1.0,1
PCA_L_6_Uniform,sub-18,SVM,1.0,1.0,1
PCA_L_6_Uniform,sub-18,XGBoost,0.9623,0.9623,1
PCA_L_6_Uniform,sub-19,KNN,0.7267,0.7267,1
PCA_L_6_Uniform,sub-19,MLP_(Neural_Network),0.9967,0.9967,1
PCA_L_6_Uniform,sub-19,SVM,1.0,1.0,1
PCA_L_6_Uniform,sub-19,XGBoost,0.9967,0.9967,1
PCA_L_6_Uniform,sub-20,KNN,0.8503,0.8503,1
PCA_L_6_Uniform,sub-20,MLP_(Neural_Network),1.0,1.0,1
PCA_L_6_Uniform,sub-20,SVM,1.0,1.0,1
PCA_L_6_Uniform,sub-20,XGBoost,0.9982,0.9982,1
PCA_L_6_Uniform,sub-21,KNN,0.7664,0.7664,1
PCA_L_6_Uniform,sub-21,MLP_(Neural_Network),1.0,1.0,1
PCA_L_6_Uniform,sub-21,SVM,1.0,1.0,1
PCA_L_6_Uniform,sub-21,XGBoost,1.0,1.0,1
PCA_L_6_Uniform,sub-22,KNN,0.3963,0.3963,1
PCA_L_6_Uniform,sub-22,MLP_(Neural_Network),1.0,1.0,1
PCA_L_6_Uniform,sub-22,SVM,1.0,1.0,1
PCA_L_6_Uniform,sub-22,XGBoost,1.0,1.0,1
PCA_L_6_Uniform,sub-23,KNN,0.3131,0.3131,1
PCA_L_6_Uniform,sub-23,MLP_(Neural_Network),1.0,1.0,1
PCA_L_6_Uniform,sub-23,SVM,1.0,1.0,1
PCA_L_6_Uniform,sub-23,XGBoost,1.0,1.0,1
PCA_L_6_Uniform,sub-24,KNN,0.3723,0.3723,1
PCA_L_6_Uniform,sub-24,MLP_(Neural_Network),1.0,1.0,1
PCA_L_6_Uniform,sub-24,SVM,1.0,1.0,1
PCA_L_6_Uniform,sub-24,XGBoost,1.0,1.0,1
PCA_L_6_Uniform,sub-25,KNN,0.0092,0.0092,1
PCA_L_6_Uniform,sub-25,MLP_(Neural_Network),0.9839,0.9839,1
PCA_L_6_Uniform,sub-25,SVM,0.9057,0.9057,1
PCA_L_6_Uniform,sub-25,XGBoost,0.8,0.8,1
PCA_L_6_Uniform,sub-26,KNN,0.005,0.005,1
PCA_L_6_Uniform,sub-26,MLP_(Neural_Network),1.0,1.0,1
PCA_L_6_Uniform,sub-26,SVM,1.0,1.0,1
PCA_L_6_Uniform,sub-26,XGBoost,1.0,1.0,1
PCA_L_6_Uniform,sub-27,KNN,0.0173,0.0173,1
PCA_L_6_Uniform,sub-27,MLP_(Neural_Network),1.0,1.0,1
PCA_L_6_Uniform,sub-27,SVM,1.0,1.0,1
PCA_L_6_Uniform,sub-27,XGBoost,0.9981,0.9981,1
PCA_L_6_Uniform,sub-28,KNN,0.0516,0.0516,1
PCA_L_6_Uniform,sub-28,MLP_(Neural_Network),1.0,1.0,1
PCA_L_6_Uniform,sub-28,SVM,1.0,1.0,1
PCA_L_6_Uniform,sub-28,XGBoost,1.0,1.0,1
PCA_L_6_Uniform,sub-29,KNN,0.0366,0.0366,1
PCA_L_6_Uniform,sub-29,MLP_(Neural_Network),1.0,1.0,1
PCA_L_6_Uniform,sub-29,SVM,1.0,1.0,1
PCA_L_6_Uniform,sub-29,XGBoost,1.0,1.0,1
PCA_L_6_Uniform,sub-30,KNN,0.0183,0.0183,1
PCA_L_6_Uniform,sub-30,MLP_(Neural_Network),1.0,1.0,1
PCA_L_6_Uniform,sub-30,SVM,1.0,1.0,1
PCA_L_6_Uniform,sub-30,XGBoost,1.0,1.0,1
PCA_L_6_Uniform,sub-31,KNN,0.0127,0.0127,1
PCA_L_6_Uniform,sub-31,MLP_(Neural_Network),0.9379,0.9379,1
PCA_L_6_Uniform,sub-31,SVM,0.8322,0.8322,1
PCA_L_6_Uniform,sub-31,XGBoost,0.9661,0.9661,1
PCA_L_6_Uniform,sub-32,KNN,0.0185,0.0185,1
PCA_L_6_Uniform,sub-32,MLP_(Neural_Network),1.0,1.0,1
PCA_L_6_Uniform,sub-32,SVM,0.9974,0.9974,1
PCA_L_6_Uniform,sub-32,XGBoost,0.9894,0.9894,1
PCA_L_6_Uniform,sub-33,KNN,0.0128,0.0128,1
PCA_L_6_Uniform,sub-33,MLP_(Neural_Network),1.0,1.0,1
PCA_L_6_Uniform,sub-33,SVM,0.9979,0.9979,1
PCA_L_6_Uniform,sub-33,XGBoost,0.9915,0.9915,1
PCA_L_6_Uniform,sub-34,KNN,0.7282,0.7282,1
PCA_L_6_Uniform,sub-34,MLP_(Neural_Network),1.0,1.0,1
PCA_L_6_Uniform,sub-34,SVM,1.0,1.0,1
PCA_L_6_Uniform,sub-34,XGBoost,1.0,1.0,1
PCA_L_6_Uniform,sub-35,KNN,0.7243,0.7243,1
PCA_L_6_Uniform,sub-35,MLP_(Neural_Network),1.0,1.0,1
PCA_L_6_Uniform,sub-35,SVM,1.0,1.0,1
PCA_L_6_Uniform,sub-35,XGBoost,1.0,1.0,1
PCA_L_6_Uniform,sub-36,KNN,0.6955,0.6955,1
PCA_L_6_Uniform,sub-36,MLP_(Neural_Network),1.0,1.0,1
PCA_L_6_Uniform,sub-36,SVM,1.0,1.0,1
PCA_L_6_Uniform,sub-36,XGBoost,1.0,1.0,1
PCA_L_6_Uniform,sub-37,KNN,0.9382,0.9382,2
PCA_L_6_Uniform,sub-37,MLP_(Neural_Network),0.003,0.003,2
PCA_L_6_Uniform,sub-37,SVM,0.0978,0.0978,2
PCA_L_6_Uniform,sub-37,XGBoost,0.1377,0.1377,2
PCA_L_6_Uniform,sub-38,KNN,0.9589,0.9589,2
PCA_L_6_Uniform,sub-38,MLP_(Neural_Network),0.017,0.017,2
PCA_L_6_Uniform,sub-38,SVM,0.0714,0.0714,2
PCA_L_6_Uniform,sub-38,XGBoost,0.1447,0.1447,2
PCA_L_6_Uniform,sub-39,KNN,0.8976,0.8976,2
PCA_L_6_Uniform,sub-39,MLP_(Neural_Network),0.2754,0.2754,2
PCA_L_6_Uniform,sub-39,SVM,0.5794,0.5794,2
PCA_L_6_Uniform,sub-39,XGBoost,0.2959,0.2959,2
PCA_L_6_Uniform,sub-40,KNN,0.9891,0.9891,2
PCA_L_6_Uniform,sub-40,MLP_(Neural_Network),0.2136,0.2136,2
PCA_L_6_Uniform,sub-40,SVM,0.2097,0.2097,2
PCA_L_6_Uniform,sub-40,XGBoost,0.0708,0.0708,2
PCA_L_6_Uniform,sub-41,KNN,0.6754,0.6754,2
PCA_L_6_Uniform,sub-41,MLP_(Neural_Network),0.0703,0.0703,2
PCA_L_6_Uniform,sub-41,SVM,0.0,0.0,2
PCA_L_6_Uniform,sub-41,XGBoost,0.0382,0.0382,2
PCA_L_6_Uniform,sub-42,KNN,0.7028,0.7028,2
PCA_L_6_Uniform,sub-42,MLP_(Neural_Network),0.1895,0.1895,2
PCA_L_6_Uniform,sub-42,SVM,0.0,0.0,2
PCA_L_6_Uniform,sub-42,XGBoost,0.0152,0.0152,2
PCA_L_6_Uniform,sub-43,KNN,0.6427,0.6427,2
PCA_L_6_Uniform,sub-43,MLP_(Neural_Network),0.0037,0.0037,2
PCA_L_6_Uniform,sub-43,SVM,0.0037,0.0037,2
PCA_L_6_Uniform,sub-43,XGBoost,0.4888,0.4888,2
PCA_L_6_Uniform,sub-44,KNN,0.9812,0.9812,1
PCA_L_6_Uniform,sub-44,MLP_(Neural_Network),0.4555,0.4555,1
PCA_L_6_Uniform,sub-44,SVM,0.4606,0.4606,1
PCA_L_6_Uniform,sub-44,XGBoost,0.9418,0.9418,1
PCA_L_6_Uniform,sub-45,KNN,0.973,0.973,1
PCA_L_6_Uniform,sub-45,MLP_(Neural_Network),0.0097,0.0097,1
PCA_L_6_Uniform,sub-45,SVM,0.0077,0.0077,1
PCA_L_6_Uniform,sub-45,XGBoost,0.9517,0.9517,1
PCA_L_6_Uniform,sub-46,KNN,0.9591,0.9591,1
PCA_L_6_Uniform,sub-46,MLP_(Neural_Network),0.314,0.314,1
PCA_L_6_Uniform,sub-46,SVM,0.372,0.372,1
PCA_L_6_Uniform,sub-46,XGBoost,0.5247,0.5247,1
PCA_L_6_Uniform,sub-47,KNN,0.9941,0.9941,1
PCA_L_6_Uniform,sub-47,MLP_(Neural_Network),0.1863,0.1863,1
PCA_L_6_Uniform,sub-47,SVM,0.2078,0.2078,1
PCA_L_6_Uniform,sub-47,XGBoost,0.3412,0.3412,1
PCA_L_6_Uniform,sub-48,KNN,0.9905,0.9905,1
PCA_L_6_Uniform,sub-48,MLP_(Neural_Network),0.3459,0.3459,1
PCA_L_6_Uniform,sub-48,SVM,0.3422,0.3422,1
PCA_L_6_Uniform,sub-48,XGBoost,0.4405,0.4405,1
PCA_L_6_Uniform,sub-49,KNN,0.9981,0.9981,1
PCA_L_6_Uniform,sub-49,MLP_(Neural_Network),1.0,1.0,1
PCA_L_6_Uniform,sub-49,SVM,0.0,0.0,1
PCA_L_6_Uniform,sub-49,XGBoost,0.3487,0.3487,1
PCA_L_6_Uniform,sub-50,KNN,0.9896,0.9896,1
PCA_L_6_Uniform,sub-50,MLP_(Neural_Network),1.0,1.0,1
PCA_L_6_Uniform,sub-50,SVM,0.0,0.0,1
PCA_L_6_Uniform,sub-50,XGBoost,0.023,0.023,1
PCA_L_6_Uniform,sub-51,KNN,0.9975,0.9975,1
PCA_L_6_Uniform,sub-51,MLP_(Neural_Network),1.0,1.0,1
PCA_L_6_Uniform,sub-51,SVM,0.0,0.0,1
PCA_L_6_Uniform,sub-51,XGBoost,0.0373,0.0373,1
PCA_L_6_Uniform,sub-52,KNN,0.8175,0.8175,1
PCA_L_6_Uniform,sub-52,MLP_(Neural_Network),0.125,0.125,1
PCA_L_6_Uniform,sub-52,SVM,0.0317,0.0317,1
PCA_L_6_Uniform,sub-52,XGBoost,0.0952,0.0952,1
PCA_L_6_Uniform,sub-53,KNN,0.7411,0.7411,1
PCA_L_6_Uniform,sub-53,MLP_(Neural_Network),0.0379,0.0379,1
PCA_L_6_Uniform,sub-53,SVM,0.0021,0.0021,1
PCA_L_6_Uniform,sub-53,XGBoost,0.0484,0.0484,1
PCA_L_6_Uniform,sub-54,KNN,0.8491,0.8491,1
PCA_L_6_Uniform,sub-54,MLP_(Neural_Network),0.017,0.017,1
PCA_L_6_Uniform,sub-54,SVM,0.0019,0.0019,1
PCA_L_6_Uniform,sub-54,XGBoost,0.0377,0.0377,1
PCA_L_6_Uniform,sub-55,KNN,0.592,0.592,1
PCA_L_6_Uniform,sub-55,MLP_(Neural_Network),0.1917,0.1917,1
PCA_L_6_Uniform,sub-55,SVM,0.0474,0.0474,1
PCA_L_6_Uniform,sub-55,XGBoost,0.0702,0.0702,1
PCA_L_6_Uniform,sub-56,KNN,0.8584,0.8584,1
PCA_L_6_Uniform,sub-56,MLP_(Neural_Network),0.0649,0.0649,1
PCA_L_6_Uniform,sub-56,SVM,0.0354,0.0354,1
PCA_L_6_Uniform,sub-56,XGBoost,0.0029,0.0029,1
PCA_L_6_Uniform,sub-57,KNN,0.6692,0.6692,1
PCA_L_6_Uniform,sub-57,MLP_(Neural_Network),0.0421,0.0421,1
PCA_L_6_Uniform,sub-57,SVM,0.0,0.0,1
PCA_L_6_Uniform,sub-57,XGBoost,0.0459,0.0459,1
PCA_L_6_Uniform,sub-58,KNN,0.8126,0.8126,1
PCA_L_6_Uniform,sub-58,MLP_(Neural_Network),0.002,0.002,1
PCA_L_6_Uniform,sub-58,SVM,0.0,0.0,1
PCA_L_6_Uniform,sub-58,XGBoost,0.002,0.002,1
PCA_L_6_Uniform,sub-59,KNN,0.7048,0.7048,1
PCA_L_6_Uniform,sub-59,MLP_(Neural_Network),0.0,0.0,1
PCA_L_6_Uniform,sub-59,SVM,0.0,0.0,1
PCA_L_6_Uniform,sub-59,XGBoost,0.0,0.0,1
PCA_L_6_Uniform,sub-60,KNN,0.6934,0.6934,1
PCA_L_6_Uniform,sub-60,MLP_(Neural_Network),0.0,0.0,1
PCA_L_6_Uniform,sub-60,SVM,0.0,0.0,1
PCA_L_6_Uniform,sub-60,XGBoost,0.0,0.0,1
PCA_L_6_Uniform,sub-61,KNN,0.9902,0.9902,1
PCA_L_6_Uniform,sub-61,MLP_(Neural_Network),0.0176,0.0176,1
PCA_L_6_Uniform,sub-61,SVM,0.0373,0.0373,1
PCA_L_6_Uniform,sub-61,XGBoost,0.0667,0.0667,1
PCA_L_6_Uniform,sub-62,KNN,0.9865,0.9865,1
PCA_L_6_Uniform,sub-62,MLP_(Neural_Network),0.0102,0.0102,1
PCA_L_6_Uniform,sub-62,SVM,0.1015,0.1015,1
PCA_L_6_Uniform,sub-62,XGBoost,0.1861,0.1861,1
PCA_L_6_Uniform,sub-63,KNN,0.9926,0.9926,1
PCA_L_6_Uniform,sub-63,MLP_(Neural_Network),0.0,0.0,1
PCA_L_6_Uniform,sub-63,SVM,0.0,0.0,1
PCA_L_6_Uniform,sub-63,XGBoost,0.0093,0.0093,1
PCA_L_6_Uniform,sub-64,KNN,0.969,0.969,1
PCA_L_6_Uniform,sub-64,MLP_(Neural_Network),0.0,0.0,1
PCA_L_6_Uniform,sub-64,SVM,0.2172,0.2172,1
PCA_L_6_Uniform,sub-64,XGBoost,0.3266,0.3266,1
PCA_L_6_Uniform,sub-65,KNN,0.8921,0.8921,1
PCA_L_6_Uniform,sub-65,MLP_(Neural_Network),0.0,0.0,1
PCA_L_6_Uniform,sub-65,SVM,0.0,0.0,1
PCA_L_6_Uniform,sub-65,XGBoost,0.0018,0.0018,1
